Fips,Name,Population,Longitude,Latitude,Km2,UrbanDensity,UrbanPercent,Emp-1133,Est-1133,Pay-1133,Emp-1151,Est-1151,Pay-1151,Emp-1152,Est-1152,Pay-1152,Emp-1153,Est-1153,Pay-1153,Emp-2111,Est-2111,Pay-2111,Emp-2121,Est-2121,Pay-2121,Emp-2122,Est-2122,Pay-2122,Emp-2123,Est-2123,Pay-2123,Emp-2131,Est-2131,Pay-2131,Emp-2211,Est-2211,Pay-2211,Emp-2212,Est-2212,Pay-2212,Emp-2213,Est-2213,Pay-2213,Emp-2361,Est-2361,Pay-2361,Emp-2362,Est-2362,Pay-2362,Emp-2371,Est-2371,Pay-2371,Emp-2372,Est-2372,Pay-2372,Emp-2373,Est-2373,Pay-2373,Emp-2379,Est-2379,Pay-2379,Emp-2381,Est-2381,Pay-2381,Emp-2382,Est-2382,Pay-2382,Emp-2383,Est-2383,Pay-2383,Emp-2389,Est-2389,Pay-2389,Emp-3111,Est-3111,Pay-3111,Emp-3113,Est-3113,Pay-3113,Emp-3114,Est-3114,Pay-3114,Emp-3115,Est-3115,Pay-3115,Emp-3116,Est-3116,Pay-3116,Emp-3118,Est-3118,Pay-3118,Emp-3119,Est-3119,Pay-3119,Emp-3121,Est-3121,Pay-3121,Emp-3149,Est-3149,Pay-3149,Emp-3152,Est-3152,Pay-3152,Emp-3169,Est-3169,Pay-3169,Emp-3219,Est-3219,Pay-3219,Emp-3222,Est-3222,Pay-3222,Emp-3231,Est-3231,Pay-3231,Emp-3241,Est-3241,Pay-3241,Emp-3251,Est-3251,Pay-3251,Emp-3254,Est-3254,Pay-3254,Emp-3256,Est-3256,Pay-3256,Emp-3259,Est-3259,Pay-3259,Emp-3261,Est-3261,Pay-3261,Emp-3271,Est-3271,Pay-3271,Emp-3272,Est-3272,Pay-3272,Emp-3273,Est-3273,Pay-3273,Emp-3279,Est-3279,Pay-3279,Emp-3311,Est-3311,Pay-3311,Emp-3314,Est-3314,Pay-3314,Emp-3321,Est-3321,Pay-3321,Emp-3322,Est-3322,Pay-3322,Emp-3323,Est-3323,Pay-3323,Emp-3324,Est-3324,Pay-3324,Emp-3327,Est-3327,Pay-3327,Emp-3328,Est-3328,Pay-3328,Emp-3329,Est-3329,Pay-3329,Emp-3331,Est-3331,Pay-3331,Emp-3332,Est-3332,Pay-3332,Emp-3333,Est-3333,Pay-3333,Emp-3335,Est-3335,Pay-3335,Emp-3339,Est-3339,Pay-3339,Emp-3342,Est-3342,Pay-3342,Emp-3344,Est-3344,Pay-3344,Emp-3345,Est-3345,Pay-3345,Emp-3359,Est-3359,Pay-3359,Emp-3363,Est-3363,Pay-3363,Emp-3364,Est-3364,Pay-3364,Emp-3371,Est-3371,Pay-3371,Emp-3372,Est-3372,Pay-3372,Emp-3391,Est-3391,Pay-3391,Emp-3399,Est-3399,Pay-3399,Emp-4231,Est-4231,Pay-4231,Emp-4232,Est-4232,Pay-4232,Emp-4233,Est-4233,Pay-4233,Emp-4234,Est-4234,Pay-4234,Emp-4235,Est-4235,Pay-4235,Emp-4236,Est-4236,Pay-4236,Emp-4237,Est-4237,Pay-4237,Emp-4238,Est-4238,Pay-4238,Emp-4239,Est-4239,Pay-4239,Emp-4241,Est-4241,Pay-4241,Emp-4242,Est-4242,Pay-4242,Emp-4243,Est-4243,Pay-4243,Emp-4244,Est-4244,Pay-4244,Emp-4245,Est-4245,Pay-4245,Emp-4246,Est-4246,Pay-4246,Emp-4247,Est-4247,Pay-4247,Emp-4248,Est-4248,Pay-4248,Emp-4249,Est-4249,Pay-4249,Emp-4251,Est-4251,Pay-4251,Emp-4411,Est-4411,Pay-4411,Emp-4412,Est-4412,Pay-4412,Emp-4413,Est-4413,Pay-4413,Emp-4421,Est-4421,Pay-4421,Emp-4422,Est-4422,Pay-4422,Emp-4431,Est-4431,Pay-4431,Emp-4441,Est-4441,Pay-4441,Emp-4442,Est-4442,Pay-4442,Emp-4451,Est-4451,Pay-4451,Emp-4452,Est-4452,Pay-4452,Emp-4453,Est-4453,Pay-4453,Emp-4461,Est-4461,Pay-4461,Emp-4471,Est-4471,Pay-4471,Emp-4481,Est-4481,Pay-4481,Emp-4482,Est-4482,Pay-4482,Emp-4483,Est-4483,Pay-4483,Emp-4511,Est-4511,Pay-4511,Emp-4512,Est-4512,Pay-4512,Emp-4522,Est-4522,Pay-4522,Emp-4523,Est-4523,Pay-4523,Emp-4531,Est-4531,Pay-4531,Emp-4532,Est-4532,Pay-4532,Emp-4533,Est-4533,Pay-4533,Emp-4539,Est-4539,Pay-4539,Emp-4541,Est-4541,Pay-4541,Emp-4542,Est-4542,Pay-4542,Emp-4543,Est-4543,Pay-4543,Emp-4811,Est-4811,Pay-4811,Emp-4812,Est-4812,Pay-4812,Emp-4841,Est-4841,Pay-4841,Emp-4842,Est-4842,Pay-4842,Emp-4853,Est-4853,Pay-4853,Emp-4854,Est-4854,Pay-4854,Emp-4855,Est-4855,Pay-4855,Emp-4859,Est-4859,Pay-4859,Emp-4861,Est-4861,Pay-4861,Emp-4862,Est-4862,Pay-4862,Emp-4869,Est-4869,Pay-4869,Emp-4879,Est-4879,Pay-4879,Emp-4881,Est-4881,Pay-4881,Emp-4882,Est-4882,Pay-4882,Emp-4884,Est-4884,Pay-4884,Emp-4885,Est-4885,Pay-4885,Emp-4921,Est-4921,Pay-4921,Emp-4922,Est-4922,Pay-4922,Emp-4931,Est-4931,Pay-4931,Emp-5111,Est-5111,Pay-5111,Emp-5112,Est-5112,Pay-5112,Emp-5121,Est-5121,Pay-5121,Emp-5122,Est-5122,Pay-5122,Emp-5151,Est-5151,Pay-5151,Emp-5173,Est-5173,Pay-5173,Emp-5179,Est-5179,Pay-5179,Emp-5182,Est-5182,Pay-5182,Emp-5191,Est-5191,Pay-5191,Emp-5221,Est-5221,Pay-5221,Emp-5222,Est-5222,Pay-5222,Emp-5223,Est-5223,Pay-5223,Emp-5231,Est-5231,Pay-5231,Emp-5239,Est-5239,Pay-5239,Emp-5241,Est-5241,Pay-5241,Emp-5242,Est-5242,Pay-5242,Emp-5259,Est-5259,Pay-5259,Emp-5311,Est-5311,Pay-5311,Emp-5312,Est-5312,Pay-5312,Emp-5313,Est-5313,Pay-5313,Emp-5321,Est-5321,Pay-5321,Emp-5322,Est-5322,Pay-5322,Emp-5323,Est-5323,Pay-5323,Emp-5324,Est-5324,Pay-5324,Emp-5331,Est-5331,Pay-5331,Emp-5411,Est-5411,Pay-5411,Emp-5412,Est-5412,Pay-5412,Emp-5413,Est-5413,Pay-5413,Emp-5414,Est-5414,Pay-5414,Emp-5415,Est-5415,Pay-5415,Emp-5416,Est-5416,Pay-5416,Emp-5417,Est-5417,Pay-5417,Emp-5418,Est-5418,Pay-5418,Emp-5419,Est-5419,Pay-5419,Emp-5511,Est-5511,Pay-5511,Emp-5611,Est-5611,Pay-5611,Emp-5612,Est-5612,Pay-5612,Emp-5613,Est-5613,Pay-5613,Emp-5614,Est-5614,Pay-5614,Emp-5615,Est-5615,Pay-5615,Emp-5616,Est-5616,Pay-5616,Emp-5617,Est-5617,Pay-5617,Emp-5619,Est-5619,Pay-5619,Emp-5621,Est-5621,Pay-5621,Emp-5622,Est-5622,Pay-5622,Emp-5629,Est-5629,Pay-5629,Emp-6111,Est-6111,Pay-6111,Emp-6112,Est-6112,Pay-6112,Emp-6113,Est-6113,Pay-6113,Emp-6114,Est-6114,Pay-6114,Emp-6115,Est-6115,Pay-6115,Emp-6116,Est-6116,Pay-6116,Emp-6117,Est-6117,Pay-6117,Emp-6211,Est-6211,Pay-6211,Emp-6212,Est-6212,Pay-6212,Emp-6213,Est-6213,Pay-6213,Emp-6214,Est-6214,Pay-6214,Emp-6215,Est-6215,Pay-6215,Emp-6216,Est-6216,Pay-6216,Emp-6219,Est-6219,Pay-6219,Emp-6221,Est-6221,Pay-6221,Emp-6222,Est-6222,Pay-6222,Emp-6223,Est-6223,Pay-6223,Emp-6231,Est-6231,Pay-6231,Emp-6232,Est-6232,Pay-6232,Emp-6233,Est-6233,Pay-6233,Emp-6239,Est-6239,Pay-6239,Emp-6241,Est-6241,Pay-6241,Emp-6242,Est-6242,Pay-6242,Emp-6243,Est-6243,Pay-6243,Emp-6244,Est-6244,Pay-6244,Emp-7111,Est-7111,Pay-7111,Emp-7112,Est-7112,Pay-7112,Emp-7113,Est-7113,Pay-7113,Emp-7115,Est-7115,Pay-7115,Emp-7121,Est-7121,Pay-7121,Emp-7131,Est-7131,Pay-7131,Emp-7132,Est-7132,Pay-7132,Emp-7139,Est-7139,Pay-7139,Emp-7211,Est-7211,Pay-7211,Emp-7212,Est-7212,Pay-7212,Emp-7213,Est-7213,Pay-7213,Emp-7223,Est-7223,Pay-7223,Emp-7224,Est-7224,Pay-7224,Emp-7225,Est-7225,Pay-7225,Emp-8111,Est-8111,Pay-8111,Emp-8112,Est-8112,Pay-8112,Emp-8113,Est-8113,Pay-8113,Emp-8114,Est-8114,Pay-8114,Emp-8121,Est-8121,Pay-8121,Emp-8122,Est-8122,Pay-8122,Emp-8123,Est-8123,Pay-8123,Emp-8129,Est-8129,Pay-8129,Emp-8131,Est-8131,Pay-8131,Emp-8132,Est-8132,Pay-8132,Emp-8133,Est-8133,Pay-8133,Emp-8134,Est-8134,Pay-8134,Emp-8139,Est-8139,Pay-8139
35001,Bernalillo County,678,-106.69,35.03,3023.37,0.22,0.74,,,,,,,7.0,5.0,181.0,,,,33.0,7.0,1862.0,,,,,,,,,,29.0,7.0,1355.0,921.0,6.0,108834.0,391.0,3.0,31387.0,27.0,6.0,1488.0,1544.0,239.0,80495.0,2598.0,144.0,164043.0,934.0,45.0,49728.0,23.0,9.0,1423.0,1315.0,23.0,73208.0,22.0,6.0,986.0,2851.0,191.0,113728.0,5770.0,421.0,308796.0,2242.0,221.0,87974.0,1607.0,112.0,78841.0,,,,76.0,8.0,1457.0,373.0,6.0,12074.0,,,,48.0,5.0,847.0,486.0,18.0,15145.0,231.0,11.0,3616.0,393.0,24.0,9835.0,34.0,7.0,953.0,20.0,4.0,1380.0,,,,526.0,20.0,18611.0,253.0,8.0,10436.0,461.0,47.0,17918.0,132.0,6.0,9123.0,69.0,3.0,3169.0,638.0,10.0,38318.0,,,,21.0,4.0,1105.0,223.0,10.0,7755.0,55.0,7.0,1442.0,,,,516.0,15.0,25143.0,161.0,10.0,6243.0,48.0,3.0,3033.0,63.0,3.0,2742.0,18.0,3.0,980.0,,,,372.0,30.0,14523.0,82.0,3.0,4273.0,302.0,35.0,13919.0,98.0,9.0,4027.0,45.0,6.0,1841.0,191.0,3.0,12016.0,54.0,5.0,6585.0,127.0,6.0,9714.0,21.0,3.0,1040.0,9.0,3.0,416.0,199.0,3.0,16147.0,867.0,21.0,55357.0,905.0,19.0,79429.0,17.0,5.0,1452.0,8.0,4.0,199.0,164.0,6.0,8938.0,90.0,19.0,2692.0,243.0,8.0,9181.0,687.0,33.0,36151.0,1100.0,61.0,42279.0,942.0,60.0,42023.0,312.0,24.0,20152.0,595.0,54.0,30835.0,817.0,87.0,49319.0,156.0,15.0,9030.0,674.0,58.0,44974.0,644.0,67.0,48766.0,1333.0,108.0,83496.0,435.0,60.0,20960.0,214.0,17.0,11420.0,433.0,20.0,17869.0,29.0,7.0,1438.0,2506.0,60.0,122575.0,19.0,4.0,983.0,138.0,24.0,7937.0,157.0,19.0,7364.0,837.0,8.0,39476.0,594.0,34.0,25878.0,383.0,56.0,23509.0,3561.0,110.0,195910.0,491.0,31.0,27721.0,1333.0,133.0,41551.0,500.0,40.0,20174.0,757.0,61.0,10738.0,964.0,64.0,30161.0,2473.0,96.0,74897.0,226.0,22.0,6035.0,4945.0,83.0,133122.0,444.0,45.0,11973.0,258.0,23.0,5550.0,2653.0,179.0,89443.0,1716.0,205.0,35305.0,2993.0,173.0,40741.0,513.0,63.0,8273.0,281.0,51.0,9855.0,1295.0,103.0,23567.0,136.0,12.0,2820.0,1295.0,10.0,25538.0,5187.0,81.0,153596.0,82.0,20.0,1767.0,528.0,64.0,11698.0,493.0,46.0,10212.0,1070.0,120.0,28659.0,439.0,65.0,18387.0,125.0,6.0,2514.0,257.0,58.0,8805.0,311.0,7.0,16554.0,155.0,5.0,14463.0,1895.0,109.0,99829.0,654.0,72.0,27314.0,43.0,5.0,796.0,571.0,7.0,11172.0,61.0,4.0,1461.0,142.0,8.0,3173.0,,,,23.0,4.0,2473.0,,,,76.0,3.0,1806.0,325.0,15.0,11636.0,5.0,3.0,405.0,233.0,31.0,7820.0,29.0,16.0,1610.0,1397.0,34.0,60457.0,16.0,5.0,413.0,380.0,30.0,14409.0,655.0,31.0,29330.0,114.0,17.0,11562.0,572.0,32.0,23320.0,10.0,7.0,165.0,663.0,19.0,44171.0,4586.0,119.0,221542.0,26.0,5.0,1591.0,549.0,40.0,34043.0,163.0,19.0,8131.0,3037.0,195.0,171370.0,1258.0,137.0,78096.0,313.0,60.0,13621.0,395.0,45.0,51045.0,1200.0,116.0,69730.0,3144.0,74.0,206397.0,2546.0,344.0,164159.0,3.0,3.0,419.0,1216.0,331.0,38079.0,625.0,274.0,30629.0,1299.0,248.0,61763.0,541.0,51.0,20994.0,261.0,39.0,9087.0,20.0,6.0,726.0,309.0,46.0,16188.0,9.0,5.0,486.0,3705.0,622.0,266599.0,2227.0,352.0,99865.0,3870.0,335.0,293827.0,124.0,38.0,4528.0,2773.0,258.0,202494.0,1810.0,299.0,123624.0,15848.0,98.0,1279554.0,485.0,80.0,18411.0,1148.0,146.0,50319.0,5115.0,103.0,321677.0,487.0,50.0,30971.0,347.0,9.0,15607.0,3622.0,91.0,115791.0,3298.0,84.0,74575.0,652.0,20.0,28364.0,3183.0,99.0,102564.0,4321.0,299.0,103360.0,659.0,50.0,18691.0,175.0,18.0,7393.0,144.0,6.0,6059.0,334.0,26.0,14681.0,2071.0,44.0,68942.0,36.0,4.0,1505.0,148.0,14.0,5332.0,139.0,23.0,8432.0,368.0,31.0,12874.0,763.0,109.0,10498.0,94.0,24.0,4256.0,3871.0,330.0,339689.0,2516.0,353.0,119871.0,1872.0,413.0,74601.0,2238.0,99.0,111345.0,1562.0,45.0,65842.0,3309.0,63.0,100037.0,1312.0,31.0,52879.0,15996.0,10.0,1176199.0,712.0,5.0,45924.0,658.0,4.0,43792.0,2361.0,25.0,87514.0,1648.0,85.0,44470.0,2303.0,73.0,60893.0,252.0,16.0,7109.0,7619.0,229.0,153895.0,558.0,31.0,16943.0,835.0,12.0,9220.0,2315.0,147.0,50917.0,233.0,24.0,2713.0,356.0,6.0,11339.0,283.0,15.0,7029.0,138.0,39.0,3381.0,197.0,12.0,5427.0,226.0,8.0,5147.0,547.0,9.0,24400.0,2668.0,124.0,40116.0,6141.0,152.0,155795.0,28.0,6.0,578.0,14.0,3.0,184.0,782.0,67.0,15843.0,897.0,44.0,15526.0,28449.0,1249.0,499761.0,2711.0,370.0,86694.0,112.0,29.0,3948.0,222.0,44.0,9955.0,152.0,35.0,4127.0,1366.0,237.0,29993.0,221.0,20.0,8649.0,805.0,54.0,23091.0,367.0,72.0,7704.0,2971.0,286.0,71274.0,471.0,56.0,27637.0,606.0,73.0,26813.0,233.0,47.0,4986.0,825.0,135.0,40578.0
35003,Catron County,4,-108.38,33.9,17952.66,0.0,0.72,,,,,,,,,,,,,,,,,,,,,,,,,,,,,,,,,,,,,6.0,3.0,218.0,,,,,,,,,,,,,,,,,,,,,,,,,,,,,,,,,,,,,,,,,,,,,,,,,,,,,,,,,,,,,,,,,,,,,,,,,,,,,,,,,,,,,,,,,,,,,,,,,,,,,,,,,,,,,,,,,,,,,,,,,,,,,,,,,,,,,,,,,,,,,,,,,,,,,,,,,,,,,,,,,,,,,,,,,,,,,,,,,,,,,,,,,,,,,,,,,,,,,,,,,,,,,,,,,,,,,,,,,,,,,,,,,,,,,,,,,,,,,,,,,,,,,,,,,,,,,,,,,,,,,,,,,34.0,5.0,404.0,,,,,,,,,,,,,,,,,,,,,,,,,,,,,,,,,,,,,,,,15.0,4.0,484.0,,,,,,,,,,,,,,,,,,,,,,,,,,,,,,,,,,,,,,,,,,,,,,,,,,,,,,,,,,,,,,,,,,,,,,,,,,,,,,,,,,,,,,,,,,,,,,,,,,,,,,,,,,,,,,,,,,,,,,,,,,,,,,,,,,,,,,,,,,,,,,,,,,,,,,,,,,,,,,,,,,,,,,,,,,,,,,,,,,,,,,,,,,,,,,,,,,,,,,,,,,,,,,,,,,,,,,,,,,,,,,,,,,,,,,,,,,,,,,,,,,,,,,,,,,,,,,,,,,,145.0,3.0,1524.0,,,,,,,,,,,,,,,,,,,,,,,,,,,,,,,,,,,,,,,,,,,,,,,,,13.0,4.0,190.0,,,,,,,,,,,,,,,,,,,,,,,,,7.0,3.0,188.0,,,,,,,,,,,,
35005,Chaves County,65,-104.51,33.3,15735.5,0.0,0.05,,,,,,,,,,,,,150.0,24.0,12152.0,,,,,,,,,,93.0,22.0,7223.0,38.0,3.0,3639.0,,,,21.0,6.0,477.0,96.0,29.0,2888.0,32.0,7.0,1554.0,50.0,7.0,2039.0,,,,,,,,,,184.0,18.0,6046.0,295.0,36.0,13415.0,363.0,12.0,13426.0,66.0,11.0,3049.0,,,,,,,,,,636.0,3.0,32535.0,,,,31.0,4.0,787.0,,,,,,,,,,,,,,,,,,,,,,23.0,3.0,515.0,,,,,,,,,,,,,,,,,,,,,,,,,,,,,,,,,,,,,,,,,,,,,,,,,,,,,,,,,,,,,,,,,,,,,,,,,,,,,,,,,,,,,,,,,,,,,,,,,,,,,,,,,,,,,,,,15.0,4.0,447.0,,,,,,,27.0,6.0,1265.0,76.0,8.0,2929.0,28.0,3.0,1334.0,,,,,,,,,,82.0,7.0,3973.0,48.0,3.0,794.0,17.0,4.0,670.0,14.0,3.0,635.0,,,,37.0,5.0,2563.0,,,,294.0,10.0,12623.0,50.0,4.0,1874.0,142.0,14.0,4443.0,26.0,6.0,596.0,13.0,3.0,326.0,27.0,4.0,731.0,297.0,18.0,6853.0,59.0,4.0,2055.0,607.0,8.0,11974.0,24.0,5.0,408.0,,,,137.0,15.0,5421.0,405.0,32.0,9050.0,150.0,12.0,1891.0,33.0,5.0,460.0,8.0,3.0,224.0,67.0,9.0,1301.0,,,,,,,788.0,20.0,18254.0,13.0,4.0,188.0,,,,55.0,8.0,1292.0,51.0,12.0,1307.0,,,,,,,33.0,8.0,870.0,,,,,,,166.0,19.0,9680.0,187.0,25.0,9145.0,,,,113.0,4.0,2064.0,,,,,,,,,,36.0,3.0,3151.0,,,,,,,115.0,3.0,5053.0,,,,,,,,,,65.0,4.0,3277.0,,,,,,,,,,,,,,,,,,,35.0,5.0,958.0,72.0,9.0,3683.0,,,,,,,,,,346.0,27.0,14955.0,84.0,22.0,3764.0,,,,10.0,3.0,1927.0,31.0,18.0,3682.0,,,,106.0,31.0,3819.0,,,,68.0,30.0,1937.0,20.0,7.0,844.0,38.0,13.0,1011.0,16.0,4.0,446.0,30.0,6.0,1141.0,,,,34.0,3.0,2866.0,,,,152.0,31.0,8163.0,165.0,23.0,6608.0,316.0,13.0,32988.0,,,,6.0,4.0,120.0,46.0,11.0,1744.0,,,,,,,69.0,11.0,2418.0,103.0,10.0,7439.0,,,,,,,,,,32.0,6.0,1069.0,,,,51.0,11.0,1207.0,85.0,20.0,2055.0,21.0,8.0,868.0,,,,,,,8.0,3.0,246.0,,,,,,,,,,,,,,,,30.0,4.0,250.0,,,,632.0,43.0,52668.0,190.0,22.0,8603.0,172.0,42.0,5565.0,141.0,9.0,6409.0,,,,268.0,7.0,5094.0,54.0,3.0,4369.0,,,,,,,,,,236.0,3.0,9651.0,,,,88.0,4.0,1819.0,,,,935.0,27.0,14256.0,,,,25.0,3.0,411.0,178.0,18.0,2934.0,,,,,,,7.0,3.0,219.0,7.0,4.0,162.0,21.0,4.0,442.0,,,,,,,127.0,8.0,1409.0,236.0,18.0,3539.0,,,,,,,107.0,11.0,2090.0,,,,2135.0,94.0,31413.0,136.0,32.0,3549.0,,,,63.0,8.0,2631.0,,,,26.0,7.0,561.0,,,,152.0,6.0,3554.0,,,,380.0,44.0,6845.0,13.0,4.0,305.0,15.0,3.0,295.0,71.0,7.0,1166.0,17.0,7.0,627.0
35006,Cibola County,27,-107.94,34.87,11765.41,0.0,0.13,,,,,,,,,,,,,,,,,,,,,,,,,,,,,,,,,,,,,1.0,3.0,197.0,,,,15.0,3.0,357.0,,,,,,,,,,,,,19.0,5.0,605.0,,,,80.0,3.0,3272.0,,,,,,,,,,,,,,,,,,,,,,,,,,,,,,,,,,,,,,,,,,,,,,,,,,,,,,,,,,,,,,,,,,,,,,,,,,,,,,,,,,,,,,,,,,,,,,,,,,,,,,,,,,,,,,,,,,,,,,,,,,,,,,,,,,,,,,,,,,,,,,,,,,,,,,,,,,,,,,,,,,,,,,,,,,,,,,,,,,,,,,,,,,,,,,11.0,3.0,585.0,,,,,,,,,,38.0,3.0,1038.0,,,,41.0,4.0,979.0,,,,,,,,,,41.0,4.0,975.0,,,,142.0,4.0,2893.0,,,,,,,39.0,5.0,1412.0,241.0,18.0,5042.0,,,,,,,,,,,,,3.0,3.0,50.0,,,,228.0,6.0,5936.0,,,,,,,,,,,,,,,,,,,23.0,4.0,669.0,,,,,,,,,,,,,,,,,,,,,,,,,,,,,,,,,,,,,,,,,,,,,,,,,,,,,,,,,,,,,,,,,,,,,,,,,17.0,4.0,849.0,,,,,,,,,,51.0,6.0,1782.0,29.0,10.0,1001.0,9.0,4.0,185.0,,,,,,,,,,12.0,6.0,490.0,,,,5.0,3.0,133.0,,,,8.0,4.0,333.0,,,,,,,,,,,,,,,,6.0,4.0,113.0,,,,,,,,,,,,,,,,,,,,,,,,,,,,,,,,,,,,,,,,,,,,,,15.0,3.0,335.0,,,,,,,,,,,,,238.0,4.0,9865.0,,,,,,,,,,,,,,,,,,,,,,36.0,6.0,1611.0,23.0,5.0,696.0,108.0,7.0,7289.0,,,,582.0,8.0,17047.0,,,,,,,,,,,,,,,,20.0,3.0,473.0,,,,,,,289.0,11.0,3557.0,,,,,,,67.0,4.0,1149.0,,,,,,,,,,,,,,,,,,,,,,,,,516.0,10.0,13960.0,,,,,,,,,,,,,503.0,25.0,7005.0,35.0,6.0,1200.0,,,,,,,,,,,,,,,,,,,,,,46.0,12.0,632.0,,,,,,,,,,,,
35007,Colfax County,12,-97.08,41.57,9758.54,0.0,0.0,,,,,,,,,,,,,,,,,,,,,,,,,50.0,4.0,2779.0,,,,,,,6.0,4.0,32.0,70.0,26.0,2318.0,,,,,,,,,,,,,,,,13.0,3.0,372.0,29.0,12.0,800.0,,,,29.0,7.0,932.0,,,,,,,,,,,,,9.0,4.0,222.0,,,,,,,,,,,,,,,,,,,,,,,,,,,,,,,,,,,,,,,,,,,,,,,,,,,,,,,,,,,,,,,,,,,,,,,,,,,,,,,,,,,,,,,,,,,,,,,,,,,,,,,,,,,,,,,,,,,,,,,,,,,,,,,,,,,,,,,,,,,,,,,,,,,,,,,,,,,,,,,,,,,,,,,,,,,,,,,,,,,,,,,,,,,,,,,,,22.0,5.0,779.0,,,,,,,,,,68.0,10.0,2590.0,,,,80.0,3.0,1670.0,,,,,,,30.0,4.0,895.0,173.0,20.0,3264.0,,,,,,,,,,42.0,6.0,319.0,,,,,,,106.0,8.0,1389.0,,,,4.0,4.0,98.0,,,,,,,,,,,,,32.0,4.0,1251.0,,,,,,,7.0,3.0,171.0,,,,,,,,,,,,,,,,,,,,,,,,,,,,,,,,,,,,,,,,,,,,,,,,,,,,,,,,,,,,,,,,9.0,3.0,378.0,,,,,,,,,,93.0,11.0,3620.0,10.0,5.0,285.0,,,,,,,6.0,4.0,458.0,,,,18.0,7.0,810.0,,,,,,,24.0,11.0,946.0,6.0,4.0,243.0,,,,,,,,,,,,,,,,11.0,3.0,504.0,9.0,6.0,300.0,16.0,4.0,627.0,,,,,,,,,,,,,,,,26.0,4.0,530.0,,,,,,,,,,,,,,,,,,,6.0,3.0,215.0,49.0,6.0,1112.0,,,,,,,,,,,,,,,,,,,,,,,,,,,,,,,,,,31.0,3.0,1965.0,31.0,3.0,1204.0,20.0,5.0,814.0,,,,,,,,,,,,,,,,,,,,,,,,,,,,,,,,,,85.0,6.0,1656.0,,,,,,,,,,,,,,,,,,,,,,,,,,,,,,,11.0,3.0,108.0,707.0,17.0,10748.0,155.0,3.0,7815.0,,,,22.0,5.0,422.0,4.0,3.0,83.0,387.0,31.0,4969.0,10.0,7.0,370.0,,,,,,,,,,,,,,,,,,,,,,34.0,9.0,651.0,,,,,,,11.0,4.0,170.0,14.0,6.0,164.0
35009,Curry County,50,-124.22,42.43,3648.7,0.01,0.32,,,,4.0,3.0,91.0,,,,,,,,,,,,,,,,,,,,,,69.0,4.0,5285.0,,,,,,,53.0,21.0,1685.0,10.0,4.0,239.0,16.0,3.0,634.0,,,,,,,,,,147.0,18.0,5649.0,198.0,24.0,8331.0,40.0,10.0,1188.0,120.0,13.0,5360.0,93.0,4.0,4607.0,,,,,,,,,,,,,,,,,,,,,,,,,,,,,,,,,,,,,4.0,3.0,84.0,,,,,,,,,,,,,,,,,,,,,,,,,,,,,,,,,,,,,,,,,,,,,,,,,,,,,,,,,,,,,,,,,,,,,,,,,,,,,,,,,,,,,,,,,,,,,,,,,,,,,,,,,,,,,,,,,,,40.0,4.0,1586.0,9.0,3.0,470.0,,,,32.0,5.0,2071.0,,,,,,,,,,,,,37.0,3.0,1905.0,65.0,4.0,1666.0,,,,,,,,,,24.0,7.0,1989.0,94.0,5.0,1881.0,253.0,15.0,11860.0,50.0,5.0,1581.0,130.0,13.0,4193.0,17.0,3.0,429.0,5.0,3.0,198.0,,,,251.0,14.0,6753.0,29.0,5.0,670.0,256.0,5.0,5087.0,,,,,,,93.0,12.0,3369.0,335.0,27.0,6382.0,119.0,14.0,1751.0,41.0,6.0,570.0,8.0,3.0,177.0,73.0,6.0,1213.0,,,,,,,396.0,12.0,10949.0,6.0,3.0,44.0,40.0,5.0,964.0,,,,57.0,11.0,1201.0,,,,,,,23.0,4.0,473.0,,,,,,,162.0,19.0,8237.0,259.0,18.0,10434.0,,,,58.0,4.0,955.0,,,,,,,,,,,,,,,,,,,,,,,,,,,,,,,10.0,3.0,1954.0,,,,,,,,,,,,,,,,,,,22.0,3.0,930.0,169.0,8.0,9735.0,,,,,,,,,,213.0,20.0,11144.0,92.0,25.0,4868.0,12.0,5.0,186.0,,,,13.0,7.0,1824.0,,,,85.0,20.0,3088.0,,,,75.0,22.0,1822.0,27.0,10.0,490.0,18.0,8.0,596.0,,,,36.0,7.0,1212.0,,,,17.0,4.0,673.0,,,,66.0,20.0,2483.0,81.0,18.0,2886.0,46.0,6.0,2473.0,,,,177.0,18.0,12344.0,30.0,11.0,1914.0,,,,,,,101.0,11.0,3702.0,23.0,5.0,2329.0,,,,,,,235.0,3.0,5456.0,7.0,3.0,131.0,,,,,,,108.0,24.0,2414.0,,,,,,,,,,,,,,,,,,,,,,,,,17.0,3.0,2598.0,,,,,,,197.0,28.0,11797.0,126.0,14.0,5808.0,61.0,19.0,2461.0,104.0,8.0,3793.0,45.0,4.0,1323.0,654.0,7.0,8991.0,,,,,,,,,,,,,278.0,3.0,8479.0,,,,,,,,,,801.0,12.0,16054.0,40.0,4.0,645.0,,,,120.0,10.0,2374.0,,,,,,,,,,,,,,,,,,,,,,51.0,12.0,648.0,168.0,13.0,2746.0,,,,,,,18.0,3.0,500.0,,,,1745.0,67.0,24174.0,171.0,27.0,5219.0,,,,46.0,8.0,2183.0,12.0,5.0,270.0,58.0,10.0,789.0,,,,62.0,6.0,1325.0,23.0,4.0,337.0,300.0,39.0,4369.0,,,,,,,72.0,9.0,701.0,13.0,3.0,279.0
35011,De Baca County,2,-104.42,34.3,6045.13,0.0,0.0,,,,,,,,,,,,,,,,,,,,,,,,,,,,,,,,,,,,,5.0,3.0,64.0,,,,,,,,,,,,,,,,,,,,,,,,,,,,,,,,,,,,,,,,,,,,,,,,,,,,,,,,,,,,,,,,,,,,,,,,,,,,,,,,,,,,,,,,,,,,,,,,,,,,,,,,,,,,,,,,,,,,,,,,,,,,,,,,,,,,,,,,,,,,,,,,,,,,,,,,,,,,,,,,,,,,,,,,,,,,,,,,,,,,,,,,,,,,,,,,,,,,,,,,,,,,,,,,,,,,,,,,,,,,,,,,,,,,,,,,,,,,,,,,,,,,,,,,,,,,,,,,,,,,,,,,,,,,,,,,,,,,,,,,,,,,,,,,,,,,,,,,,,,,,,,,,,,,,,,,,,,,,,,,,,,,,,,,,,,,,,,,,,,,,,,,,,,,,,,,,,,,,,,,,,,,,,,,,,,,,,,,,,,,,,,,,,,,,,,,,,,,,,,,,,,,,,,,,,,,,,,,,,,,,,,,,,,,,,,,,,,,,,,,,,,,,,,,,,,,,,,,,,,,,,,,,,,,,,,,,,,,,,,,,,,,,,,,,,,,,,,,,,,,,,,,,,,,,,,,,,,,,,,,,,,,,,,,,,,,,,,,,,,,,,,,,,,,,,,,,,,,,,,,,,,,,,,,,,,,,,,,,,,,,,,,,,,,,,,,,,,,,,,,,,,,,,,,,,,,,,,,,,,14.0,3.0,136.0,,,,,,,,,,,,,,,,,,,,,,,,,17.0,5.0,189.0,,,,,,,,,,,,
35013,Do√±a Ana County,215,-106.85,32.33,9883.52,0.02,0.65,,,,42.0,10.0,2608.0,,,,,,,,,,,,,,,,,,,,,,173.0,9.0,16795.0,,,,69.0,10.0,2329.0,460.0,97.0,17150.0,277.0,30.0,11162.0,64.0,12.0,3100.0,19.0,5.0,1099.0,206.0,7.0,10573.0,,,,331.0,59.0,8540.0,1018.0,100.0,40605.0,446.0,79.0,12958.0,490.0,53.0,19889.0,,,,,,,227.0,9.0,6666.0,,,,,,,10.0,4.0,168.0,290.0,8.0,12176.0,55.0,7.0,981.0,202.0,3.0,13128.0,,,,,,,62.0,3.0,1576.0,88.0,3.0,5113.0,26.0,8.0,519.0,,,,,,,,,,,,,,,,218.0,6.0,9580.0,,,,,,,48.0,6.0,2221.0,,,,,,,,,,,,,,,,83.0,7.0,2890.0,,,,102.0,9.0,4969.0,,,,,,,42.0,4.0,1440.0,,,,,,,,,,,,,,,,,,,,,,,,,,,,,,,23.0,4.0,586.0,,,,14.0,3.0,494.0,48.0,8.0,1618.0,63.0,8.0,3015.0,193.0,4.0,12760.0,82.0,8.0,3919.0,31.0,11.0,1168.0,,,,299.0,7.0,30514.0,73.0,12.0,3656.0,120.0,18.0,6023.0,60.0,7.0,1685.0,,,,,,,,,,91.0,13.0,5493.0,34.0,3.0,1124.0,32.0,5.0,1171.0,,,,,,,93.0,12.0,5286.0,33.0,7.0,2815.0,673.0,24.0,28462.0,136.0,6.0,4287.0,385.0,37.0,10377.0,92.0,8.0,2902.0,96.0,9.0,2762.0,145.0,13.0,3230.0,738.0,33.0,21574.0,75.0,9.0,1409.0,947.0,25.0,20442.0,36.0,11.0,764.0,47.0,5.0,648.0,483.0,39.0,16830.0,732.0,58.0,15020.0,569.0,34.0,6923.0,76.0,13.0,1153.0,40.0,9.0,1019.0,250.0,18.0,4731.0,84.0,6.0,1633.0,325.0,4.0,5782.0,1557.0,36.0,41105.0,25.0,5.0,467.0,93.0,12.0,1675.0,251.0,12.0,4111.0,206.0,31.0,4782.0,12.0,7.0,160.0,,,,101.0,23.0,2721.0,,,,,,,348.0,46.0,13872.0,82.0,19.0,3252.0,,,,655.0,3.0,10057.0,,,,67.0,5.0,1210.0,,,,,,,,,,,,,25.0,3.0,927.0,,,,20.0,9.0,746.0,130.0,8.0,8747.0,178.0,5.0,7108.0,,,,138.0,11.0,6388.0,29.0,4.0,855.0,,,,98.0,8.0,1416.0,,,,55.0,5.0,1538.0,236.0,30.0,13192.0,,,,,,,7.0,3.0,296.0,723.0,56.0,34726.0,275.0,57.0,12834.0,37.0,9.0,684.0,40.0,13.0,5501.0,65.0,26.0,6111.0,348.0,12.0,13895.0,307.0,87.0,11445.0,,,,267.0,91.0,7306.0,105.0,46.0,3904.0,166.0,44.0,4690.0,58.0,11.0,1341.0,59.0,14.0,1897.0,,,,46.0,7.0,2224.0,,,,318.0,76.0,15501.0,281.0,42.0,8910.0,1965.0,61.0,108977.0,8.0,4.0,144.0,601.0,47.0,40640.0,114.0,21.0,5855.0,221.0,15.0,13534.0,22.0,10.0,506.0,506.0,31.0,13392.0,264.0,9.0,14517.0,50.0,13.0,2491.0,485.0,4.0,20753.0,866.0,18.0,28981.0,744.0,13.0,14777.0,171.0,6.0,16870.0,216.0,12.0,3420.0,604.0,86.0,13235.0,125.0,12.0,5083.0,72.0,4.0,2641.0,,,,16.0,6.0,453.0,145.0,9.0,4097.0,,,,109.0,4.0,9635.0,,,,40.0,6.0,1203.0,187.0,15.0,5365.0,2.0,4.0,50.0,1942.0,157.0,140404.0,577.0,52.0,28318.0,813.0,88.0,34483.0,605.0,34.0,30657.0,84.0,13.0,4480.0,1259.0,24.0,25701.0,227.0,12.0,7991.0,,,,,,,,,,358.0,5.0,13557.0,383.0,10.0,9608.0,571.0,11.0,14165.0,,,,3781.0,74.0,59063.0,104.0,10.0,3203.0,,,,812.0,52.0,15760.0,,,,497.0,5.0,11024.0,,,,4.0,3.0,190.0,15.0,3.0,349.0,132.0,3.0,1169.0,,,,328.0,29.0,4681.0,717.0,36.0,13808.0,,,,,,,258.0,22.0,4881.0,67.0,10.0,1187.0,6402.0,276.0,96009.0,359.0,87.0,11376.0,41.0,7.0,2247.0,22.0,9.0,1093.0,15.0,9.0,212.0,169.0,36.0,3071.0,87.0,8.0,2800.0,148.0,8.0,3627.0,84.0,24.0,1684.0,683.0,88.0,11432.0,23.0,9.0,708.0,84.0,12.0,2458.0,53.0,14.0,579.0,51.0,15.0,1530.0
35015,Eddy County,57,-98.91,47.71,10868.6,0.01,0.12,,,,22.0,6.0,1018.0,,,,,,,1375.0,39.0,171084.0,,,,,,,485.0,4.0,39104.0,3308.0,123.0,251942.0,,,,,,,33.0,10.0,1255.0,79.0,24.0,2344.0,314.0,9.0,24917.0,517.0,17.0,28049.0,,,,449.0,3.0,24365.0,,,,154.0,19.0,9313.0,416.0,37.0,27954.0,27.0,8.0,875.0,660.0,32.0,44349.0,,,,,,,,,,,,,,,,,,,,,,14.0,3.0,304.0,,,,,,,,,,,,,,,,19.0,4.0,582.0,,,,,,,,,,,,,,,,,,,,,,,,,49.0,4.0,3607.0,,,,,,,,,,,,,,,,,,,,,,15.0,4.0,665.0,,,,25.0,3.0,1265.0,,,,,,,,,,,,,,,,,,,,,,,,,,,,,,,,,,,,,,,,,,,,,,,,,,,,,,,,,,32.0,3.0,1340.0,27.0,3.0,1980.0,,,,454.0,41.0,32752.0,30.0,3.0,2221.0,,,,,,,,,,,,,17.0,3.0,530.0,23.0,4.0,1555.0,,,,,,,26.0,3.0,1482.0,,,,233.0,10.0,15089.0,13.0,3.0,320.0,131.0,12.0,6303.0,42.0,5.0,1861.0,,,,44.0,5.0,773.0,331.0,17.0,11812.0,47.0,5.0,1269.0,374.0,12.0,8571.0,37.0,4.0,690.0,,,,144.0,10.0,5476.0,430.0,34.0,10270.0,131.0,11.0,2231.0,53.0,5.0,1124.0,,,,32.0,4.0,353.0,,,,,,,636.0,14.0,18710.0,13.0,3.0,207.0,76.0,11.0,2522.0,,,,22.0,7.0,820.0,,,,,,,23.0,4.0,1232.0,,,,,,,458.0,39.0,31399.0,766.0,47.0,71180.0,,,,,,,,,,,,,22.0,3.0,2016.0,39.0,6.0,3911.0,,,,,,,,,,,,,,,,,,,37.0,5.0,2222.0,,,,,,,19.0,3.0,701.0,,,,26.0,3.0,302.0,,,,34.0,4.0,1189.0,150.0,14.0,9489.0,,,,,,,,,,334.0,22.0,16738.0,40.0,15.0,1164.0,8.0,3.0,94.0,,,,31.0,11.0,2733.0,,,,108.0,24.0,5858.0,,,,54.0,20.0,1925.0,30.0,8.0,3264.0,24.0,10.0,901.0,,,,27.0,5.0,963.0,,,,241.0,22.0,21296.0,,,,67.0,14.0,3015.0,124.0,23.0,4992.0,283.0,15.0,17583.0,,,,9.0,4.0,731.0,91.0,15.0,5191.0,37.0,3.0,1900.0,,,,99.0,11.0,3664.0,47.0,7.0,2899.0,44.0,6.0,2897.0,98.0,3.0,4020.0,122.0,4.0,1908.0,,,,,,,9.0,3.0,258.0,163.0,25.0,3233.0,,,,,,,,,,76.0,7.0,6743.0,,,,,,,,,,,,,13.0,4.0,211.0,15.0,14.0,73.0,,,,243.0,18.0,22396.0,119.0,13.0,5744.0,97.0,22.0,3938.0,97.0,11.0,5082.0,16.0,4.0,464.0,362.0,8.0,10258.0,,,,,,,,,,,,,107.0,3.0,4019.0,312.0,4.0,7734.0,,,,,,,284.0,15.0,3775.0,47.0,5.0,972.0,,,,169.0,11.0,2660.0,,,,,,,,,,,,,,,,,,,,,,93.0,8.0,2320.0,491.0,29.0,10750.0,29.0,8.0,749.0,,,,47.0,9.0,1613.0,,,,1808.0,90.0,31300.0,113.0,27.0,4728.0,,,,222.0,15.0,16192.0,,,,16.0,6.0,474.0,26.0,3.0,499.0,38.0,5.0,682.0,22.0,4.0,456.0,274.0,38.0,4908.0,8.0,4.0,421.0,9.0,5.0,237.0,78.0,8.0,1074.0,61.0,8.0,1648.0
35017,Grant County,28,-96.03,45.94,10273.16,0.0,0.01,,,,,,,,,,,,,,,,,,,1165.0,4.0,87430.0,,,,,,,,,,,,,5.0,3.0,115.0,96.0,19.0,5597.0,4.0,4.0,74.0,24.0,6.0,1120.0,,,,130.0,3.0,5720.0,,,,27.0,9.0,864.0,83.0,20.0,2959.0,1.0,3.0,41.0,30.0,8.0,799.0,,,,,,,,,,,,,,,,,,,,,,,,,,,,,,,,,,,,,,,,20.0,4.0,431.0,,,,,,,,,,,,,,,,,,,,,,,,,,,,,,,,,,,,,,,,,,,,,,,,,,,,,,,,,,,,,,,,,,,,,,,,,,,,,,,,,,,,,,,,,,,,,,,,,,,,,,,,,,,,,,,,,,,,,,,,,,,,,,,5.0,3.0,90.0,,,,,,,,,,34.0,4.0,576.0,,,,,,,,,,,,,,,,,,,53.0,4.0,2061.0,,,,66.0,9.0,1554.0,,,,13.0,3.0,402.0,14.0,3.0,228.0,70.0,6.0,1692.0,,,,169.0,4.0,3970.0,,,,13.0,3.0,219.0,60.0,5.0,2493.0,129.0,14.0,2525.0,31.0,5.0,258.0,,,,,,,,,,,,,,,,327.0,10.0,8659.0,,,,6.0,3.0,20.0,8.0,3.0,110.0,25.0,8.0,450.0,5.0,3.0,106.0,,,,27.0,3.0,1051.0,,,,,,,,,,,,,,,,29.0,4.0,309.0,,,,,,,,,,,,,,,,,,,,,,,,,,,,,,,,,,,,,,,,,,,,,,,,,,,,,,,41.0,7.0,2336.0,,,,,,,,,,93.0,11.0,3886.0,17.0,8.0,519.0,,,,,,,17.0,3.0,800.0,,,,39.0,11.0,1254.0,,,,32.0,13.0,534.0,19.0,9.0,694.0,6.0,4.0,158.0,,,,15.0,4.0,479.0,,,,,,,,,,26.0,8.0,791.0,44.0,8.0,936.0,10.0,6.0,321.0,2.0,3.0,39.0,,,,20.0,7.0,1014.0,,,,,,,18.0,4.0,547.0,163.0,5.0,9214.0,,,,,,,,,,,,,,,,,,,25.0,11.0,356.0,,,,,,,,,,,,,110.0,3.0,1818.0,,,,,,,,,,,,,,,,,,,321.0,23.0,16739.0,36.0,6.0,1821.0,89.0,12.0,2702.0,27.0,3.0,1277.0,,,,56.0,4.0,1665.0,,,,,,,,,,,,,,,,,,,,,,,,,151.0,7.0,1648.0,,,,,,,65.0,5.0,1196.0,,,,,,,,,,,,,,,,,,,,,,24.0,3.0,183.0,171.0,10.0,1536.0,11.0,4.0,135.0,,,,36.0,5.0,696.0,10.0,3.0,142.0,717.0,45.0,8252.0,47.0,15.0,1258.0,,,,38.0,4.0,1750.0,,,,11.0,4.0,166.0,29.0,3.0,511.0,14.0,3.0,231.0,,,,79.0,20.0,856.0,,,,14.0,6.0,453.0,19.0,4.0,299.0,5.0,3.0,100.0
35019,Guadalupe County,4,-97.83,29.65,7849.04,0.0,0.0,,,,,,,,,,,,,,,,,,,,,,,,,,,,,,,,,,,,,,,,,,,,,,,,,,,,,,,,,,,,,,,,,,,,,,,,,,,,,,,,,,,,,,,,,,,,,,,,,,,,,,,,,,,,,,,,,,,,,,,,,,,,,,,,,,,,,,,,,,,,,,,,,,,,,,,,,,,,,,,,,,,,,,,,,,,,,,,,,,,,,,,,,,,,,,,,,,,,,,,,,,,,,,,,,,,,,,,,,,,,,,,,,,,,,,,,,,,,,,,,,,,,,,,,,,,,,,,,,,,,,,,,,,,,,,,,,,,,,,,,,,,,,,,,,,,,,,,,,,,,,,,,199.0,11.0,4144.0,,,,,,,,,,,,,,,,,,,,,,,,,,,,,,,,,,,,,,,,,,,,,,,,,,,,23.0,4.0,2348.0,,,,,,,,,,,,,,,,,,,,,,,,,,,,,,,,,,,,,,,,,,,,,,,,,,,,,,,,,,,,,,,,,,,,,,,,,12.0,4.0,517.0,,,,,,,,,,,,,,,,,,,,,,,,,,,,,,,,,,,,,,,,,,,,,,,,,,,,,,,,,,,,,,,,,,,,,,,,,,,,,,,,,,,,,,,,,,,,,,,,,,,,,,,,,,,,,,,,,,,,,,,,,,,,,,,,,,,,,,,,,,,,,,,,,,,,,,,,,,,,,,,,,,,,,,,,,,,,,,,,,,,,,,,,,,,,,,,,,,,,,,,,,,,,,,,,197.0,11.0,3118.0,,,,,,,,,,,,,192.0,8.0,2226.0,13.0,3.0,758.0,,,,,,,,,,,,,,,,,,,,,,2.0,3.0,93.0,,,,,,,,,,,,
35023,Hidalgo County,4,-98.22,26.35,8921.2,0.0,1.0,,,,,,,,,,,,,,,,,,,,,,,,,,,,,,,,,,,,,6.0,4.0,164.0,,,,,,,,,,,,,,,,,,,,,,,,,,,,,,,,,,,,,,,,,,,,,,,,,,,,,,,,,,,,,,,,,,,,,,,,,,,,,,,,,,,,,,,,,,,,,,,,,,,,,,,,,,,,,,,,,,,,,,,,,,,,,,,,,,,,,,,,,,,,,,,,,,,,,,,,,,,,,,,,,,,,,,,,,,,,,,,,,,,,,,,,,,,,,,,,,,,,,,,,,,,,,,,,,,,,,,,,,,,,,,,,,,,,,,,,,,,,,,,,,,,,,,,,,,,,,41.0,3.0,746.0,,,,,,,,,,123.0,6.0,1723.0,,,,,,,,,,,,,,,,,,,16.0,3.0,298.0,,,,,,,,,,,,,,,,,,,4.0,3.0,154.0,,,,,,,,,,,,,,,,7.0,3.0,77.0,,,,,,,,,,,,,,,,,,,,,,,,,,,,,,,,,,,,,,,,,,,,,,,,,,,,,,,4.0,3.0,211.0,,,,,,,,,,,,,,,,,,,,,,,,,,,,,,,,,,,,,,,,,,,,,,,,,,,,,,,,,,,,,,,,,,,,,,,,,,,,,,,,,,,,,,,,,,,,,,,,,,,,,,,,,,,,,,,,,,,,,,,,,,,,,,,,,,,,,,,,,,,,,,49.0,4.0,2539.0,,,,,,,,,,,,,,,,,,,,,,,,,,,,,,,,,,,,,,,,,,,,,,,,,19.0,3.0,262.0,,,,,,,,,,,,,,,,,,,,,,,,,106.0,7.0,1067.0,,,,,,,,,,,,,118.0,8.0,1521.0,,,,,,,,,,,,,,,,,,,,,,,,,4.0,3.0,46.0,,,,,,,,,,,,
35025,Lea County,70,-103.38,32.74,11381.48,0.01,0.03,,,,,,,,,,,,,1026.0,43.0,123798.0,,,,,,,,,,4183.0,203.0,309828.0,182.0,7.0,16287.0,,,,,,,35.0,9.0,1192.0,58.0,6.0,3765.0,1141.0,16.0,89124.0,,,,,,,,,,138.0,20.0,7398.0,420.0,41.0,28399.0,18.0,3.0,519.0,807.0,22.0,64173.0,,,,,,,,,,,,,,,,,,,,,,,,,,,,,,,,,,,,,,,,14.0,3.0,587.0,,,,,,,,,,,,,,,,,,,,,,,,,43.0,3.0,2344.0,,,,,,,,,,,,,,,,,,,,,,55.0,7.0,2930.0,,,,,,,,,,,,,,,,,,,,,,,,,,,,,,,,,,,,,,,,,,,,,,,,,10.0,3.0,468.0,128.0,7.0,7801.0,,,,,,,,,,66.0,5.0,3617.0,46.0,4.0,4127.0,,,,582.0,49.0,38264.0,,,,,,,,,,,,,43.0,3.0,1827.0,,,,353.0,12.0,12925.0,,,,,,,8.0,3.0,139.0,,,,235.0,11.0,12650.0,14.0,3.0,556.0,221.0,21.0,10319.0,70.0,5.0,2269.0,7.0,3.0,159.0,23.0,6.0,599.0,376.0,16.0,10499.0,15.0,3.0,467.0,534.0,11.0,11918.0,14.0,3.0,189.0,,,,128.0,15.0,5450.0,565.0,39.0,13101.0,133.0,18.0,2673.0,49.0,7.0,1150.0,7.0,3.0,389.0,56.0,4.0,1312.0,,,,,,,684.0,22.0,19334.0,11.0,4.0,294.0,35.0,5.0,583.0,,,,48.0,8.0,2782.0,,,,,,,21.0,4.0,1399.0,,,,,,,184.0,50.0,9378.0,1177.0,97.0,92840.0,,,,78.0,3.0,1739.0,,,,,,,110.0,8.0,11817.0,31.0,7.0,3172.0,36.0,3.0,3470.0,,,,,,,,,,105.0,5.0,5164.0,,,,30.0,3.0,1627.0,,,,,,,,,,,,,,,,,,,,,,152.0,22.0,8380.0,,,,,,,,,,234.0,21.0,9977.0,52.0,19.0,1729.0,,,,,,,9.0,6.0,864.0,,,,111.0,28.0,4999.0,,,,61.0,23.0,1386.0,6.0,5.0,88.0,46.0,14.0,1846.0,19.0,3.0,1029.0,17.0,3.0,471.0,,,,511.0,36.0,37652.0,,,,80.0,20.0,3489.0,112.0,16.0,5896.0,131.0,14.0,7765.0,,,,27.0,3.0,1474.0,78.0,18.0,4161.0,,,,,,,73.0,6.0,2032.0,249.0,9.0,20050.0,45.0,8.0,1780.0,,,,420.0,7.0,24024.0,,,,,,,71.0,5.0,1931.0,89.0,20.0,1625.0,24.0,6.0,1604.0,224.0,10.0,16682.0,,,,214.0,15.0,11924.0,,,,,,,,,,,,,,,,7.0,5.0,153.0,,,,62.0,13.0,3959.0,126.0,12.0,5868.0,92.0,20.0,3676.0,239.0,11.0,12150.0,,,,194.0,6.0,4698.0,,,,,,,,,,,,,203.0,4.0,6392.0,59.0,3.0,1659.0,,,,,,,203.0,12.0,2864.0,45.0,6.0,1050.0,,,,176.0,14.0,3974.0,,,,,,,,,,,,,,,,,,,,,,70.0,8.0,1303.0,571.0,27.0,13722.0,,,,,,,124.0,8.0,1651.0,26.0,3.0,483.0,2130.0,116.0,36304.0,184.0,39.0,7445.0,,,,356.0,27.0,22607.0,,,,30.0,4.0,453.0,,,,37.0,5.0,1454.0,,,,306.0,52.0,6207.0,,,,7.0,4.0,186.0,56.0,8.0,1189.0,13.0,6.0,458.0
35027,Lincoln County,19,-81.21,35.49,12513.22,0.0,0.02,,,,,,,,,,,,,,,,,,,,,,,,,,,,37.0,3.0,2628.0,,,,,,,99.0,42.0,3017.0,16.0,5.0,666.0,,,,,,,,,,,,,38.0,10.0,814.0,70.0,22.0,2238.0,6.0,5.0,96.0,36.0,9.0,1336.0,,,,,,,,,,,,,,,,,,,,,,48.0,3.0,1677.0,,,,,,,,,,,,,,,,,,,,,,,,,,,,,,,,,,,,,,,,,,,,,,,,,,,,,,,,,,,,,,,,,,,,,,,,,,,,,,,,,,,,,,,,,,,,,,,,,,,,,,,,,,,,,,,,,,,,,,,,,,,,,,,,,,,,,,,,,,,,,,,,,,,,,,,,,,,,,,,,,,,,,,,,,,,,,,,,,,55.0,3.0,3519.0,,,,51.0,8.0,1751.0,31.0,6.0,1085.0,16.0,5.0,514.0,11.0,3.0,230.0,82.0,8.0,3009.0,32.0,5.0,906.0,,,,,,,,,,74.0,7.0,3236.0,151.0,15.0,2806.0,109.0,16.0,1993.0,,,,14.0,6.0,395.0,23.0,6.0,318.0,,,,,,,282.0,9.0,7736.0,,,,9.0,3.0,155.0,13.0,4.0,253.0,25.0,10.0,412.0,,,,,,,22.0,4.0,635.0,,,,,,,,,,9.0,3.0,161.0,,,,,,,,,,,,,,,,,,,,,,,,,,,,,,,,,,,,,,,,,,,,,,4.0,3.0,161.0,,,,,,,,,,,,,24.0,4.0,1357.0,,,,,,,5.0,3.0,137.0,163.0,14.0,7007.0,11.0,5.0,301.0,8.0,4.0,269.0,,,,6.0,3.0,453.0,,,,52.0,11.0,2208.0,,,,22.0,13.0,595.0,44.0,24.0,1402.0,78.0,14.0,3173.0,,,,23.0,6.0,508.0,,,,,,,,,,47.0,14.0,2682.0,20.0,10.0,801.0,10.0,7.0,680.0,,,,,,,10.0,5.0,587.0,,,,,,,31.0,6.0,1048.0,,,,,,,,,,,,,6.0,3.0,143.0,,,,,,,60.0,15.0,1622.0,,,,,,,,,,,,,,,,,,,,,,,,,,,,19.0,3.0,150.0,,,,35.0,12.0,1212.0,27.0,4.0,1234.0,45.0,8.0,1913.0,,,,,,,,,,,,,,,,,,,,,,,,,,,,,,,,,,136.0,6.0,1386.0,,,,,,,28.0,3.0,353.0,,,,151.0,3.0,5779.0,,,,,,,,,,,,,,,,213.0,13.0,6384.0,272.0,25.0,5204.0,6.0,3.0,105.0,,,,43.0,3.0,562.0,2.0,3.0,79.0,838.0,50.0,14979.0,32.0,12.0,953.0,,,,,,,,,,27.0,4.0,511.0,,,,,,,,,,140.0,23.0,2710.0,,,,25.0,3.0,698.0,,,,46.0,11.0,1157.0
35028,Los Alamos County,18,-106.32,35.86,283.07,0.06,0.17,,,,,,,,,,,,,,,,,,,,,,,,,,,,,,,,,,,,,24.0,9.0,788.0,,,,,,,,,,,,,,,,,,,85.0,9.0,4871.0,13.0,3.0,346.0,,,,,,,,,,,,,,,,,,,,,,,,,,,,,,,,,,,,,,,,,,,,,,,,,,,,,,,,,,,,,,,,,,,,,,,,,,,,,,,,,,,,,,,,,,,,,,22.0,3.0,1275.0,,,,,,,,,,,,,,,,,,,,,,,,,,,,,,,,,,,,,,,,,,,,,,,,,,,,,,,,,,,,,,,,,,,,,,,,,,,,,,,,,,,,,,,,,,,,,,,,,,,,,,,,,,,,,,,,,,,,,,,,,,,,,,,37.0,3.0,1178.0,,,,310.0,3.0,9050.0,,,,,,,,,,16.0,3.0,357.0,,,,,,,,,,,,,,,,,,,,,,,,,,,,,,,21.0,5.0,346.0,,,,,,,,,,,,,,,,,,,,,,,,,,,,,,,,,,,,,,,,,,,,,,,,,,,,,,,,,,,,,,,,,,,,,,,,,,,,,,,,,,13.0,5.0,747.0,,,,,,,,,,265.0,9.0,17012.0,,,,,,,,,,,,,,,,25.0,7.0,1482.0,,,,99.0,11.0,2489.0,,,,22.0,7.0,1209.0,,,,,,,,,,,,,,,,,,,32.0,3.0,957.0,508.0,12.0,58096.0,,,,31.0,8.0,3130.0,60.0,10.0,5203.0,10197.0,9.0,1055844.0,,,,52.0,4.0,657.0,,,,,,,,,,,,,,,,,,,,,,73.0,10.0,2138.0,,,,,,,,,,15.0,3.0,21821.0,,,,,,,,,,,,,,,,24.0,3.0,307.0,,,,217.0,20.0,13982.0,73.0,10.0,3641.0,35.0,16.0,1396.0,,,,,,,,,,,,,,,,,,,,,,,,,,,,,,,,,,88.0,11.0,1855.0,,,,,,,58.0,6.0,1861.0,,,,,,,,,,,,,,,,,,,,,,103.0,8.0,808.0,56.0,4.0,841.0,,,,,,,74.0,3.0,1588.0,,,,392.0,26.0,7119.0,32.0,10.0,1367.0,,,,,,,,,,19.0,5.0,319.0,,,,,,,17.0,3.0,267.0,135.0,17.0,2568.0,,,,,,,141.0,7.0,1454.0,14.0,4.0,226.0
35029,Luna County,24,-107.77,32.13,7679.98,0.0,0.16,,,,,,,,,,,,,,,,,,,,,,,,,,,,41.0,3.0,2928.0,,,,,,,11.0,7.0,257.0,20.0,5.0,1696.0,,,,,,,,,,,,,,,,46.0,12.0,1739.0,,,,34.0,4.0,1243.0,,,,,,,,,,,,,,,,,,,,,,,,,,,,,,,,,,,,,,,,,,,,,,,,,,,,,,,,,,,,,,,,,,,,,,,,,,,,,,,,,,,,,,,,,,,,,,,,,,,,,,,,,,,,,,,,,,,,,,,,,,,,,,,,,,,,,,,,,,,,,,,,,,,,,,,,,,,,,,,,,,,,,,,,,,,,,,,,,,,,,,,,,,,,,,,,,,,,,,,,,,55.0,5.0,1760.0,,,,46.0,6.0,976.0,,,,,,,,,,,,,,,,,,,,,,29.0,4.0,750.0,,,,220.0,15.0,4228.0,,,,,,,,,,,,,,,,,,,352.0,7.0,8012.0,,,,,,,,,,13.0,3.0,366.0,,,,,,,16.0,3.0,437.0,,,,,,,49.0,12.0,2134.0,11.0,3.0,551.0,,,,,,,,,,25.0,3.0,406.0,,,,,,,,,,,,,,,,,,,,,,,,,,,,,,,,,,,,,,,,,,,,,,,,,20.0,7.0,924.0,,,,,,,,,,68.0,7.0,2901.0,20.0,8.0,560.0,10.0,4.0,185.0,,,,,,,,,,13.0,4.0,389.0,,,,24.0,10.0,572.0,,,,6.0,4.0,246.0,,,,,,,,,,,,,,,,18.0,5.0,532.0,20.0,5.0,917.0,,,,,,,,,,,,,,,,,,,38.0,5.0,829.0,,,,,,,,,,,,,,,,,,,,,,51.0,9.0,1033.0,,,,,,,,,,,,,,,,,,,,,,,,,,,,,,,,,,88.0,10.0,6346.0,55.0,7.0,1684.0,26.0,6.0,1532.0,86.0,5.0,4402.0,,,,8.0,4.0,4110.0,,,,,,,,,,,,,,,,,,,,,,,,,511.0,6.0,4972.0,,,,,,,79.0,7.0,1273.0,,,,,,,,,,,,,,,,,,,,,,47.0,4.0,547.0,205.0,13.0,2334.0,8.0,3.0,68.0,,,,26.0,3.0,722.0,,,,569.0,43.0,7234.0,34.0,11.0,762.0,,,,,,,,,,,,,,,,,,,,,,46.0,12.0,616.0,,,,,,,22.0,4.0,221.0,,,
35031,McKinley County,73,-108.15,35.64,14128.91,0.01,0.17,,,,,,,,,,,,,,,,,,,,,,,,,,,,,,,,,,13.0,4.0,522.0,29.0,11.0,696.0,121.0,9.0,6635.0,,,,,,,,,,,,,17.0,5.0,422.0,186.0,19.0,7599.0,,,,16.0,3.0,404.0,,,,,,,,,,,,,,,,,,,,,,,,,,,,,,,,,,,,,,,,,,,,,,,,,,,,,,,,,,,,,,,,,,,,,,,,,,,,,,,,,,,,,,,,,,,,,,,,,,,,,,,,,,,,,,,,,,,,,,,,,,,,,,,,,,,,,,,,,,,,,,123.0,13.0,2423.0,,,,,,,,,,,,,,,,,,,,,,,,,292.0,22.0,7697.0,,,,,,,,,,173.0,9.0,6384.0,,,,,,,,,,,,,20.0,5.0,610.0,,,,366.0,19.0,12921.0,,,,199.0,17.0,5480.0,57.0,7.0,1910.0,,,,35.0,4.0,1358.0,222.0,8.0,5284.0,57.0,3.0,1248.0,570.0,12.0,12513.0,,,,80.0,7.0,1337.0,84.0,9.0,3037.0,584.0,46.0,11009.0,83.0,13.0,1510.0,64.0,9.0,804.0,31.0,8.0,728.0,22.0,3.0,713.0,,,,,,,716.0,17.0,15884.0,,,,15.0,4.0,180.0,,,,30.0,6.0,784.0,,,,,,,48.0,7.0,1669.0,,,,,,,56.0,9.0,2370.0,24.0,4.0,1141.0,,,,,,,,,,587.0,6.0,13203.0,,,,24.0,7.0,2194.0,,,,,,,,,,,,,27.0,7.0,686.0,,,,,,,,,,,,,41.0,3.0,1115.0,,,,,,,,,,34.0,4.0,1367.0,78.0,14.0,3317.0,,,,,,,,,,113.0,13.0,5049.0,263.0,44.0,7478.0,35.0,6.0,809.0,,,,,,,,,,55.0,12.0,1835.0,,,,76.0,23.0,2402.0,19.0,4.0,580.0,31.0,4.0,733.0,20.0,3.0,701.0,44.0,6.0,1473.0,,,,,,,,,,48.0,16.0,2343.0,69.0,18.0,2005.0,105.0,6.0,3184.0,,,,,,,,,,,,,,,,,,,14.0,3.0,306.0,,,,,,,,,,,,,,,,105.0,4.0,2137.0,38.0,9.0,460.0,,,,,,,,,,,,,311.0,6.0,9590.0,,,,,,,,,,,,,,,,,,,76.0,19.0,5995.0,112.0,12.0,5184.0,67.0,14.0,2505.0,347.0,13.0,17964.0,,,,523.0,8.0,8803.0,109.0,6.0,6462.0,1920.0,4.0,135162.0,,,,,,,,,,287.0,11.0,6816.0,,,,,,,752.0,19.0,11754.0,39.0,4.0,798.0,,,,59.0,3.0,958.0,,,,,,,,,,,,,,,,,,,,,,33.0,5.0,719.0,424.0,38.0,6711.0,,,,,,,147.0,3.0,2244.0,17.0,3.0,199.0,2188.0,97.0,31173.0,207.0,35.0,4841.0,,,,,,,,,,14.0,4.0,371.0,33.0,4.0,1290.0,87.0,11.0,1885.0,,,,225.0,33.0,4910.0,,,,,,,27.0,3.0,597.0,16.0,5.0,522.0
35033,Mora County,5,-104.91,35.97,4999.85,0.0,0.0,,,,,,,,,,,,,,,,,,,,,,,,,,,,,,,,,,,,,,,,,,,,,,,,,,,,,,,,,,5.0,3.0,254.0,,,,,,,,,,,,,,,,,,,,,,,,,,,,,,,,,,,,,,,,,,,,,,,,,,,,,,,,,,,,,,,,,,,,,,,,,,,,,,,,,,,,,,,,,,,,,,,,,,,,,,,,,,,,,,,,,,,,,,,,,,,,,,,,,,,,,,,,,,,,,,,,,,,,,,,,,,,,,,,,,,,,,,,,,,,,,,,,,,,,,,,,,,,,,,,,,,,,,,,,,,,,,,,,,,,,,,,,,,,,,,,,,,,,,,,,,,,,,,,,,,,,32.0,4.0,541.0,,,,,,,,,,,,,,,,,,,,,,,,,,,,,,,,,,,,,,,,,,,,,,,,,,,,,,,,,,,,,,,,,,,,,,,,,,,,,,,,,,,,,,,,,,,,,,,,,,,,,,,,,,,,,,,,,,,,,,,,,,,,,,,6.0,3.0,175.0,,,,,,,,,,,,,,,,,,,,,,,,,,,,,,,,,,,,,,,,,,,,,,,,,,,,,,,,,,,,,,,,,,,,,,,,,,,,,,,,,,,,,,,,,,,,,,,,,,,,,,,,,,,,,,,,,,,,,,,,,,,,,,,,,,,,,,,,,,,,,,,,,,,,,,,,,,,,,,,,,,,,,,,,,,,,,,,,,,,,,,,,,,,,,,,,,,,,,,,,,,,,,,,,,,,,,,,,,,,,,,,,,,,,,,,,,,,,,,,,,,,,,,,,,,,,,,,,,,,,,,,,
35035,Otero County,66,-103.74,37.89,17164.37,0.0,0.76,,,,,,,,,,,,,,,,,,,,,,69.0,4.0,2820.0,,,,,,,,,,18.0,9.0,392.0,97.0,28.0,4020.0,105.0,8.0,4467.0,36.0,3.0,1653.0,,,,,,,,,,92.0,17.0,2466.0,303.0,34.0,12428.0,30.0,8.0,1155.0,102.0,12.0,3425.0,,,,,,,,,,,,,,,,,,,,,,,,,,,,,,,,,,,,,,,,10.0,3.0,229.0,,,,,,,,,,,,,,,,,,,,,,,,,19.0,4.0,487.0,,,,,,,,,,,,,,,,,,,,,,,,,,,,,,,,,,,,,,,,,,,,,,,,,,,,,,,,,,,,,,,,,,,,,,,,,,,,,,,,,,,,,,,,,,,,,,,,,,,,,,,,,,,,,,,,,,,,,,,,,,,,,,,,,,,,,192.0,12.0,8617.0,,,,151.0,12.0,3845.0,21.0,3.0,559.0,33.0,9.0,874.0,53.0,4.0,957.0,326.0,16.0,8243.0,,,,435.0,8.0,9571.0,,,,,,,59.0,8.0,2295.0,253.0,21.0,5549.0,91.0,8.0,1327.0,,,,16.0,5.0,321.0,34.0,9.0,1097.0,,,,,,,419.0,16.0,11413.0,,,,57.0,8.0,1045.0,,,,33.0,8.0,780.0,5.0,4.0,152.0,,,,34.0,5.0,1352.0,,,,,,,12.0,5.0,639.0,69.0,12.0,1947.0,,,,,,,,,,,,,,,,,,,,,,,,,34.0,4.0,2623.0,,,,8.0,3.0,154.0,,,,,,,,,,,,,11.0,3.0,277.0,,,,,,,,,,32.0,3.0,811.0,216.0,24.0,9847.0,,,,,,,,,,210.0,14.0,7748.0,27.0,15.0,921.0,,,,,,,11.0,6.0,1180.0,,,,64.0,16.0,1919.0,,,,42.0,15.0,1133.0,49.0,12.0,1154.0,21.0,8.0,665.0,,,,31.0,6.0,1037.0,,,,,,,,,,57.0,12.0,2231.0,36.0,11.0,810.0,86.0,11.0,5785.0,,,,16.0,10.0,908.0,20.0,9.0,1046.0,30.0,4.0,2309.0,5.0,3.0,75.0,91.0,9.0,3555.0,,,,,,,51.0,3.0,3056.0,,,,,,,,,,,,,91.0,20.0,1523.0,,,,36.0,4.0,1412.0,,,,19.0,4.0,513.0,,,,,,,,,,,,,26.0,3.0,1983.0,17.0,4.0,190.0,,,,206.0,28.0,15819.0,125.0,11.0,5937.0,371.0,19.0,9138.0,153.0,12.0,8471.0,23.0,3.0,1031.0,90.0,4.0,2704.0,68.0,3.0,3783.0,,,,,,,,,,,,,,,,,,,,,,313.0,12.0,4148.0,,,,,,,165.0,9.0,2512.0,,,,,,,,,,,,,8.0,3.0,256.0,,,,,,,313.0,9.0,3972.0,984.0,20.0,30804.0,,,,,,,,,,,,,1249.0,69.0,17772.0,123.0,28.0,3639.0,,,,,,,,,,19.0,9.0,313.0,,,,22.0,3.0,388.0,,,,259.0,43.0,4146.0,7.0,3.0,167.0,17.0,4.0,313.0,82.0,10.0,922.0,39.0,5.0,595.0
35037,Quay County,8,-103.42,35.14,7462.27,0.0,0.0,,,,,,,,,,,,,,,,,,,,,,,,,,,,31.0,5.0,2227.0,,,,,,,10.0,5.0,162.0,,,,11.0,4.0,537.0,,,,,,,,,,,,,11.0,3.0,254.0,,,,15.0,3.0,571.0,,,,,,,,,,,,,,,,,,,,,,,,,,,,,,,,,,,,,,,,,,,,,,,,,,,,,,,,,,,,,,,,,,,,,,,,,,,,,,,,,,,,,,,,,,,,,,,,,,,,,,,,,,,,,,,,,,,,,,,,,,,,,,,,,,,,,,,,,,,,,,,,,,,,,,,,,,,,,,,,,,,,,,,,,,,,,,,,,,,,,,,,,,,,,,,,,,,,,,,,,,,,,,,,,,,,,,,,,,,,,,,,,,,,,,,,,,,,,,243.0,12.0,5734.0,,,,,,,,,,,,,,,,,,,56.0,4.0,945.0,,,,,,,,,,,,,,,,,,,,,,,,,,,,15.0,5.0,858.0,19.0,3.0,620.0,,,,,,,,,,,,,,,,,,,,,,,,,,,,,,,33.0,6.0,854.0,,,,,,,,,,,,,,,,,,,,,,,,,,,,13.0,4.0,738.0,,,,,,,,,,56.0,7.0,2543.0,,,,,,,,,,,,,,,,11.0,4.0,403.0,,,,7.0,4.0,51.0,,,,5.0,4.0,215.0,,,,,,,,,,,,,,,,13.0,5.0,297.0,,,,,,,,,,,,,,,,,,,,,,,,,,,,,,,,,,,,,,,,,,,,,,,,,,,,,,,,,,,,,,,,,,,,,,,,,,,,,,,,,,,,,,,,12.0,3.0,243.0,39.0,3.0,2650.0,,,,,,,,,,,,,,,,,,,,,,,,,,,,,,,140.0,3.0,2161.0,,,,,,,,,,,,,,,,,,,,,,,,,,,,,,,7.0,3.0,76.0,161.0,15.0,2748.0,,,,,,,,,,,,,284.0,17.0,4151.0,35.0,8.0,1399.0,,,,,,,,,,,,,,,,,,,,,,28.0,9.0,465.0,,,,,,,19.0,4.0,131.0,,,
35039,Rio Arriba County,39,-106.82,36.55,15271.42,0.0,0.05,30.0,9.0,751.0,,,,,,,,,,,,,,,,,,,,,,,,,,,,,,,,,,68.0,19.0,1905.0,51.0,10.0,2216.0,10.0,5.0,506.0,,,,,,,,,,14.0,8.0,317.0,75.0,25.0,2435.0,15.0,6.0,483.0,30.0,5.0,1233.0,,,,,,,,,,,,,,,,,,,,,,34.0,4.0,659.0,,,,,,,,,,,,,,,,,,,,,,,,,,,,,,,,,,,,,,,,,,,,,,,,,,,,,,,,,,,,,,,,,,,,,,,,,,,,,,,,,,,,,,,,,,,,,,,,,,,,,,,,,,,,,6.0,3.0,223.0,,,,,,,,,,,,,,,,,,,,,,,,,,,,,,,,,,,,,,,,,,,,,,,,,,,,,,,,,,,,,,,,,,,57.0,3.0,2448.0,,,,76.0,6.0,2166.0,,,,,,,,,,207.0,8.0,5900.0,7.0,3.0,263.0,67.0,4.0,1466.0,2.0,3.0,68.0,19.0,3.0,324.0,54.0,3.0,2298.0,117.0,16.0,2026.0,14.0,3.0,147.0,,,,,,,,,,,,,,,,390.0,11.0,9886.0,,,,18.0,5.0,439.0,,,,22.0,9.0,519.0,,,,,,,27.0,3.0,1154.0,,,,,,,23.0,7.0,624.0,4.0,3.0,43.0,,,,5.0,3.0,80.0,,,,,,,,,,,,,,,,,,,,,,,,,,,,,,,,,,,,,,,,,,,,,,,,,,,,,,,44.0,8.0,2642.0,,,,,,,,,,84.0,8.0,4025.0,24.0,10.0,1182.0,,,,,,,,,,,,,36.0,9.0,1006.0,,,,28.0,9.0,668.0,5.0,5.0,228.0,11.0,3.0,396.0,,,,,,,,,,,,,,,,6.0,4.0,158.0,28.0,8.0,1599.0,,,,,,,20.0,8.0,584.0,17.0,9.0,1171.0,,,,,,,,,,55.0,3.0,3409.0,,,,,,,,,,,,,,,,,,,56.0,5.0,1352.0,,,,,,,,,,,,,,,,,,,,,,,,,,,,24.0,4.0,307.0,,,,105.0,17.0,6854.0,39.0,4.0,1799.0,33.0,15.0,840.0,268.0,11.0,12981.0,,,,182.0,3.0,2054.0,,,,,,,,,,,,,,,,,,,,,,,,,141.0,11.0,2833.0,,,,,,,70.0,11.0,1679.0,,,,,,,,,,2.0,4.0,234.0,,,,,,,,,,68.0,10.0,2108.0,698.0,21.0,16626.0,19.0,5.0,1401.0,,,,,,,2.0,3.0,62.0,792.0,42.0,12530.0,19.0,8.0,496.0,2.0,3.0,32.0,,,,,,,,,,,,,5.0,3.0,42.0,,,,94.0,21.0,1713.0,88.0,3.0,3420.0,,,,,,,9.0,3.0,383.0
35041,Roosevelt County,19,-104.97,48.31,6354.84,0.0,0.02,,,,,,,,,,,,,,,,,,,,,,,,,,,,47.0,4.0,3333.0,,,,,,,22.0,12.0,453.0,56.0,6.0,2014.0,6.0,3.0,110.0,,,,,,,,,,21.0,6.0,559.0,52.0,9.0,1850.0,19.0,3.0,435.0,,,,,,,,,,,,,,,,,,,,,,,,,,,,,,,,,,,,,,,,,,,,,,,,,,,,,,,,,,,,,,,,,,,,,,,,,,,,,,,,,,,,,,,,,,,,,,,,,,,,,,,,,,,,,,,,,,,,,,,,,,,,,,,,,,,,,,,,,,,,,,,,,,,,,,,,,,,,,,,,,,,,,,,,,,,,,,,,,,,,,,,,,,,,,,,,,,,,,,,39.0,4.0,1060.0,,,,68.0,4.0,2792.0,,,,24.0,4.0,879.0,,,,,,,,,,13.0,3.0,311.0,,,,,,,,,,,,,,,,96.0,9.0,2057.0,,,,,,,,,,,,,,,,,,,207.0,4.0,5483.0,,,,,,,,,,,,,,,,,,,,,,,,,,,,73.0,11.0,3536.0,302.0,14.0,16829.0,,,,30.0,3.0,529.0,,,,,,,,,,,,,,,,,,,,,,,,,,,,,,,,,,,,,,,,,,,,,,,,,,,,,,,49.0,5.0,2212.0,,,,,,,,,,61.0,7.0,2730.0,15.0,6.0,853.0,,,,,,,,,,,,,27.0,9.0,810.0,,,,20.0,6.0,493.0,,,,18.0,3.0,429.0,,,,,,,,,,,,,,,,26.0,5.0,639.0,23.0,5.0,517.0,,,,,,,,,,,,,,,,,,,,,,,,,,,,,,,,,,,,,,,,,,,16.0,5.0,552.0,,,,,,,,,,,,,,,,,,,,,,,,,,,,,,,,,,11.0,3.0,296.0,20.0,3.0,1221.0,32.0,6.0,869.0,96.0,3.0,4596.0,,,,,,,,,,,,,,,,,,,,,,,,,,,,,,,105.0,6.0,1532.0,,,,,,,46.0,7.0,861.0,,,,,,,,,,,,,,,,,,,,,,8.0,3.0,124.0,37.0,4.0,441.0,,,,,,,28.0,4.0,173.0,,,,442.0,24.0,6270.0,37.0,8.0,939.0,,,,19.0,3.0,1065.0,,,,,,,,,,,,,,,,100.0,22.0,1499.0,,,,,,,,,,,,
35043,Sandoval County,141,-106.85,35.59,9620.18,0.01,0.27,,,,,,,,,,,,,,,,,,,,,,,,,18.0,3.0,634.0,77.0,3.0,7273.0,9.0,3.0,430.0,81.0,6.0,4690.0,167.0,54.0,6893.0,419.0,19.0,16271.0,17.0,4.0,813.0,6.0,3.0,325.0,161.0,6.0,10684.0,,,,226.0,20.0,9053.0,416.0,66.0,18857.0,194.0,32.0,6675.0,160.0,27.0,8074.0,,,,,,,,,,,,,,,,,,,,,,39.0,4.0,1619.0,,,,,,,,,,,,,,,,17.0,4.0,495.0,,,,,,,,,,,,,,,,,,,,,,,,,54.0,5.0,2522.0,,,,,,,,,,,,,,,,275.0,9.0,14128.0,,,,25.0,3.0,1158.0,,,,,,,,,,,,,,,,,,,,,,,,,,,,8.0,3.0,752.0,,,,,,,,,,5.0,3.0,166.0,,,,,,,,,,2.0,3.0,78.0,11.0,3.0,454.0,31.0,3.0,2138.0,,,,,,,84.0,4.0,9155.0,,,,22.0,4.0,4228.0,7.0,3.0,222.0,22.0,3.0,1123.0,,,,,,,33.0,3.0,1104.0,,,,,,,,,,,,,65.0,4.0,2864.0,11.0,4.0,771.0,290.0,4.0,15335.0,,,,142.0,19.0,4394.0,,,,38.0,7.0,1100.0,11.0,3.0,178.0,316.0,9.0,7681.0,19.0,5.0,456.0,482.0,13.0,12701.0,15.0,4.0,232.0,11.0,3.0,226.0,225.0,14.0,8123.0,347.0,35.0,7218.0,78.0,9.0,1510.0,,,,,,,59.0,9.0,727.0,,,,,,,932.0,13.0,22424.0,,,,,,,44.0,6.0,834.0,61.0,11.0,1320.0,53.0,14.0,2426.0,,,,29.0,9.0,827.0,,,,,,,14.0,13.0,598.0,43.0,8.0,1519.0,,,,,,,,,,,,,,,,,,,,,,,,,,,,,,,13.0,3.0,189.0,38.0,3.0,1418.0,,,,,,,20.0,3.0,492.0,44.0,5.0,2205.0,,,,54.0,8.0,1157.0,,,,,,,93.0,12.0,5576.0,,,,,,,9.0,5.0,422.0,745.0,33.0,29143.0,48.0,19.0,1964.0,16.0,6.0,275.0,4.0,3.0,308.0,12.0,7.0,908.0,,,,135.0,46.0,4612.0,,,,45.0,23.0,952.0,88.0,32.0,4748.0,80.0,20.0,2853.0,22.0,3.0,618.0,20.0,4.0,554.0,,,,22.0,4.0,1377.0,,,,49.0,20.0,2604.0,127.0,25.0,3553.0,185.0,38.0,12738.0,8.0,5.0,189.0,110.0,39.0,6571.0,74.0,37.0,4816.0,,,,5.0,5.0,401.0,134.0,22.0,5429.0,21.0,5.0,1296.0,21.0,8.0,1469.0,,,,,,,2660.0,12.0,172169.0,,,,51.0,9.0,1134.0,260.0,59.0,6042.0,9.0,6.0,548.0,112.0,8.0,6045.0,,,,15.0,3.0,996.0,,,,,,,,,,7.0,5.0,280.0,72.0,3.0,1897.0,56.0,16.0,888.0,19.0,6.0,813.0,219.0,32.0,15825.0,326.0,50.0,15753.0,213.0,45.0,7367.0,380.0,16.0,18683.0,137.0,8.0,5903.0,34.0,3.0,571.0,29.0,4.0,1958.0,,,,,,,,,,208.0,4.0,8055.0,,,,407.0,10.0,9848.0,,,,590.0,35.0,12550.0,23.0,3.0,603.0,,,,335.0,21.0,7444.0,,,,,,,,,,7.0,8.0,200.0,,,,,,,,,,266.0,17.0,3576.0,1115.0,16.0,38587.0,16.0,5.0,669.0,,,,255.0,8.0,4326.0,105.0,6.0,1965.0,3266.0,137.0,49887.0,191.0,40.0,6998.0,26.0,5.0,1356.0,5.0,4.0,192.0,6.0,5.0,96.0,57.0,18.0,1504.0,48.0,5.0,1644.0,23.0,5.0,377.0,124.0,17.0,1988.0,595.0,44.0,13558.0,,,,11.0,4.0,484.0,40.0,7.0,554.0,16.0,6.0,760.0
35045,San Juan County,127,-107.65,37.76,14344.21,0.01,0.21,,,,,,,,,,,,,459.0,24.0,39341.0,688.0,4.0,66088.0,,,,,,,2249.0,108.0,181270.0,,,,,,,122.0,12.0,12604.0,128.0,40.0,3734.0,100.0,13.0,5065.0,449.0,17.0,33407.0,,,,18.0,3.0,665.0,,,,236.0,29.0,8438.0,429.0,58.0,22485.0,139.0,29.0,5644.0,533.0,36.0,26053.0,,,,,,,,,,,,,,,,,,,,,,,,,,,,,,,,,,,,,,,,31.0,7.0,766.0,,,,,,,,,,,,,,,,,,,,,,,,,451.0,5.0,29740.0,,,,,,,,,,,,,,,,48.0,7.0,1579.0,,,,80.0,11.0,3238.0,,,,,,,512.0,5.0,25285.0,,,,,,,,,,97.0,3.0,7033.0,,,,,,,,,,,,,,,,,,,29.0,4.0,1112.0,,,,,,,52.0,4.0,2258.0,141.0,13.0,7468.0,17.0,3.0,766.0,13.0,3.0,732.0,6.0,4.0,528.0,29.0,4.0,1232.0,92.0,5.0,6598.0,43.0,7.0,3023.0,673.0,63.0,46086.0,46.0,7.0,1393.0,,,,,,,,,,74.0,6.0,3166.0,,,,81.0,12.0,5450.0,34.0,4.0,1393.0,,,,42.0,5.0,1512.0,8.0,5.0,287.0,670.0,28.0,36173.0,56.0,7.0,2209.0,408.0,42.0,13136.0,62.0,10.0,1975.0,66.0,10.0,2291.0,98.0,9.0,2998.0,453.0,27.0,12090.0,76.0,8.0,1906.0,694.0,15.0,16515.0,22.0,5.0,364.0,25.0,5.0,578.0,231.0,21.0,7774.0,510.0,59.0,10040.0,285.0,28.0,4197.0,58.0,11.0,943.0,40.0,7.0,1354.0,216.0,22.0,3980.0,4.0,3.0,161.0,218.0,3.0,4101.0,1247.0,28.0,30118.0,18.0,5.0,284.0,52.0,7.0,1231.0,64.0,9.0,1045.0,107.0,28.0,3136.0,8.0,3.0,218.0,,,,109.0,13.0,3930.0,,,,,,,274.0,35.0,14041.0,465.0,31.0,23840.0,,,,,,,,,,,,,,,,129.0,9.0,12094.0,20.0,4.0,15660.0,,,,24.0,6.0,1277.0,,,,12.0,6.0,368.0,,,,81.0,4.0,3644.0,,,,15.0,3.0,1927.0,68.0,4.0,1779.0,,,,106.0,4.0,1286.0,,,,60.0,5.0,2178.0,115.0,20.0,6068.0,,,,,,,,,,416.0,32.0,16516.0,196.0,45.0,6483.0,45.0,10.0,1003.0,,,,32.0,9.0,4156.0,,,,166.0,42.0,8292.0,,,,123.0,34.0,2940.0,33.0,23.0,1569.0,42.0,17.0,1458.0,15.0,3.0,373.0,51.0,10.0,1906.0,14.0,3.0,355.0,394.0,15.0,29806.0,,,,127.0,41.0,6975.0,273.0,48.0,7820.0,301.0,38.0,15278.0,7.0,5.0,143.0,30.0,8.0,1971.0,266.0,49.0,19666.0,52.0,4.0,2248.0,18.0,8.0,424.0,99.0,13.0,4884.0,257.0,16.0,12117.0,9.0,4.0,241.0,,,,212.0,7.0,10475.0,38.0,5.0,1478.0,,,,52.0,8.0,1703.0,251.0,54.0,6213.0,24.0,5.0,952.0,178.0,7.0,10261.0,,,,111.0,11.0,5808.0,246.0,7.0,8481.0,,,,,,,10.0,4.0,497.0,,,,27.0,11.0,220.0,,,,608.0,67.0,62390.0,449.0,41.0,19881.0,314.0,52.0,12661.0,486.0,22.0,24998.0,,,,298.0,13.0,9799.0,112.0,6.0,4273.0,,,,,,,,,,429.0,5.0,13453.0,103.0,14.0,2165.0,217.0,5.0,4924.0,,,,1394.0,26.0,18519.0,41.0,8.0,622.0,,,,370.0,15.0,6761.0,,,,163.0,3.0,3638.0,,,,,,,,,,,,,342.0,3.0,10936.0,233.0,20.0,4301.0,451.0,36.0,8514.0,18.0,3.0,418.0,,,,215.0,9.0,3657.0,8.0,3.0,114.0,4444.0,184.0,63333.0,529.0,66.0,17513.0,210.0,6.0,12600.0,368.0,38.0,22327.0,18.0,5.0,311.0,77.0,20.0,1701.0,69.0,9.0,1650.0,148.0,15.0,4377.0,34.0,10.0,452.0,529.0,64.0,9137.0,16.0,6.0,341.0,18.0,7.0,640.0,20.0,7.0,211.0,14.0,9.0,491.0
35047,San Miguel County,28,-108.47,38.03,12276.0,0.0,0.16,,,,,,,,,,,,,,,,,,,,,,,,,,,,277.0,3.0,28536.0,,,,12.0,5.0,243.0,65.0,17.0,1738.0,57.0,4.0,2415.0,,,,,,,,,,,,,18.0,4.0,478.0,80.0,16.0,3372.0,6.0,4.0,244.0,4.0,5.0,187.0,,,,,,,,,,,,,,,,,,,,,,,,,,,,,,,,,,19.0,3.0,507.0,,,,,,,,,,,,,,,,,,,,,,,,,,,,,,,,,,,,,,,,,,,,,,,,,,,,,,,,,,,,,,,,,,,,,,,,,,,,,,,,,,,,,,,,,,,,,,,,,,,,,,,,,,,,,,,,,,,,,,,,,,,,,,,,,,,,,,,,,,,,,,,,,,,,,,,,,,,,,,,,14.0,3.0,645.0,,,,,,,,,,51.0,6.0,1041.0,,,,,,,,,,77.0,4.0,1735.0,,,,63.0,3.0,1023.0,,,,,,,72.0,6.0,2976.0,166.0,21.0,3404.0,29.0,4.0,258.0,,,,,,,,,,,,,,,,280.0,7.0,7358.0,,,,8.0,3.0,178.0,,,,16.0,5.0,427.0,,,,,,,40.0,7.0,1396.0,,,,,,,,,,4.0,3.0,108.0,,,,,,,,,,,,,,,,,,,,,,,,,,,,,,,,,,,,,27.0,3.0,1306.0,,,,,,,,,,,,,,,,,,,,,,21.0,6.0,1124.0,,,,,,,,,,114.0,10.0,4957.0,34.0,13.0,1062.0,6.0,3.0,127.0,,,,,,,,,,32.0,8.0,975.0,,,,18.0,7.0,377.0,,,,7.0,4.0,227.0,,,,12.0,3.0,503.0,,,,,,,,,,31.0,12.0,964.0,12.0,5.0,164.0,27.0,3.0,1165.0,,,,,,,,,,,,,,,,13.0,3.0,322.0,,,,,,,,,,,,,,,,,,,,,,10.0,4.0,144.0,,,,,,,,,,,,,,,,,,,,,,,,,,,,,,,,,,130.0,18.0,8589.0,70.0,7.0,3298.0,45.0,8.0,1613.0,110.0,8.0,5292.0,,,,307.0,6.0,6515.0,,,,,,,,,,,,,,,,,,,,,,,,,1194.0,15.0,14289.0,,,,,,,,,,,,,,,,,,,,,,,,,,,,,,,,,,152.0,13.0,2127.0,4.0,4.0,254.0,,,,128.0,10.0,2448.0,,,,662.0,44.0,8550.0,26.0,9.0,669.0,,,,,,,,,,4.0,3.0,46.0,17.0,4.0,207.0,,,,,,,42.0,11.0,828.0,,,,8.0,3.0,257.0,26.0,3.0,135.0,4.0,3.0,102.0
35049,Santa Fe County,149,-106.01,35.49,4950.58,0.03,0.27,,,,,,,12.0,7.0,266.0,7.0,5.0,313.0,,,,,,,,,,,,,12.0,3.0,1385.0,57.0,3.0,4931.0,,,,29.0,10.0,1654.0,721.0,173.0,27463.0,112.0,23.0,5460.0,116.0,13.0,5585.0,,,,115.0,6.0,5839.0,,,,448.0,74.0,15729.0,601.0,123.0,26821.0,291.0,67.0,10729.0,216.0,33.0,7681.0,,,,,,,,,,,,,,,,115.0,3.0,3497.0,,,,114.0,7.0,2665.0,,,,,,,9.0,3.0,253.0,,,,,,,40.0,14.0,1223.0,34.0,3.0,1840.0,,,,,,,,,,,,,,,,,,,10.0,3.0,120.0,,,,,,,,,,,,,,,,18.0,3.0,707.0,16.0,3.0,667.0,,,,10.0,5.0,220.0,,,,8.0,3.0,342.0,,,,,,,,,,,,,,,,,,,,,,,,,,,,,,,,,,36.0,7.0,939.0,,,,24.0,4.0,1164.0,83.0,24.0,2692.0,,,,40.0,8.0,2193.0,86.0,7.0,5186.0,87.0,4.0,5552.0,11.0,3.0,451.0,79.0,8.0,6178.0,76.0,6.0,3982.0,24.0,7.0,990.0,112.0,17.0,4681.0,20.0,3.0,770.0,25.0,8.0,1127.0,6.0,4.0,287.0,143.0,11.0,7540.0,,,,20.0,3.0,1179.0,,,,104.0,3.0,4912.0,43.0,13.0,2153.0,10.0,4.0,425.0,624.0,22.0,35333.0,70.0,6.0,2610.0,271.0,24.0,8826.0,83.0,16.0,3094.0,203.0,39.0,8043.0,196.0,15.0,4789.0,618.0,35.0,19686.0,124.0,10.0,3162.0,1663.0,27.0,48539.0,135.0,22.0,2796.0,74.0,13.0,2544.0,494.0,48.0,17729.0,325.0,33.0,8091.0,715.0,80.0,15093.0,178.0,19.0,4090.0,206.0,45.0,8037.0,242.0,29.0,5005.0,26.0,6.0,402.0,214.0,3.0,4441.0,1232.0,18.0,33058.0,15.0,5.0,267.0,215.0,45.0,5849.0,217.0,34.0,5063.0,550.0,148.0,25242.0,51.0,20.0,2016.0,,,,87.0,21.0,3488.0,,,,,,,41.0,12.0,2138.0,38.0,6.0,3395.0,,,,,,,,,,,,,,,,,,,,,,,,,55.0,7.0,2406.0,,,,17.0,5.0,347.0,15.0,3.0,1034.0,227.0,10.0,10463.0,,,,10.0,3.0,386.0,243.0,27.0,10178.0,148.0,11.0,18540.0,156.0,18.0,3404.0,,,,,,,208.0,23.0,15969.0,,,,21.0,8.0,1736.0,28.0,9.0,472.0,765.0,49.0,44996.0,110.0,22.0,5201.0,30.0,9.0,1297.0,347.0,22.0,126302.0,146.0,38.0,27899.0,52.0,5.0,2708.0,163.0,54.0,9598.0,,,,199.0,83.0,7244.0,173.0,91.0,11321.0,273.0,71.0,17686.0,36.0,7.0,1152.0,71.0,14.0,2736.0,,,,32.0,8.0,1510.0,,,,591.0,141.0,49027.0,279.0,100.0,11340.0,405.0,103.0,23703.0,83.0,36.0,3346.0,220.0,67.0,16894.0,224.0,109.0,15735.0,191.0,24.0,15563.0,179.0,23.0,3070.0,405.0,71.0,18334.0,324.0,25.0,23094.0,44.0,19.0,7462.0,,,,171.0,9.0,3978.0,184.0,18.0,4235.0,52.0,11.0,3216.0,128.0,17.0,4558.0,820.0,118.0,23036.0,35.0,6.0,1018.0,,,,,,,27.0,10.0,1219.0,897.0,23.0,35730.0,,,,115.0,3.0,3488.0,37.0,18.0,2860.0,58.0,12.0,1966.0,247.0,47.0,8573.0,19.0,12.0,1216.0,648.0,119.0,53827.0,582.0,79.0,30768.0,414.0,124.0,18280.0,950.0,42.0,59334.0,282.0,11.0,20385.0,684.0,17.0,19815.0,32.0,4.0,1957.0,2024.0,3.0,150297.0,,,,,,,149.0,3.0,5968.0,234.0,6.0,9834.0,438.0,10.0,12833.0,,,,1131.0,59.0,23879.0,197.0,10.0,9677.0,155.0,4.0,2920.0,324.0,22.0,8000.0,165.0,15.0,13214.0,,,,164.0,12.0,7082.0,112.0,69.0,8365.0,218.0,13.0,9189.0,,,,215.0,3.0,8503.0,937.0,40.0,14876.0,3100.0,73.0,87286.0,103.0,9.0,3407.0,,,,205.0,23.0,5264.0,53.0,7.0,1044.0,6449.0,336.0,150604.0,472.0,87.0,20053.0,22.0,6.0,598.0,,,,45.0,13.0,1313.0,225.0,61.0,5818.0,,,,108.0,13.0,3169.0,147.0,29.0,4373.0,397.0,72.0,8606.0,196.0,40.0,14868.0,332.0,51.0,15754.0,78.0,17.0,2239.0,375.0,46.0,18288.0
35051,Sierra County,11,-120.53,39.58,10975.47,0.0,0.0,,,,,,,,,,,,,,,,,,,,,,,,,,,,,,,,,,,,,11.0,8.0,313.0,,,,18.0,4.0,911.0,,,,,,,,,,,,,11.0,3.0,408.0,,,,,,,,,,,,,,,,,,,,,,,,,,,,,,,,,,,,,,,,,,,,,,,,,,,,,,,,,,,,,,,,,,,,,,,,,,,,,,,,,,,,,,,,,,,,,,,,,,,,,,,,,,,,,,,,,,,,,,,,,,,,,,,,,,,,,,,,,,,,,,,,,,,,,,,,,,,,,,,,,,,,,,,,,,,,,,,,,,,,,,,,,,,,,,,,,,,,,,,,,,,,,,,,,,,,,,23.0,7.0,554.0,,,,,,,,,,,,,,,,,,,,,,,,,,,,69.0,9.0,1432.0,22.0,3.0,232.0,,,,,,,,,,,,,,,,167.0,3.0,4335.0,,,,,,,,,,,,,,,,,,,8.0,4.0,241.0,,,,,,,6.0,3.0,185.0,,,,,,,,,,,,,,,,,,,,,,,,,,,,,,,,,,,,,,,,,,,,,,,,,,,,,,,,,,,,,,,,13.0,3.0,650.0,,,,,,,,,,42.0,6.0,1380.0,5.0,3.0,137.0,,,,,,,,,,,,,,,,,,,9.0,4.0,233.0,,,,,,,,,,,,,,,,,,,,,,10.0,4.0,265.0,9.0,3.0,87.0,,,,,,,,,,,,,,,,,,,,,,,,,,,,,,,,,,,,,,,,,,,13.0,3.0,279.0,,,,,,,,,,,,,,,,,,,,,,,,,,,,,,,,,,,,,,,,,,,76.0,3.0,4442.0,,,,109.0,3.0,2142.0,,,,,,,,,,,,,,,,,,,,,,,,,124.0,6.0,1460.0,,,,,,,,,,,,,,,,,,,,,,,,,,,,,,,25.0,4.0,550.0,192.0,14.0,3084.0,19.0,4.0,301.0,,,,,,,,,,329.0,19.0,4178.0,10.0,4.0,276.0,,,,,,,,,,,,,,,,,,,,,,21.0,8.0,335.0,,,,,,,27.0,3.0,299.0,,,
35053,Socorro County,17,-106.92,33.99,17212.96,0.0,0.5,,,,,,,,,,,,,,,,,,,,,,,,,,,,,,,,,,,,,,,,,,,,,,,,,,,,,,,11.0,3.0,265.0,32.0,6.0,840.0,,,,,,,,,,,,,,,,,,,,,,,,,,,,,,,,,,,,,,,,,,,,,,,,,,,,,,,,,,,,,,,,,,,,,,,,,,,,,,,,,,,,,,,,,,,,,,,,,,,,,,,,,,,,,,,,,,,,,,,,,,,,,,,,,,,,,,,,,,,,,,,,,,,,,,,,,,,,,,,,,,,,,,,,,,,,,,,,,,,,,,,,,,,,,,,,,,,,,,,,,,,,,,,,,,,,,,,,,,,,,,,,,,43.0,3.0,799.0,,,,,,,,,,,,,,,,106.0,10.0,1752.0,,,,,,,,,,,,,,,,,,,184.0,7.0,4878.0,,,,,,,,,,,,,,,,,,,5.0,3.0,157.0,,,,,,,,,,7.0,3.0,151.0,,,,,,,,,,,,,,,,,,,,,,,,,,,,,,,,,,,,,,,,,,,,,,,,,,,,,,,,,,,,,9.0,4.0,388.0,,,,,,,,,,46.0,5.0,1826.0,10.0,6.0,269.0,,,,,,,,,,,,,12.0,6.0,324.0,,,,4.0,3.0,54.0,,,,,,,,,,,,,,,,,,,,,,17.0,7.0,685.0,11.0,4.0,353.0,47.0,5.0,1302.0,,,,,,,3.0,3.0,90.0,,,,,,,18.0,3.0,557.0,,,,,,,,,,,,,,,,,,,,,,,,,,,,,,,,,,,,,,,,,,,,,,,,,,,,,,,,,,22.0,3.0,859.0,19.0,4.0,718.0,364.0,5.0,5476.0,45.0,5.0,1652.0,,,,,,,,,,,,,,,,,,,,,,,,,,,,,,,152.0,7.0,1996.0,,,,,,,33.0,3.0,548.0,,,,,,,,,,,,,,,,,,,,,,,,,89.0,8.0,1956.0,,,,,,,51.0,3.0,719.0,,,,376.0,27.0,4876.0,26.0,8.0,693.0,,,,,,,,,,,,,,,,,,,,,,57.0,7.0,484.0,,,,,,,,,,,,
35055,Taos County,33,-105.68,36.49,5709.71,0.01,0.23,,,,,,,,,,,,,,,,,,,,,,,,,,,,,,,,,,8.0,6.0,88.0,135.0,52.0,4171.0,22.0,6.0,622.0,10.0,3.0,440.0,,,,,,,,,,36.0,10.0,1083.0,129.0,43.0,6031.0,10.0,8.0,628.0,49.0,12.0,1437.0,,,,31.0,4.0,630.0,,,,,,,,,,,,,,,,69.0,3.0,1327.0,,,,,,,,,,,,,,,,,,,,,,,,,,,,64.0,3.0,2599.0,,,,,,,,,,,,,,,,,,,,,,,,,,,,,,,,,,,,,,,,,,,,,,,,,,,,,,,,,,,,,,,,,,,,,,,,,,,,,,,,,,,,,,,,12.0,5.0,252.0,,,,12.0,3.0,498.0,,,,,,,,,,,,,11.0,3.0,606.0,,,,,,,,,,,,,,,,,,,,,,,,,,,,,,,,,,,,,,,,,,,69.0,7.0,1863.0,17.0,4.0,362.0,42.0,11.0,819.0,11.0,3.0,341.0,151.0,9.0,4917.0,,,,375.0,12.0,10867.0,,,,30.0,5.0,530.0,47.0,4.0,1854.0,84.0,14.0,2041.0,56.0,18.0,1348.0,,,,15.0,5.0,269.0,143.0,25.0,2324.0,,,,,,,254.0,11.0,6122.0,,,,82.0,20.0,1669.0,17.0,5.0,333.0,59.0,27.0,1848.0,6.0,5.0,156.0,,,,21.0,4.0,599.0,,,,,,,13.0,4.0,500.0,,,,,,,,,,,,,,,,,,,,,,,,,,,,,,,,,,,,,,,,,,,,,,,,,,,,,,,,,,,,,,,,42.0,7.0,2193.0,,,,8.0,3.0,488.0,,,,125.0,12.0,5131.0,7.0,3.0,265.0,10.0,4.0,318.0,,,,7.0,4.0,454.0,,,,28.0,9.0,788.0,,,,38.0,13.0,1068.0,33.0,15.0,1249.0,75.0,17.0,1973.0,,,,48.0,10.0,1043.0,,,,,,,,,,52.0,22.0,2450.0,55.0,15.0,1355.0,65.0,14.0,2093.0,8.0,5.0,299.0,115.0,12.0,9886.0,21.0,7.0,1447.0,,,,,,,44.0,9.0,1400.0,16.0,3.0,727.0,,,,,,,,,,13.0,4.0,295.0,27.0,4.0,781.0,9.0,5.0,309.0,54.0,22.0,1549.0,,,,,,,,,,36.0,3.0,4825.0,,,,,,,,,,1.0,3.0,133.0,,,,46.0,12.0,722.0,10.0,3.0,298.0,186.0,29.0,10596.0,69.0,9.0,2987.0,69.0,21.0,2473.0,72.0,5.0,3332.0,,,,309.0,3.0,4600.0,,,,,,,,,,,,,,,,,,,,,,,,,228.0,15.0,5600.0,78.0,5.0,2089.0,,,,77.0,8.0,1847.0,2.0,3.0,41.0,,,,,,,16.0,6.0,783.0,27.0,6.0,715.0,,,,,,,865.0,13.0,14107.0,1146.0,52.0,25334.0,15.0,5.0,310.0,,,,22.0,4.0,365.0,,,,1199.0,94.0,20683.0,93.0,22.0,2409.0,,,,,,,,,,17.0,8.0,544.0,,,,7.0,3.0,94.0,8.0,5.0,274.0,90.0,23.0,1766.0,39.0,4.0,972.0,33.0,8.0,788.0,22.0,3.0,252.0,53.0,16.0,1878.0
35057,Torrance County,16,-105.91,34.64,8666.48,0.0,0.08,,,,,,,,,,,,,,,,,,,,,,,,,,,,80.0,4.0,5883.0,,,,,,,11.0,3.0,296.0,17.0,3.0,563.0,8.0,3.0,338.0,,,,,,,,,,19.0,3.0,714.0,29.0,7.0,1790.0,9.0,5.0,315.0,9.0,3.0,391.0,,,,,,,,,,,,,,,,,,,,,,,,,,,,,,,,,,,,,,,,,,,,,,,,,,,,,,,,,,,,,,,,,,,,,,,,,,,,,,,,,,,,,,,,,,,,,,,,,,,,,,,,,,,,,,,,,,,,,,,,,,,,,,,,,,,,,,,,,,,,,,,,,,,,,,,,,,,,,,,,10.0,3.0,374.0,,,,,,,,,,,,,,,,,,,,,,,,,,,,,,,,,,,,,,,,,,,,,,,,,,,,,,,,,,31.0,5.0,985.0,,,,,,,,,,,,,,,,262.0,14.0,5907.0,,,,,,,,,,,,,,,,,,,23.0,4.0,453.0,,,,,,,,,,,,,,,,,,,27.0,4.0,861.0,,,,,,,4.0,4.0,75.0,7.0,6.0,191.0,,,,,,,,,,,,,,,,,,,,,,,,,,,,,,,10.0,3.0,427.0,,,,,,,,,,,,,,,,,,,,,,,,,,,,,,,,,,,,,,,,20.0,4.0,983.0,,,,,,,,,,,,,,,,15.0,4.0,510.0,,,,,,,,,,,,,,,,,,,,,,,,,,,,,,,16.0,4.0,85.0,15.0,4.0,419.0,,,,,,,,,,,,,,,,,,,,,,,,,,,,,,,,,,,,,,,,,,,,,,,,,,,,,,,,,,,,,,,,,,,,,,,,,,,,,,,,,,,,,,,,,,,,,,,,,,,,,,,,,,,,,,,,,,,,,,6.0,4.0,207.0,,,,,,,81.0,4.0,1417.0,,,,,,,,,,,,,,,,,,,,,,13.0,3.0,274.0,77.0,8.0,941.0,,,,,,,,,,,,,87.0,11.0,1122.0,16.0,8.0,529.0,,,,,,,,,,,,,,,,,,,,,,34.0,9.0,490.0,,,,,,,,,,,,
35059,Union County,4,-89.25,37.46,9923.15,0.0,0.99,,,,,,,,,,,,,,,,,,,,,,,,,,,,,,,,,,,,,,,,3.0,3.0,45.0,,,,,,,,,,,,,,,,7.0,4.0,223.0,,,,7.0,4.0,304.0,,,,,,,,,,,,,,,,,,,,,,,,,,,,,,,,,,,,,,,,,,,,,,,,,,,,,,,,,,,,,,,,,,,,,,,,,,,,,,,,,,,,,,,,,,,,,,,,,,,,,,,,,,,,,,,,,,,,,,,,,,,,,,,,,,,,,,,,,,,,,,,,,,,,,,,,,,,,,,,,,,,,,,,,,,,,,,,,,,,,,,,,,,,,,,,,,,,,,,,,,,,,,,,,,,,,,,,,,,,,,,,,,,,,,,,,,,,,,,55.0,3.0,840.0,,,,,,,,,,,,,,,,,,,17.0,3.0,245.0,,,,,,,,,,,,,,,,,,,,,,,,,,,,,,,,,,,,,,,,,,,,,,,,,,,,,,,,,,,,,,,,,,,,,,,,,,,,,,,,,,,,,,,,,,,,,,,,,,,,,,,,,,69.0,3.0,3648.0,,,,,,,,,,,,,,,,,,,,,,,,,,,,,,,,,,,,,,,,,,,,,,,,,,,,,,,,,,,,,,,,,,,,,,,,,,,,,,,,,,,,,,,,,,,,,,,,,,,,,,,,,,,,,,,,,,,,,,,,,,,,,,,,,,,,,,,,,,,,,,,,,,,,,,,,,,,,,,,,,,,,,,,,,,,,,,,,,,,,,,,,,,,,,,,,,,,,,,,,,,,,,,,,83.0,8.0,963.0,,,,,,,,,,,,,89.0,8.0,1085.0,12.0,4.0,304.0,,,,,,,,,,,,,,,,,,,,,,17.0,6.0,263.0,,,,,,,,,,,,
35061,Valencia County,76,-106.85,34.73,2764.89,0.03,0.63,,,,,,,,,,,,,,,,,,,,,,,,,,,,,,,,,,,,,76.0,25.0,1793.0,34.0,9.0,1502.0,62.0,12.0,2388.0,,,,,,,,,,231.0,22.0,9122.0,289.0,47.0,12993.0,39.0,15.0,1304.0,155.0,15.0,7733.0,,,,,,,,,,,,,19.0,4.0,405.0,,,,,,,,,,,,,,,,,,,,,,,,,,,,,,,,,,,,,,,,,,,408.0,3.0,23016.0,,,,,,,,,,,,,,,,,,,,,,,,,48.0,4.0,1509.0,,,,,,,,,,27.0,3.0,1225.0,,,,,,,,,,,,,,,,,,,,,,,,,,,,,,,,,,,,,,,,,,,,,,,,,,,,,,,,,,,,,,,,,,,19.0,4.0,983.0,3.0,3.0,53.0,,,,,,,,,,,,,,,,,,,,,,,,,,,,,,,208.0,11.0,6971.0,22.0,3.0,637.0,127.0,15.0,3982.0,,,,,,,70.0,5.0,1240.0,374.0,10.0,8731.0,66.0,5.0,1390.0,265.0,7.0,6892.0,4.0,3.0,39.0,,,,126.0,9.0,5338.0,211.0,25.0,4310.0,50.0,5.0,690.0,22.0,4.0,357.0,,,,,,,,,,,,,673.0,16.0,17543.0,,,,,,,,,,56.0,12.0,1358.0,12.0,3.0,445.0,,,,45.0,8.0,1433.0,,,,,,,228.0,19.0,7492.0,66.0,17.0,3923.0,,,,,,,,,,,,,,,,,,,,,,,,,,,,,,,,,,,,,,,,,,,581.0,3.0,25002.0,,,,,,,,,,,,,,,,26.0,4.0,1667.0,,,,,,,,,,173.0,18.0,6999.0,53.0,17.0,2334.0,18.0,7.0,699.0,,,,,,,,,,61.0,20.0,1557.0,,,,20.0,14.0,300.0,15.0,15.0,731.0,17.0,8.0,645.0,,,,13.0,3.0,287.0,,,,,,,,,,48.0,17.0,2115.0,47.0,10.0,1223.0,28.0,11.0,1172.0,,,,,,,99.0,13.0,4345.0,,,,,,,94.0,14.0,3206.0,67.0,3.0,3956.0,6.0,3.0,142.0,,,,,,,,,,,,,,,,91.0,19.0,2697.0,,,,25.0,3.0,625.0,,,,56.0,6.0,2581.0,61.0,3.0,1668.0,,,,,,,,,,,,,20.0,4.0,105.0,,,,118.0,11.0,5158.0,136.0,15.0,5162.0,104.0,20.0,3483.0,132.0,7.0,5762.0,6.0,3.0,301.0,302.0,4.0,4647.0,,,,,,,,,,,,,,,,,,,21.0,3.0,597.0,,,,490.0,19.0,7366.0,,,,,,,211.0,13.0,5221.0,,,,,,,,,,,,,,,,,,,,,,54.0,9.0,880.0,146.0,6.0,1902.0,,,,,,,,,,,,,1477.0,79.0,21555.0,105.0,22.0,2943.0,,,,37.0,5.0,1552.0,,,,51.0,8.0,869.0,22.0,4.0,440.0,9.0,3.0,153.0,9.0,3.0,77.0,196.0,26.0,3220.0,,,,,,,24.0,4.0,175.0,17.0,10.0,412.0
