Fips,name,population,longitude,latitude,Employees-1151,Establishments-1151,Payroll-1151,Employees-1152,Establishments-1152,Payroll-1152,Employees-2111,Establishments-2111,Payroll-2111,Employees-2121,Establishments-2121,Payroll-2121,Employees-2122,Establishments-2122,Payroll-2122,Employees-2123,Establishments-2123,Payroll-2123,Employees-2131,Establishments-2131,Payroll-2131,Employees-2211,Establishments-2211,Payroll-2211,Employees-2212,Establishments-2212,Payroll-2212,Employees-2213,Establishments-2213,Payroll-2213,Employees-2361,Establishments-2361,Payroll-2361,Employees-2362,Establishments-2362,Payroll-2362,Employees-2371,Establishments-2371,Payroll-2371,Employees-2372,Establishments-2372,Payroll-2372,Employees-2373,Establishments-2373,Payroll-2373,Employees-2379,Establishments-2379,Payroll-2379,Employees-2381,Establishments-2381,Payroll-2381,Employees-2382,Establishments-2382,Payroll-2382,Employees-2383,Establishments-2383,Payroll-2383,Employees-2389,Establishments-2389,Payroll-2389,Employees-3111,Establishments-3111,Payroll-3111,Employees-3112,Establishments-3112,Payroll-3112,Employees-3113,Establishments-3113,Payroll-3113,Employees-3114,Establishments-3114,Payroll-3114,Employees-3115,Establishments-3115,Payroll-3115,Employees-3116,Establishments-3116,Payroll-3116,Employees-3118,Establishments-3118,Payroll-3118,Employees-3119,Establishments-3119,Payroll-3119,Employees-3121,Establishments-3121,Payroll-3121,Employees-3133,Establishments-3133,Payroll-3133,Employees-3141,Establishments-3141,Payroll-3141,Employees-3149,Establishments-3149,Payroll-3149,Employees-3152,Establishments-3152,Payroll-3152,Employees-3159,Establishments-3159,Payroll-3159,Employees-3169,Establishments-3169,Payroll-3169,Employees-3211,Establishments-3211,Payroll-3211,Employees-3212,Establishments-3212,Payroll-3212,Employees-3219,Establishments-3219,Payroll-3219,Employees-3222,Establishments-3222,Payroll-3222,Employees-3231,Establishments-3231,Payroll-3231,Employees-3241,Establishments-3241,Payroll-3241,Employees-3251,Establishments-3251,Payroll-3251,Employees-3254,Establishments-3254,Payroll-3254,Employees-3255,Establishments-3255,Payroll-3255,Employees-3256,Establishments-3256,Payroll-3256,Employees-3259,Establishments-3259,Payroll-3259,Employees-3261,Establishments-3261,Payroll-3261,Employees-3262,Establishments-3262,Payroll-3262,Employees-3271,Establishments-3271,Payroll-3271,Employees-3272,Establishments-3272,Payroll-3272,Employees-3273,Establishments-3273,Payroll-3273,Employees-3279,Establishments-3279,Payroll-3279,Employees-3314,Establishments-3314,Payroll-3314,Employees-3315,Establishments-3315,Payroll-3315,Employees-3321,Establishments-3321,Payroll-3321,Employees-3322,Establishments-3322,Payroll-3322,Employees-3323,Establishments-3323,Payroll-3323,Employees-3324,Establishments-3324,Payroll-3324,Employees-3325,Establishments-3325,Payroll-3325,Employees-3327,Establishments-3327,Payroll-3327,Employees-3328,Establishments-3328,Payroll-3328,Employees-3329,Establishments-3329,Payroll-3329,Employees-3331,Establishments-3331,Payroll-3331,Employees-3332,Establishments-3332,Payroll-3332,Employees-3333,Establishments-3333,Payroll-3333,Employees-3334,Establishments-3334,Payroll-3334,Employees-3335,Establishments-3335,Payroll-3335,Employees-3339,Establishments-3339,Payroll-3339,Employees-3341,Establishments-3341,Payroll-3341,Employees-3342,Establishments-3342,Payroll-3342,Employees-3343,Establishments-3343,Payroll-3343,Employees-3344,Establishments-3344,Payroll-3344,Employees-3345,Establishments-3345,Payroll-3345,Employees-3346,Establishments-3346,Payroll-3346,Employees-3353,Establishments-3353,Payroll-3353,Employees-3359,Establishments-3359,Payroll-3359,Employees-3362,Establishments-3362,Payroll-3362,Employees-3363,Establishments-3363,Payroll-3363,Employees-3364,Establishments-3364,Payroll-3364,Employees-3369,Establishments-3369,Payroll-3369,Employees-3371,Establishments-3371,Payroll-3371,Employees-3372,Establishments-3372,Payroll-3372,Employees-3379,Establishments-3379,Payroll-3379,Employees-3391,Establishments-3391,Payroll-3391,Employees-3399,Establishments-3399,Payroll-3399,Employees-4231,Establishments-4231,Payroll-4231,Employees-4232,Establishments-4232,Payroll-4232,Employees-4233,Establishments-4233,Payroll-4233,Employees-4234,Establishments-4234,Payroll-4234,Employees-4235,Establishments-4235,Payroll-4235,Employees-4236,Establishments-4236,Payroll-4236,Employees-4237,Establishments-4237,Payroll-4237,Employees-4238,Establishments-4238,Payroll-4238,Employees-4239,Establishments-4239,Payroll-4239,Employees-4241,Establishments-4241,Payroll-4241,Employees-4242,Establishments-4242,Payroll-4242,Employees-4243,Establishments-4243,Payroll-4243,Employees-4244,Establishments-4244,Payroll-4244,Employees-4245,Establishments-4245,Payroll-4245,Employees-4246,Establishments-4246,Payroll-4246,Employees-4247,Establishments-4247,Payroll-4247,Employees-4248,Establishments-4248,Payroll-4248,Employees-4249,Establishments-4249,Payroll-4249,Employees-4251,Establishments-4251,Payroll-4251,Employees-4411,Establishments-4411,Payroll-4411,Employees-4412,Establishments-4412,Payroll-4412,Employees-4413,Establishments-4413,Payroll-4413,Employees-4421,Establishments-4421,Payroll-4421,Employees-4422,Establishments-4422,Payroll-4422,Employees-4431,Establishments-4431,Payroll-4431,Employees-4441,Establishments-4441,Payroll-4441,Employees-4442,Establishments-4442,Payroll-4442,Employees-4451,Establishments-4451,Payroll-4451,Employees-4452,Establishments-4452,Payroll-4452,Employees-4453,Establishments-4453,Payroll-4453,Employees-4461,Establishments-4461,Payroll-4461,Employees-4471,Establishments-4471,Payroll-4471,Employees-4481,Establishments-4481,Payroll-4481,Employees-4482,Establishments-4482,Payroll-4482,Employees-4483,Establishments-4483,Payroll-4483,Employees-4511,Establishments-4511,Payroll-4511,Employees-4512,Establishments-4512,Payroll-4512,Employees-4522,Establishments-4522,Payroll-4522,Employees-4523,Establishments-4523,Payroll-4523,Employees-4531,Establishments-4531,Payroll-4531,Employees-4532,Establishments-4532,Payroll-4532,Employees-4533,Establishments-4533,Payroll-4533,Employees-4539,Establishments-4539,Payroll-4539,Employees-4541,Establishments-4541,Payroll-4541,Employees-4542,Establishments-4542,Payroll-4542,Employees-4543,Establishments-4543,Payroll-4543,Employees-4811,Establishments-4811,Payroll-4811,Employees-4812,Establishments-4812,Payroll-4812,Employees-4841,Establishments-4841,Payroll-4841,Employees-4842,Establishments-4842,Payroll-4842,Employees-4853,Establishments-4853,Payroll-4853,Employees-4854,Establishments-4854,Payroll-4854,Employees-4855,Establishments-4855,Payroll-4855,Employees-4859,Establishments-4859,Payroll-4859,Employees-4862,Establishments-4862,Payroll-4862,Employees-4881,Establishments-4881,Payroll-4881,Employees-4882,Establishments-4882,Payroll-4882,Employees-4884,Establishments-4884,Payroll-4884,Employees-4885,Establishments-4885,Payroll-4885,Employees-4889,Establishments-4889,Payroll-4889,Employees-4921,Establishments-4921,Payroll-4921,Employees-4922,Establishments-4922,Payroll-4922,Employees-4931,Establishments-4931,Payroll-4931,Employees-5111,Establishments-5111,Payroll-5111,Employees-5112,Establishments-5112,Payroll-5112,Employees-5121,Establishments-5121,Payroll-5121,Employees-5122,Establishments-5122,Payroll-5122,Employees-5151,Establishments-5151,Payroll-5151,Employees-5173,Establishments-5173,Payroll-5173,Employees-5179,Establishments-5179,Payroll-5179,Employees-5182,Establishments-5182,Payroll-5182,Employees-5191,Establishments-5191,Payroll-5191,Employees-5221,Establishments-5221,Payroll-5221,Employees-5222,Establishments-5222,Payroll-5222,Employees-5223,Establishments-5223,Payroll-5223,Employees-5231,Establishments-5231,Payroll-5231,Employees-5239,Establishments-5239,Payroll-5239,Employees-5241,Establishments-5241,Payroll-5241,Employees-5242,Establishments-5242,Payroll-5242,Employees-5259,Establishments-5259,Payroll-5259,Employees-5311,Establishments-5311,Payroll-5311,Employees-5312,Establishments-5312,Payroll-5312,Employees-5313,Establishments-5313,Payroll-5313,Employees-5321,Establishments-5321,Payroll-5321,Employees-5322,Establishments-5322,Payroll-5322,Employees-5323,Establishments-5323,Payroll-5323,Employees-5324,Establishments-5324,Payroll-5324,Employees-5331,Establishments-5331,Payroll-5331,Employees-5411,Establishments-5411,Payroll-5411,Employees-5412,Establishments-5412,Payroll-5412,Employees-5413,Establishments-5413,Payroll-5413,Employees-5414,Establishments-5414,Payroll-5414,Employees-5415,Establishments-5415,Payroll-5415,Employees-5416,Establishments-5416,Payroll-5416,Employees-5417,Establishments-5417,Payroll-5417,Employees-5418,Establishments-5418,Payroll-5418,Employees-5419,Establishments-5419,Payroll-5419,Employees-5511,Establishments-5511,Payroll-5511,Employees-5611,Establishments-5611,Payroll-5611,Employees-5612,Establishments-5612,Payroll-5612,Employees-5613,Establishments-5613,Payroll-5613,Employees-5614,Establishments-5614,Payroll-5614,Employees-5615,Establishments-5615,Payroll-5615,Employees-5616,Establishments-5616,Payroll-5616,Employees-5617,Establishments-5617,Payroll-5617,Employees-5619,Establishments-5619,Payroll-5619,Employees-5621,Establishments-5621,Payroll-5621,Employees-5622,Establishments-5622,Payroll-5622,Employees-5629,Establishments-5629,Payroll-5629,Employees-6111,Establishments-6111,Payroll-6111,Employees-6112,Establishments-6112,Payroll-6112,Employees-6113,Establishments-6113,Payroll-6113,Employees-6114,Establishments-6114,Payroll-6114,Employees-6115,Establishments-6115,Payroll-6115,Employees-6116,Establishments-6116,Payroll-6116,Employees-6117,Establishments-6117,Payroll-6117,Employees-6211,Establishments-6211,Payroll-6211,Employees-6212,Establishments-6212,Payroll-6212,Employees-6213,Establishments-6213,Payroll-6213,Employees-6214,Establishments-6214,Payroll-6214,Employees-6215,Establishments-6215,Payroll-6215,Employees-6216,Establishments-6216,Payroll-6216,Employees-6219,Establishments-6219,Payroll-6219,Employees-6221,Establishments-6221,Payroll-6221,Employees-6222,Establishments-6222,Payroll-6222,Employees-6223,Establishments-6223,Payroll-6223,Employees-6231,Establishments-6231,Payroll-6231,Employees-6232,Establishments-6232,Payroll-6232,Employees-6233,Establishments-6233,Payroll-6233,Employees-6239,Establishments-6239,Payroll-6239,Employees-6241,Establishments-6241,Payroll-6241,Employees-6242,Establishments-6242,Payroll-6242,Employees-6243,Establishments-6243,Payroll-6243,Employees-6244,Establishments-6244,Payroll-6244,Employees-7111,Establishments-7111,Payroll-7111,Employees-7112,Establishments-7112,Payroll-7112,Employees-7113,Establishments-7113,Payroll-7113,Employees-7114,Establishments-7114,Payroll-7114,Employees-7115,Establishments-7115,Payroll-7115,Employees-7121,Establishments-7121,Payroll-7121,Employees-7131,Establishments-7131,Payroll-7131,Employees-7139,Establishments-7139,Payroll-7139,Employees-7211,Establishments-7211,Payroll-7211,Employees-7212,Establishments-7212,Payroll-7212,Employees-7213,Establishments-7213,Payroll-7213,Employees-7223,Establishments-7223,Payroll-7223,Employees-7224,Establishments-7224,Payroll-7224,Employees-7225,Establishments-7225,Payroll-7225,Employees-8111,Establishments-8111,Payroll-8111,Employees-8112,Establishments-8112,Payroll-8112,Employees-8113,Establishments-8113,Payroll-8113,Employees-8114,Establishments-8114,Payroll-8114,Employees-8121,Establishments-8121,Payroll-8121,Employees-8122,Establishments-8122,Payroll-8122,Employees-8123,Establishments-8123,Payroll-8123,Employees-8129,Establishments-8129,Payroll-8129,Employees-8131,Establishments-8131,Payroll-8131,Employees-8132,Establishments-8132,Payroll-8132,Employees-8133,Establishments-8133,Payroll-8133,Employees-8134,Establishments-8134,Payroll-8134,Employees-8139,Establishments-8139,Payroll-8139,area
49001,,,,,,,,,,,,,,,,,,,,,,,,,,31.0,3.0,3386.0,,,,,,,42.0,11.0,2201.0,,,,,,,,,,,,,,,,22.0,3.0,1091.0,31.0,7.0,1169.0,,,,34.0,5.0,1556.0,,,,,,,,,,,,,,,,,,,,,,,,,,,,,,,,,,,,,,,,,,,,,,,,,,,,,,,,,,,,,,,,,,,,,,,,,,,,,,,,,,,,,,,,,,,,,,,,,,,,,,,,,,,,,,,,,,,,,,,,,,,,,,,,,,,,,,,,,,,,,,,,,,,,,,,,,,,,,,,,,,,,,,,,,,,,,,,,,,,,,,,,,,,,,,,,,,,,,,,,,,,,,,,,,,,,,,,,,,,,,,,,,,,,,,,,,,,,,,,,,,,,,,,,,,,,,,,,,,,60.0,3.0,1999.0,,,,,,,,,,34.0,4.0,775.0,,,,39.0,3.0,807.0,,,,,,,,,,347.0,15.0,8794.0,,,,,,,,,,,,,,,,,,,,,,,,,,,,,,,,,,,,,,,,,,,,,,,,,28.0,7.0,1291.0,90.0,3.0,4470.0,,,,,,,,,,,,,,,,,,,,,,,,,,,,,,,,,,,,,,,,,,,,,,,,,,,,,,,,,,,,,,,,,,,,,,,,,,,,,,,,,,,,,11.0,3.0,937.0,,,,,,,,,,,,,,,,,,,,,,,,,,,,,,,,,,,,,,,,,,,,,,,,,,,,,,,,,,,,,,,,,,,,,,,,,,,,28.0,8.0,960.0,,,,,,,,,,,,,,,,,,,,,,,,,,,,,,,,,,40.0,7.0,1859.0,12.0,3.0,271.0,17.0,8.0,679.0,,,,,,,,,,,,,,,,,,,,,,,,,,,,,,,,,,,,,,,,,,,,,,,,,4.0,3.0,210.0,,,,,,,,,,,,,,,,,,,96.0,12.0,2153.0,,,,,,,,,,,,,277.0,20.0,4856.0,44.0,9.0,1488.0,,,,,,,,,,,,,,,,,,,,,,,,,,,,,,,,,,,,,6694.983755516043
49003,,,,,12.0,6.0,769.0,,,,,,,,,,,,,34.0,4.0,3539.0,,,,12.0,3.0,1268.0,,,,13.0,4.0,562.0,249.0,64.0,9090.0,91.0,13.0,4898.0,564.0,11.0,40011.0,1.0,4.0,167.0,,,,,,,497.0,34.0,34953.0,117.0,34.0,5590.0,262.0,30.0,11216.0,162.0,32.0,8048.0,,,,400.0,4.0,28482.0,,,,,,,,,,794.0,6.0,39966.0,,,,,,,,,,,,,,,,,,,,,,,,,,,,,,,,,,127.0,5.0,6527.0,,,,22.0,4.0,404.0,,,,,,,,,,,,,,,,,,,209.0,6.0,9979.0,,,,,,,,,,169.0,3.0,3470.0,,,,,,,,,,,,,,,,945.0,7.0,92418.0,,,,,,,26.0,9.0,680.0,,,,,,,,,,,,,,,,,,,,,,,,,,,,,,,,,,,,,,,,,,,,,,,,,,,,1492.0,3.0,67379.0,,,,,,,17.0,6.0,680.0,,,,,,,12.0,5.0,456.0,,,,21.0,4.0,1195.0,,,,,,,,,,,,,,,,,,,271.0,8.0,11690.0,108.0,7.0,6484.0,,,,,,,,,,11.0,3.0,454.0,,,,,,,,,,,,,84.0,6.0,3913.0,93.0,5.0,4301.0,172.0,11.0,9866.0,,,,104.0,12.0,3425.0,21.0,3.0,245.0,,,,18.0,5.0,398.0,64.0,8.0,1443.0,65.0,4.0,1452.0,460.0,7.0,10799.0,67.0,4.0,1001.0,,,,40.0,6.0,1516.0,347.0,22.0,7904.0,24.0,3.0,428.0,,,,,,,44.0,4.0,469.0,10.0,3.0,137.0,,,,332.0,5.0,9158.0,21.0,4.0,231.0,8.0,3.0,114.0,,,,4.0,3.0,64.0,9.0,9.0,384.0,,,,24.0,25.0,1372.0,,,,,,,600.0,82.0,30507.0,174.0,30.0,8139.0,,,,,,,,,,,,,,,,,,,,,,6.0,3.0,319.0,,,,,,,,,,,,,977.0,8.0,46603.0,,,,,,,,,,,,,,,,46.0,12.0,1836.0,,,,,,,,,,171.0,19.0,8227.0,43.0,7.0,7362.0,4.0,3.0,92.0,,,,23.0,9.0,3496.0,,,,76.0,27.0,2847.0,,,,34.0,23.0,785.0,32.0,33.0,1249.0,10.0,9.0,416.0,,,,,,,,,,,,,,,,40.0,12.0,1769.0,100.0,18.0,4422.0,91.0,19.0,6604.0,13.0,3.0,154.0,18.0,6.0,1071.0,31.0,18.0,1920.0,,,,,,,95.0,11.0,3439.0,7.0,3.0,513.0,,,,,,,306.0,5.0,8398.0,8.0,4.0,152.0,,,,,,,184.0,46.0,6874.0,14.0,3.0,359.0,,,,,,,,,,,,,,,,,,,,,,,,,118.0,8.0,734.0,,,,235.0,27.0,15106.0,235.0,34.0,7272.0,85.0,23.0,2621.0,65.0,9.0,2658.0,,,,63.0,3.0,795.0,,,,,,,,,,,,,,,,234.0,8.0,6070.0,50.0,3.0,1123.0,,,,145.0,9.0,2765.0,,,,,,,124.0,9.0,2433.0,,,,,,,,,,,,,4.0,5.0,337.0,,,,,,,111.0,10.0,1738.0,83.0,5.0,1453.0,95.0,5.0,1518.0,,,,24.0,3.0,712.0,6.0,3.0,58.0,1537.0,68.0,23035.0,143.0,31.0,4845.0,2.0,3.0,101.0,48.0,6.0,1839.0,9.0,4.0,127.0,87.0,20.0,1156.0,,,,13.0,3.0,153.0,3.0,6.0,122.0,25.0,10.0,413.0,,,,,,,,,,4.0,3.0,171.0,17428.60852024514
49005,,,,,,,,12.0,4.0,335.0,,,,,,,,,,15.0,4.0,1289.0,,,,,,,,,,7.0,5.0,191.0,779.0,165.0,32654.0,189.0,24.0,10488.0,33.0,7.0,1407.0,10.0,4.0,318.0,107.0,3.0,7284.0,,,,606.0,124.0,22721.0,1016.0,109.0,66258.0,499.0,97.0,19452.0,304.0,61.0,14397.0,83.0,3.0,4423.0,,,,49.0,4.0,1591.0,,,,1961.0,6.0,96933.0,1715.0,3.0,95576.0,664.0,9.0,25741.0,57.0,4.0,1154.0,,,,,,,,,,16.0,3.0,236.0,,,,,,,35.0,4.0,1079.0,,,,,,,162.0,16.0,6653.0,,,,597.0,10.0,31940.0,,,,,,,1457.0,7.0,103837.0,,,,,,,,,,2172.0,14.0,260119.0,,,,,,,,,,,,,,,,,,,,,,,,,,,,151.0,8.0,7525.0,,,,,,,507.0,29.0,24438.0,19.0,3.0,734.0,57.0,4.0,2130.0,,,,,,,171.0,7.0,12159.0,,,,113.0,6.0,4243.0,81.0,3.0,3866.0,200.0,3.0,12068.0,,,,,,,822.0,3.0,39180.0,646.0,5.0,46738.0,,,,,,,,,,,,,,,,,,,,,,198.0,14.0,6401.0,,,,,,,288.0,10.0,9439.0,2940.0,18.0,193564.0,103.0,8.0,3747.0,11.0,5.0,849.0,35.0,3.0,2325.0,33.0,12.0,1241.0,,,,45.0,9.0,3279.0,48.0,5.0,2877.0,354.0,22.0,22899.0,296.0,25.0,14686.0,,,,6.0,3.0,431.0,167.0,5.0,4628.0,103.0,6.0,4106.0,12.0,4.0,597.0,35.0,5.0,2150.0,,,,,,,47.0,12.0,2707.0,45.0,13.0,3281.0,383.0,21.0,20534.0,138.0,10.0,7006.0,216.0,18.0,7309.0,111.0,12.0,2821.0,55.0,12.0,1900.0,162.0,16.0,4507.0,625.0,32.0,24711.0,165.0,10.0,4402.0,929.0,19.0,18132.0,63.0,7.0,895.0,,,,229.0,26.0,6033.0,343.0,27.0,7022.0,475.0,30.0,8421.0,,,,48.0,5.0,1561.0,519.0,21.0,9883.0,46.0,3.0,578.0,,,,1246.0,8.0,32367.0,27.0,5.0,269.0,75.0,9.0,1127.0,37.0,5.0,428.0,82.0,16.0,2338.0,1321.0,59.0,66262.0,,,,81.0,89.0,3496.0,,,,,,,473.0,41.0,23516.0,199.0,24.0,10273.0,,,,,,,,,,,,,,,,21.0,3.0,570.0,,,,,,,,,,,,,314.0,8.0,9712.0,74.0,5.0,2481.0,353.0,5.0,15771.0,90.0,6.0,2747.0,50.0,7.0,3637.0,51.0,9.0,943.0,,,,48.0,4.0,2373.0,154.0,22.0,8084.0,,,,211.0,5.0,8304.0,50.0,7.0,2718.0,552.0,44.0,35596.0,71.0,16.0,10491.0,190.0,25.0,10702.0,9.0,5.0,1920.0,97.0,36.0,10927.0,48.0,4.0,6304.0,242.0,79.0,8631.0,,,,317.0,71.0,12425.0,126.0,107.0,4047.0,219.0,66.0,6758.0,,,,9.0,4.0,485.0,,,,9.0,3.0,457.0,,,,282.0,69.0,19754.0,2686.0,83.0,136051.0,494.0,81.0,36028.0,53.0,18.0,2817.0,450.0,54.0,44447.0,555.0,127.0,24406.0,186.0,12.0,11830.0,22.0,16.0,856.0,256.0,58.0,7058.0,176.0,15.0,10517.0,39.0,19.0,1387.0,,,,1064.0,13.0,25179.0,1002.0,18.0,27304.0,,,,17.0,3.0,573.0,836.0,139.0,25712.0,29.0,7.0,833.0,,,,,,,,,,342.0,7.0,10856.0,,,,,,,,,,47.0,6.0,857.0,114.0,29.0,1328.0,98.0,6.0,916.0,826.0,113.0,77635.0,635.0,86.0,21141.0,382.0,108.0,11371.0,451.0,37.0,24634.0,12.0,6.0,1690.0,116.0,11.0,3437.0,195.0,9.0,3940.0,,,,,,,,,,,,,877.0,13.0,17116.0,590.0,13.0,10446.0,,,,373.0,34.0,8129.0,74.0,3.0,3060.0,,,,383.0,40.0,7087.0,45.0,7.0,1064.0,,,,43.0,3.0,870.0,,,,41.0,18.0,1333.0,22.0,3.0,400.0,,,,596.0,34.0,6315.0,276.0,13.0,4409.0,,,,,,,34.0,9.0,321.0,,,,3752.0,166.0,61406.0,530.0,89.0,20849.0,17.0,5.0,740.0,74.0,8.0,2774.0,33.0,15.0,1432.0,165.0,59.0,3146.0,20.0,5.0,1469.0,46.0,5.0,774.0,39.0,16.0,807.0,44.0,12.0,576.0,,,,27.0,3.0,475.0,38.0,5.0,1967.0,25.0,15.0,957.0,3037.7698234332556
49007,,,,,,,,,,,,,,423.0,3.0,33359.0,,,,,,,7.0,4.0,256.0,,,,,,,,,,38.0,13.0,815.0,3.0,3.0,320.0,,,,,,,,,,,,,153.0,6.0,8155.0,140.0,15.0,8529.0,,,,34.0,3.0,1682.0,,,,,,,,,,,,,,,,,,,,,,,,,,,,,,,,,,,,,,,,,,,,,,,,,,,,,,,,,,,,,,,,,,,,,,,,,,,,,,,,,,,,,,,,,,,,,,,,,,,,,,,,,,,,,181.0,4.0,16195.0,,,,,,,27.0,3.0,1295.0,,,,,,,115.0,3.0,7643.0,,,,,,,,,,,,,,,,,,,,,,,,,,,,,,,,,,,,,,,,,,,,,,,,,,,,,,,,,,,,,,,,,,,,,,,,,,,,,,,,,,,,,,,,62.0,11.0,2998.0,10.0,3.0,300.0,,,,,,,,,,,,,,,,27.0,5.0,1722.0,15.0,3.0,878.0,,,,,,,,,,,,,,,,82.0,8.0,2457.0,23.0,3.0,589.0,,,,,,,69.0,10.0,2376.0,,,,179.0,4.0,4752.0,,,,,,,,,,143.0,11.0,2759.0,24.0,5.0,271.0,,,,,,,21.0,4.0,303.0,,,,,,,296.0,4.0,8341.0,,,,,,,,,,17.0,4.0,390.0,10.0,3.0,226.0,,,,,,,,,,,,,66.0,7.0,2142.0,168.0,6.0,8260.0,,,,,,,,,,,,,,,,,,,17.0,5.0,1189.0,,,,,,,,,,,,,,,,,,,,,,,,,,,,,,,,,,53.0,6.0,3423.0,,,,,,,,,,78.0,10.0,3900.0,28.0,6.0,722.0,,,,,,,,,,,,,38.0,13.0,1473.0,,,,9.0,4.0,133.0,19.0,8.0,449.0,12.0,4.0,431.0,,,,,,,,,,,,,,,,12.0,7.0,263.0,25.0,6.0,1409.0,38.0,7.0,2334.0,,,,,,,43.0,4.0,3585.0,,,,,,,19.0,3.0,522.0,,,,,,,,,,58.0,4.0,1777.0,,,,,,,,,,75.0,9.0,1486.0,,,,,,,,,,,,,,,,,,,,,,,,,,,,,,,,,,190.0,20.0,12882.0,109.0,14.0,3821.0,56.0,11.0,2003.0,91.0,6.0,5435.0,,,,22.0,3.0,245.0,,,,,,,,,,,,,,,,,,,,,,,,,,,,,,,,,,54.0,3.0,1848.0,,,,,,,,,,,,,,,,,,,,,,44.0,3.0,539.0,81.0,4.0,1450.0,,,,,,,,,,,,,474.0,34.0,7550.0,52.0,10.0,1753.0,,,,158.0,6.0,8006.0,,,,25.0,7.0,338.0,,,,,,,,,,15.0,7.0,272.0,,,,,,,37.0,4.0,807.0,,,,3846.913537579226
49009,,,,,,,,,,,,,,,,,,,,,,,,,,,,,,,,,,,,,,,,,,,,,,,,,,,,,,,,,,,,,,,,,,,,,,,,,,,,,,,,,,,,,,,,,,,,,,,,,,,,,,,,,,,,,,,,,,,,,,,,,,,,,,,,,,,,,,,,,,,,,,,,,,,,,,,,,,,,,,,,,,,,,,,,,,,,,,,,,,,,,,,,,,,,,,,,,,,,,,,,,,,,,,,,,,,,,,,,,,,,,,,,,,,,,,,,,,,,,,,,,,,,,,,,,,,,,,,,,,,,,,,,,,,,,,,,,,,,,,,,,,,,,,,,,,,,,,,,,,,,,,,,,,,,,,,,,,,,,,,,,,,,,,,,,,,,,,,,,,,,,,,,,,,,,,,,,,,,,,,,,,,,,,,,,,,,,,,,,,,,,,,,,,,,,,,,,,,,,,,,,,,,,,,,,,,,,,,,,,,,,,,,,,,,,,,,,,,,,,,,,,,,,,,,,,,,,,,,,,,,,,,,,,,,,,,,,,,,,,,,,,,,,,,,,,,,,,,,,,,,,,,,,,,,,,,,,,,,,,,,,,,,,,,,,,,,,,,,,,,,,,,,,,,,,,,,,,,,,,,,,,,,,,,,,,,,,,,,,,,,,,,,,,,,,,,,,,,,,,,,,,,,,,,,,,,,,,,,,,,,,,,,,,,,,,,,,,,,,,,,,,,,,,,,,,,,,,,,,,,,,,,,,,,,,,,,,,,,,,,,,,,9.0,3.0,822.0,71.0,7.0,2331.0,,,,,,,,,,,,,,,,,,,,,,,,,,,,,,,,,,,,,,,,,,,,,,,,,,,,,,,1866.4188333342686
49011,,,,,,,,21.0,5.0,593.0,,,,,,,,,,44.0,3.0,3747.0,130.0,5.0,7500.0,50.0,4.0,4994.0,,,,35.0,5.0,2444.0,1320.0,253.0,74491.0,1279.0,55.0,80860.0,98.0,14.0,16409.0,101.0,11.0,7251.0,165.0,7.0,11398.0,,,,1576.0,173.0,82111.0,3108.0,273.0,167636.0,1266.0,207.0,52033.0,928.0,95.0,59170.0,,,,,,,194.0,5.0,3821.0,,,,,,,,,,434.0,9.0,30357.0,137.0,4.0,4608.0,,,,,,,,,,126.0,4.0,5318.0,,,,,,,,,,,,,,,,337.0,16.0,15885.0,279.0,4.0,17477.0,355.0,25.0,17186.0,543.0,5.0,68541.0,,,,369.0,4.0,21001.0,45.0,4.0,2669.0,,,,,,,294.0,13.0,14474.0,,,,,,,,,,262.0,6.0,15872.0,12.0,3.0,528.0,,,,,,,,,,,,,449.0,19.0,25396.0,,,,,,,229.0,22.0,14487.0,49.0,4.0,1868.0,459.0,11.0,72330.0,192.0,3.0,10941.0,295.0,4.0,16574.0,,,,,,,112.0,3.0,7083.0,128.0,6.0,10584.0,,,,,,,,,,,,,,,,,,,,,,23.0,3.0,2128.0,1077.0,7.0,69074.0,,,,1777.0,4.0,112667.0,,,,2580.0,15.0,121207.0,82.0,3.0,3973.0,,,,342.0,12.0,23105.0,142.0,17.0,5555.0,160.0,22.0,8468.0,190.0,12.0,8591.0,66.0,9.0,3611.0,242.0,34.0,13946.0,117.0,11.0,11039.0,107.0,25.0,7543.0,102.0,17.0,6130.0,221.0,34.0,13349.0,109.0,23.0,5364.0,251.0,8.0,14864.0,38.0,5.0,1623.0,11.0,3.0,473.0,287.0,13.0,15478.0,,,,63.0,10.0,5328.0,80.0,4.0,5193.0,,,,118.0,14.0,5171.0,180.0,44.0,9567.0,1706.0,66.0,124408.0,258.0,18.0,16778.0,692.0,57.0,28127.0,226.0,15.0,11938.0,288.0,18.0,6331.0,204.0,24.0,8298.0,1356.0,38.0,46952.0,130.0,10.0,3780.0,2462.0,34.0,62519.0,161.0,20.0,2040.0,28.0,4.0,714.0,886.0,89.0,26123.0,730.0,64.0,17156.0,1142.0,77.0,18952.0,158.0,15.0,3015.0,80.0,12.0,2715.0,648.0,53.0,13071.0,97.0,7.0,1537.0,338.0,6.0,7571.0,2916.0,23.0,83301.0,54.0,4.0,1266.0,107.0,13.0,1524.0,135.0,11.0,2230.0,195.0,33.0,6395.0,884.0,138.0,38086.0,36.0,4.0,1106.0,292.0,130.0,10131.0,,,,82.0,8.0,7765.0,1783.0,115.0,89436.0,648.0,53.0,41500.0,,,,,,,,,,,,,,,,36.0,7.0,2055.0,89.0,4.0,5335.0,36.0,11.0,1978.0,122.0,14.0,9592.0,,,,1043.0,14.0,42806.0,210.0,5.0,4844.0,1100.0,16.0,67804.0,25.0,6.0,2409.0,413.0,17.0,43723.0,194.0,36.0,5299.0,,,,8.0,3.0,492.0,383.0,46.0,21082.0,97.0,9.0,8809.0,240.0,18.0,27325.0,26.0,20.0,1353.0,1145.0,95.0,74539.0,553.0,66.0,56857.0,110.0,48.0,12971.0,31.0,16.0,2110.0,152.0,107.0,12744.0,85.0,21.0,6227.0,590.0,204.0,28154.0,28.0,3.0,3203.0,352.0,111.0,10719.0,430.0,328.0,21570.0,429.0,138.0,24175.0,41.0,10.0,1464.0,79.0,15.0,2787.0,,,,138.0,14.0,8873.0,,,,1571.0,129.0,59168.0,1136.0,196.0,50194.0,1876.0,154.0,140607.0,139.0,48.0,4763.0,2274.0,191.0,203152.0,1191.0,371.0,81703.0,256.0,27.0,23765.0,188.0,45.0,7837.0,510.0,94.0,23555.0,1131.0,40.0,137029.0,382.0,81.0,20500.0,85.0,10.0,5673.0,1585.0,38.0,44457.0,388.0,50.0,14470.0,690.0,11.0,37147.0,256.0,22.0,7384.0,1512.0,231.0,50562.0,193.0,13.0,8866.0,118.0,9.0,7442.0,,,,399.0,12.0,23278.0,819.0,11.0,27644.0,,,,35.0,5.0,1098.0,59.0,15.0,4038.0,145.0,17.0,5901.0,850.0,86.0,10192.0,53.0,18.0,6423.0,2307.0,203.0,201793.0,1613.0,201.0,59237.0,1504.0,260.0,53334.0,496.0,32.0,28168.0,32.0,5.0,1758.0,996.0,26.0,32300.0,107.0,12.0,2913.0,1529.0,3.0,82406.0,,,,,,,704.0,14.0,28822.0,928.0,18.0,27838.0,834.0,21.0,17178.0,88.0,3.0,1982.0,584.0,76.0,13765.0,,,,595.0,6.0,19823.0,592.0,58.0,10287.0,29.0,5.0,328.0,,,,50.0,3.0,1113.0,,,,24.0,27.0,1715.0,48.0,5.0,1518.0,1062.0,8.0,23098.0,943.0,66.0,13909.0,513.0,28.0,11701.0,,,,,,,89.0,23.0,2167.0,45.0,6.0,878.0,9540.0,427.0,163181.0,1124.0,186.0,46743.0,57.0,15.0,2693.0,207.0,11.0,18990.0,90.0,23.0,3974.0,962.0,160.0,20311.0,74.0,9.0,4017.0,191.0,17.0,7957.0,283.0,61.0,6723.0,184.0,25.0,4728.0,31.0,8.0,1343.0,37.0,7.0,1770.0,23.0,8.0,513.0,64.0,24.0,2050.0,1645.1755825730038
49013,,,,,,,,7.0,3.0,213.0,377.0,5.0,48368.0,,,,,,,8.0,3.0,200.0,494.0,67.0,34092.0,96.0,6.0,8018.0,,,,,,,36.0,18.0,1520.0,8.0,4.0,850.0,96.0,13.0,5300.0,,,,,,,,,,65.0,17.0,2858.0,87.0,16.0,4497.0,25.0,7.0,1431.0,59.0,18.0,3307.0,,,,,,,,,,,,,,,,,,,,,,,,,,,,,,,,,,,,,,,,,,,,,,19.0,3.0,719.0,,,,,,,,,,,,,,,,,,,,,,,,,,,,,,,,,,,,,,,,,,,,,,,,,,,,,,,,,,,,,,,,,,,,,,70.0,6.0,3375.0,,,,,,,,,,,,,,,,,,,,,,,,,,,,,,,,,,,,,,,,,,,,,,,,,,,,,,,,,,,,,,,,,,,,,,,,,,,,,,,,,,,,,,,,,,,,,,,,,58.0,9.0,3578.0,,,,,,,,,,,,,,,,,,,24.0,3.0,1911.0,,,,,,,,,,9.0,3.0,95.0,56.0,4.0,3516.0,,,,63.0,8.0,2320.0,,,,,,,,,,44.0,6.0,1325.0,33.0,3.0,1014.0,267.0,6.0,5722.0,12.0,3.0,157.0,,,,,,,186.0,15.0,3693.0,,,,,,,,,,,,,,,,,,,45.0,6.0,1057.0,,,,,,,,,,,,,22.0,4.0,530.0,,,,31.0,4.0,1418.0,,,,,,,73.0,35.0,4568.0,317.0,33.0,21353.0,,,,,,,,,,,,,,,,,,,,,,,,,,,,,,,,,,,,,,,,,,,,,,,,,,,,,,,176.0,3.0,12749.0,,,,,,,,,,58.0,8.0,3090.0,6.0,3.0,732.0,,,,,,,,,,,,,55.0,7.0,8944.0,,,,4.0,4.0,99.0,29.0,8.0,1037.0,10.0,5.0,381.0,,,,,,,,,,32.0,5.0,2981.0,,,,38.0,6.0,1747.0,23.0,9.0,935.0,50.0,11.0,2691.0,,,,5.0,4.0,283.0,18.0,17.0,915.0,,,,,,,,,,,,,,,,,,,,,,,,,,,,,,,40.0,13.0,1770.0,,,,6.0,3.0,322.0,,,,25.0,4.0,1258.0,,,,,,,,,,,,,,,,,,,,,,31.0,12.0,2431.0,59.0,9.0,1973.0,27.0,11.0,1009.0,,,,,,,,,,,,,,,,,,,,,,,,,,,,,,,,,,14.0,4.0,383.0,,,,,,,,,,,,,,,,,,,,,,,,,,,,,,,4.0,3.0,114.0,110.0,10.0,1849.0,,,,,,,,,,,,,337.0,24.0,4491.0,82.0,23.0,3209.0,,,,13.0,7.0,484.0,,,,6.0,5.0,90.0,,,,4.0,3.0,91.0,,,,11.0,5.0,214.0,,,,,,,,,,,,,8418.301610652914
49015,,,,,,,,,,,,,,537.0,3.0,32413.0,,,,,,,,,,400.0,27.0,40452.0,,,,,,,,,,,,,,,,,,,,,,,,,14.0,4.0,773.0,,,,,,,47.0,5.0,1773.0,,,,,,,,,,,,,,,,,,,,,,,,,,,,,,,,,,,,,,,,,,,,,,,,,,,,,,,,,,,,,,,,,,,,,,,,,,,,,,,,,,,,,,,,,,,,,,,,,,,,,,,,,,,,,,,,,,,,,,,,,,,,,,,,,,,,,,,,,,,,,,,,,,,,,,,,,,,,,,,,,,,,,,,,,,,,,,,,,,,,,,,,,,,,,,,,,,,,,,,,,,,,,,,,,,,,,,,,,,,,,,,,,,,,,,,,,,,,,,,,,,,,,,,,,,,,,,,,,,,,,,,,,,,,,,,44.0,3.0,2171.0,,,,114.0,5.0,1805.0,,,,,,,,,,150.0,12.0,2649.0,,,,,,,,,,,,,,,,,,,,,,,,,,,,,,,,,,,,,,,,9.0,6.0,390.0,,,,,,,41.0,6.0,1664.0,29.0,4.0,1757.0,,,,,,,,,,,,,,,,,,,,,,,,,,,,,,,,,,,,,,,,,,,,,,,,,,,,,,,,,,,,,,,,,,,30.0,6.0,872.0,,,,,,,,,,,,,,,,,,,,,,,,,,,,,,,,,,,,,,,,,,,,,,,,,,,,40.0,4.0,1388.0,,,,,,,,,,,,,,,,,,,,,,,,,,,,,,,,,,,,,,,,9.0,5.0,137.0,,,,,,,,,,,,,,,,,,,,,,,,,,,,,,,,,,,,,17.0,3.0,477.0,43.0,4.0,1253.0,48.0,3.0,2315.0,,,,,,,,,,,,,,,,,,,,,,,,,,,,,,,17.0,3.0,448.0,,,,,,,,,,,,,,,,,,,,,,,,,,,,,,,,,,119.0,13.0,2856.0,,,,,,,,,,,,,136.0,14.0,2211.0,18.0,9.0,670.0,,,,40.0,5.0,2082.0,,,,,,,,,,,,,,,,,,,,,,,,,,,,,,,11582.08238134106
49017,,,,,,,,,,,,,,,,,,,,,,,,,,19.0,3.0,1570.0,,,,,,,27.0,8.0,2017.0,,,,,,,,,,,,,,,,,,,4.0,4.0,147.0,,,,,,,,,,,,,,,,,,,,,,,,,,,,,,,,,,,,,,,,,,,,,,,,,,,,,,,,,,,,,,,,,,,,,,,,,,,,,,,,,,,,,,,,,,,,,,,,,,,,,,,,,,,,,,,,,,,,,,,,,,,,,,,,,,,,,,,,,,,,,,,,,,,,,,,,,,,,,,,,,,,,,,,,,,,,,,,,,,,,,,,,,,,,,,,,,,,,,,,,,,,,,,,,,,,,,,,,,,,,,,,,,,,,,,,,,,,,,,,,,,,,,,,,,,,,,,,,,,,,,,,,,,,,,,,,,,,,,,,,,,,38.0,5.0,845.0,,,,,,,,,,47.0,6.0,1105.0,,,,,,,,,,24.0,4.0,571.0,,,,,,,,,,,,,,,,,,,,,,,,,,,,,,,,,,,,,,,,,,,,,,,,,,,,,,,,,,,,,,,,,,,,,,,,,,,,,,,,,,,,,,,,5.0,3.0,100.0,,,,,,,,,,,,,,,,,,,16.0,4.0,385.0,,,,,,,,,,,,,,,,,,,,,,4.0,3.0,63.0,,,,,,,,,,,,,,,,,,,,,,,,,5.0,4.0,94.0,,,,,,,,,,,,,,,,,,,,,,,,,,,,,,,,,,,,,,,,,,,,,,,,,,,,,,,,,,,,,,,,,,,,,,,,,,,,,,,,,,,,,14.0,6.0,261.0,,,,,,,,,,,,,,,,,,,,,,,,,,,,,,,,,,,,,,,,,,,,,,,,,,,,,,,,,,,,,,,,,,,12.0,5.0,759.0,585.0,42.0,19824.0,34.0,11.0,1300.0,,,,,,,,,,115.0,20.0,3891.0,,,,,,,,,,,,,,,,,,,,,,,,,,,,,,,,,,,,,,,,13489.177986269719
49019,,,,,,,,,,,,,,,,,,,,,,,,,,,,,,,,,,,98.0,29.0,3475.0,,,,,,,,,,,,,,,,34.0,9.0,1019.0,37.0,11.0,1849.0,12.0,4.0,432.0,52.0,4.0,2640.0,,,,,,,,,,,,,,,,,,,,,,,,,,,,,,,,,,,,,,,,,,,,,,,,,,,,,,,,,,,,,,,,,,,,,,,,,,,,,,,,,,,,,,,,,,,,,,,,,,,,,,,,,,,,,,,,,,,,,,,,,,,,,,,,,,,,,,,,,,,,,,,,,,,,,,,,,,,,,,,,,,,,,,,,,,,,,,,,,,,,,,,,,,,,,,,,,,,,,,,,,,,,,,,,,,,,,,,,,,,,,,,,,,,,,,,,,,,,,,,,,,,,,,,,,,,,,,,,,,,44.0,5.0,1722.0,,,,,,,,,,54.0,3.0,2102.0,,,,176.0,6.0,6128.0,,,,,,,,,,76.0,7.0,2720.0,74.0,11.0,2062.0,,,,,,,92.0,11.0,2579.0,15.0,4.0,648.0,,,,24.0,3.0,590.0,,,,77.0,15.0,2058.0,,,,,,,,,,,,,,,,,,,,,,,,,,,,,,,,,,,,,8.0,4.0,340.0,,,,,,,,,,,,,,,,,,,,,,,,,,,,35.0,4.0,734.0,,,,4.0,4.0,108.0,,,,,,,47.0,3.0,2896.0,,,,,,,,,,52.0,5.0,3603.0,2.0,3.0,300.0,,,,,,,,,,,,,16.0,5.0,797.0,,,,74.0,14.0,2024.0,21.0,14.0,1537.0,80.0,13.0,2734.0,12.0,3.0,511.0,20.0,3.0,968.0,,,,,,,,,,22.0,5.0,1056.0,22.0,3.0,719.0,13.0,7.0,691.0,,,,3.0,4.0,163.0,20.0,10.0,1152.0,0.0,3.0,140.0,,,,29.0,8.0,2319.0,16.0,3.0,866.0,,,,,,,,,,,,,16.0,6.0,1517.0,,,,56.0,11.0,1214.0,,,,,,,,,,,,,40.0,3.0,920.0,,,,,,,,,,,,,20.0,4.0,822.0,,,,,,,,,,18.0,7.0,552.0,38.0,3.0,1303.0,,,,,,,,,,,,,,,,,,,,,,,,,,,,,,,24.0,5.0,864.0,,,,,,,10.0,5.0,241.0,,,,,,,,,,,,,,,,,,,,,,156.0,23.0,6560.0,685.0,39.0,22934.0,82.0,9.0,3809.0,,,,51.0,7.0,376.0,,,,1307.0,52.0,34028.0,13.0,5.0,603.0,,,,6.0,3.0,248.0,,,,8.0,3.0,97.0,,,,,,,0.0,3.0,58.0,6.0,5.0,234.0,,,,19.0,10.0,999.0,,,,,,,9543.918142445587
49021,,,,,,,,,,,,,,,,,,,,37.0,3.0,2715.0,15.0,3.0,540.0,,,,,,,5.0,4.0,49.0,310.0,99.0,12667.0,59.0,11.0,2400.0,88.0,10.0,4866.0,,,,14.0,3.0,774.0,,,,672.0,63.0,32416.0,346.0,47.0,13237.0,190.0,48.0,6221.0,183.0,30.0,9748.0,,,,,,,,,,,,,,,,,,,13.0,3.0,145.0,,,,15.0,4.0,363.0,,,,,,,,,,,,,,,,,,,,,,,,,25.0,3.0,843.0,,,,,,,,,,,,,,,,,,,,,,,,,492.0,6.0,23654.0,,,,,,,,,,,,,15.0,3.0,587.0,,,,,,,,,,,,,65.0,6.0,3037.0,,,,,,,21.0,4.0,870.0,42.0,3.0,1207.0,,,,,,,,,,,,,,,,,,,,,,,,,,,,,,,,,,,,,,,,,,,,,,,,,,,,,,,,,,117.0,6.0,4466.0,,,,,,,15.0,5.0,350.0,77.0,8.0,2988.0,4.0,3.0,164.0,,,,,,,,,,,,,19.0,3.0,813.0,,,,56.0,7.0,3635.0,53.0,7.0,1555.0,,,,,,,,,,80.0,3.0,5615.0,,,,,,,42.0,3.0,1846.0,,,,,,,,,,145.0,5.0,6556.0,45.0,5.0,1936.0,109.0,13.0,3580.0,26.0,5.0,1588.0,31.0,7.0,1152.0,28.0,7.0,989.0,308.0,24.0,10664.0,105.0,8.0,2400.0,337.0,8.0,8326.0,25.0,6.0,240.0,,,,109.0,8.0,2561.0,364.0,24.0,9422.0,134.0,12.0,2605.0,,,,6.0,3.0,178.0,116.0,11.0,2089.0,17.0,3.0,316.0,,,,494.0,8.0,14256.0,,,,,,,,,,36.0,8.0,838.0,51.0,22.0,1264.0,,,,44.0,24.0,1730.0,,,,,,,148.0,52.0,6970.0,53.0,9.0,2674.0,17.0,3.0,438.0,,,,,,,,,,,,,25.0,3.0,442.0,,,,11.0,3.0,776.0,,,,,,,,,,,,,,,,,,,12.0,3.0,292.0,14.0,3.0,489.0,,,,,,,62.0,13.0,3298.0,,,,,,,47.0,4.0,2175.0,243.0,11.0,15886.0,33.0,11.0,1837.0,8.0,8.0,328.0,,,,10.0,10.0,880.0,1.0,3.0,48.0,161.0,29.0,9551.0,,,,108.0,21.0,3923.0,97.0,71.0,3300.0,57.0,30.0,1888.0,12.0,4.0,277.0,8.0,3.0,467.0,,,,13.0,3.0,671.0,,,,94.0,29.0,5223.0,99.0,39.0,3453.0,101.0,21.0,7392.0,5.0,5.0,123.0,133.0,23.0,8114.0,140.0,38.0,4861.0,46.0,5.0,2350.0,10.0,5.0,235.0,61.0,18.0,1791.0,389.0,6.0,28462.0,47.0,9.0,1017.0,,,,346.0,5.0,7848.0,177.0,9.0,4365.0,,,,35.0,7.0,943.0,160.0,60.0,4645.0,,,,,,,,,,,,,,,,,,,,,,5.0,3.0,111.0,35.0,5.0,385.0,75.0,13.0,713.0,17.0,5.0,575.0,242.0,43.0,19064.0,238.0,32.0,7156.0,178.0,56.0,5960.0,86.0,12.0,5213.0,,,,36.0,3.0,911.0,,,,,,,,,,,,,,,,859.0,8.0,33128.0,,,,,,,251.0,10.0,10666.0,,,,,,,120.0,15.0,1455.0,26.0,3.0,269.0,,,,,,,,,,3.0,8.0,179.0,,,,,,,153.0,19.0,3922.0,392.0,29.0,9071.0,10.0,4.0,474.0,,,,128.0,7.0,814.0,,,,1801.0,105.0,29064.0,149.0,36.0,5853.0,,,,7.0,4.0,144.0,5.0,3.0,68.0,39.0,17.0,686.0,,,,,,,18.0,5.0,268.0,47.0,11.0,765.0,,,,9.0,3.0,205.0,,,,16.0,11.0,581.0,8548.86961439459
49023,,,,,,,,,,,,,,,,,54.0,3.0,4287.0,,,,,,,,,,,,,,,,40.0,15.0,1343.0,,,,34.0,3.0,1648.0,,,,,,,,,,69.0,9.0,3187.0,76.0,12.0,3959.0,18.0,8.0,644.0,18.0,8.0,730.0,,,,,,,,,,,,,,,,,,,,,,,,,,,,,,,,,,,,,,,,,,,,,,,,,,,,,,,,,,,,,,,,,,,,,,,,,,,,,,,,,,,,,,,,,,,,,,,,,,,,,,,,,,,,,,,,,,,,,,,,,,,,,,,,,,,,,,,,,,,,,,,,,,,,,,,,,,,,,,,,,,,,,,,,,,,,,,,,,,,,,,,,,,,,,,,,,,,,,,,,,,,,,,,,,,,,,,,,,,,,,,,,,,,,,,,,,,,,,,,,,,,,,,,,,,,,,22.0,3.0,683.0,,,,22.0,4.0,790.0,,,,,,,,,,,,,,,,128.0,3.0,2121.0,,,,,,,,,,54.0,5.0,1082.0,,,,,,,,,,,,,,,,,,,,,,,,,,,,,,,,,,,,,,,,4.0,6.0,122.0,,,,,,,18.0,8.0,525.0,,,,,,,,,,,,,,,,,,,,,,,,,9.0,4.0,596.0,,,,,,,,,,,,,,,,,,,,,,,,,,,,,,,,,,,,,,,,,,,27.0,4.0,1226.0,,,,,,,,,,,,,,,,,,,,,,,,,2.0,3.0,136.0,,,,,,,,,,,,,,,,,,,11.0,3.0,1241.0,11.0,4.0,217.0,261.0,5.0,19621.0,,,,,,,3.0,3.0,71.0,,,,,,,12.0,4.0,241.0,,,,20.0,3.0,5648.0,,,,,,,,,,,,,,,,13.0,4.0,355.0,,,,,,,,,,,,,,,,,,,,,,,,,,,,,,,,,,,,,,,,54.0,9.0,1839.0,,,,,,,,,,,,,,,,,,,,,,,,,,,,,,,,,,,,,,,,,,,25.0,3.0,376.0,,,,,,,,,,,,,,,,,,,,,,,,,50.0,6.0,736.0,,,,,,,,,,,,,272.0,23.0,3785.0,15.0,4.0,655.0,,,,14.0,3.0,557.0,,,,,,,,,,,,,,,,,,,,,,,,,,,,,,,8820.94451907697
49025,,,,,,,,,,,,,,,,,,,,,,,,,,,,,,,,,,,75.0,18.0,3052.0,,,,,,,,,,,,,,,,10.0,3.0,164.0,41.0,9.0,1926.0,3.0,3.0,125.0,8.0,4.0,293.0,,,,,,,,,,,,,,,,,,,,,,,,,,,,,,,,,,,,,,,,,,,,,,,,,,,,,,,,,,,,,,,,,,,,,,,,,,,,,,,,,,,,,,,,,,,,,,,,,,,,,,,,,,,,,,,,,,,,,,,,,,,,,,,,,,,,,,,,,,,,,,,,,,,,,,,,,,,,,,,,,,,,,,,,,,,,,,,,,,,,,,,,,,,,,,,,,,,,,,,,,,,,,,,,,,,,,,,,,,,,,,,,,,,,,,,,,,,,,,,,,,,,,,,,,,,,,,,,,,,,,,,,,,,,,,,33.0,4.0,1060.0,,,,158.0,4.0,2927.0,,,,,,,29.0,3.0,655.0,105.0,11.0,2397.0,,,,,,,,,,,,,,,,,,,23.0,3.0,348.0,,,,51.0,8.0,1232.0,,,,11.0,3.0,342.0,,,,,,,,,,,,,,,,,,,10.0,8.0,527.0,,,,,,,,,,,,,,,,,,,,,,,,,,,,,,,,,,,,,,,,,,,,,,,,,,,,,,,,,,,,,,,,,,,37.0,5.0,2179.0,9.0,4.0,776.0,,,,,,,,,,,,,18.0,5.0,1015.0,,,,5.0,3.0,59.0,30.0,21.0,1885.0,22.0,3.0,358.0,,,,,,,,,,,,,,,,,,,10.0,5.0,208.0,18.0,4.0,1318.0,,,,,,,8.0,6.0,473.0,,,,,,,27.0,3.0,921.0,,,,,,,,,,,,,,,,5.0,4.0,257.0,,,,8.0,5.0,272.0,,,,,,,,,,,,,,,,,,,,,,,,,,,,,,,,,,,,,,,,19.0,9.0,652.0,,,,,,,,,,,,,,,,,,,,,,,,,,,,,,,,,,,,,,,,,,,,,,,,,,,,,,,,,,,,,,,,,,,141.0,15.0,4731.0,917.0,27.0,33724.0,26.0,4.0,1472.0,,,,100.0,5.0,4940.0,,,,335.0,23.0,7770.0,30.0,9.0,1212.0,,,,,,,,,,,,,,,,,,,,,,,,,,,,,,,,,,,,,10640.086232672315
49027,,,,,,,,,,,,,,,,,,,,27.0,4.0,1695.0,,,,404.0,3.0,52249.0,,,,,,,26.0,9.0,533.0,,,,6.0,3.0,254.0,,,,,,,,,,3.0,3.0,303.0,11.0,7.0,253.0,41.0,5.0,1181.0,11.0,3.0,498.0,35.0,4.0,1170.0,,,,,,,,,,,,,,,,,,,,,,,,,,,,,,,,,,,,,,,,,,,,,,,,,,,,,,,,,,,,,,,,,,,,,,,,,,,,,,,,,,,,,,,,121.0,4.0,9836.0,,,,,,,,,,,,,,,,,,,,,,,,,,,,,,,,,,,,,,,,,,,,,,,,,,,,,,,,,,,,,,,,,,,,,,,,,,,,,,,,,,,,,,,,,,,,,,,,,,,,,,,,,,,,,,,,,,,,,,,,,,,,,,,19.0,3.0,474.0,,,,,,,,,,,,,,,,,,,40.0,3.0,2725.0,,,,19.0,3.0,986.0,,,,,,,,,,24.0,4.0,675.0,,,,,,,,,,52.0,3.0,1423.0,37.0,5.0,1693.0,185.0,7.0,3009.0,,,,,,,42.0,4.0,1170.0,148.0,14.0,4414.0,,,,,,,,,,,,,,,,,,,21.0,3.0,442.0,,,,,,,,,,,,,,,,,,,0.0,4.0,44.0,,,,,,,34.0,9.0,1527.0,12.0,4.0,337.0,,,,,,,,,,,,,,,,,,,,,,,,,,,,,,,,,,,,,,,,,,,,,,,,,,,,,,,9.0,3.0,365.0,,,,,,,,,,38.0,6.0,1165.0,,,,,,,,,,,,,,,,12.0,4.0,483.0,,,,,,,,,,,,,,,,,,,,,,,,,,,,9.0,4.0,281.0,,,,,,,,,,12.0,3.0,384.0,,,,,,,,,,10.0,3.0,336.0,,,,,,,,,,47.0,3.0,1227.0,,,,,,,,,,86.0,7.0,3260.0,,,,,,,,,,,,,,,,,,,,,,,,,,,,,,,,,,20.0,3.0,1892.0,48.0,8.0,1708.0,32.0,4.0,1298.0,,,,,,,,,,,,,,,,,,,,,,,,,,,,,,,,,,,,,,,,,,,38.0,4.0,398.0,,,,,,,,,,,,,,,,,,,,,,,,,67.0,6.0,1174.0,6.0,3.0,68.0,,,,,,,,,,378.0,21.0,4895.0,35.0,7.0,1381.0,,,,,,,,,,,,,,,,,,,,,,,,,,,,,,,,,,,,,17707.681833153543
49029,,,,,,,,,,,,,,,,,,,,,,,,,,,,,,,,9.0,3.0,350.0,67.0,22.0,2794.0,27.0,4.0,942.0,,,,,,,,,,,,,159.0,19.0,6549.0,170.0,21.0,9778.0,21.0,9.0,967.0,108.0,13.0,5248.0,,,,,,,,,,,,,,,,,,,,,,,,,,,,,,,,,,,,,,,,,,,,,,,,,,,,,,,,,,,,,,,,,,,,,,,,,,,,,,,,,,,,,,,,,,,,,,,,,,,,,,,,,,,,,,,,,,,,,,17.0,4.0,703.0,,,,,,,,,,,,,,,,,,,,,,,,,,,,,,,,,,,,,,,,,,,,,,,,,,,,,,,,,,,,,,,,,,,,,,,,,,,,,,,,,,,,,,,,,,,,,,,,,,,,117.0,3.0,9049.0,,,,,,,,,,,,,,,,,,,,,,,,,,,,4.0,4.0,127.0,80.0,3.0,5479.0,,,,,,,,,,,,,,,,39.0,4.0,1182.0,,,,,,,,,,,,,27.0,3.0,864.0,31.0,3.0,532.0,,,,,,,,,,,,,,,,,,,,,,,,,,,,,,,,,,,,,,,,3.0,3.0,82.0,,,,,,,,,,,,,,,,,,,,,,,,,,,,,,,,,,,,,,,,,,,,,,,,,,,,,,,,,,,,,,,,,,,,,,,,,,,,,,,31.0,4.0,1489.0,,,,,,,,,,9.0,5.0,715.0,,,,6.0,3.0,86.0,,,,4.0,3.0,96.0,11.0,11.0,500.0,4.0,3.0,171.0,,,,,,,,,,,,,,,,,,,6.0,5.0,127.0,52.0,5.0,2912.0,,,,9.0,3.0,499.0,46.0,24.0,1816.0,,,,,,,23.0,5.0,1102.0,,,,5.0,7.0,320.0,,,,,,,,,,,,,,,,75.0,19.0,3080.0,,,,,,,,,,,,,,,,,,,,,,,,,,,,,,,,,,26.0,14.0,4096.0,,,,9.0,5.0,271.0,,,,,,,,,,,,,,,,,,,,,,,,,,,,,,,,,,26.0,4.0,212.0,,,,,,,,,,,,,,,,,,,,,,,,,,,,,,,20.0,6.0,347.0,,,,,,,,,,,,,,,,124.0,8.0,2352.0,20.0,7.0,1175.0,,,,,,,,,,,,,,,,,,,,,,,,,,,,,,,,,,,,,1582.176943883867
49031,,,,,,,,,,,,,,,,,,,,,,,,,,,,,,,,,,,,,,,,,,,,,,,,,,,,,,,,,,,,,,,,,,,,,,,,,,,,,,,,,,,,,,,,,,,,,,,,,,,,,,,,,,,,,,,,,,,,,,,,,,,,,,,,,,,,,,,,,,,,,,,,,,,,,,,,,,,,,,,,,,,,,,,,,,,,,,,,,,,,,,,,,,,,,,,,,,,,,,,,,,,,,,,,,,,,,,,,,,,,,,,,,,,,,,,,,,,,,,,,,,,,,,,,,,,,,,,,,,,,,,,,,,,,,,,,,,,,,,,,,,,,,,,,,,,,,,,,,,,,,,,,,,,,,,,,,,,,,,,,,,,,,,,,,,,,,,,,,,,,,,,,,,,,,,,,,,,,,,,,,,,,,,,,,,,,,,,,,,,,,,,,,,,,,,,,,,,,,,,,,,,,7.0,4.0,188.0,,,,,,,,,,,,,,,,,,,,,,,,,,,,,,,,,,,,,,,,,,,,,,,,,,,,,,,,,,,,,,,,,,,,,,,,,,,,,,,,,,,,,,,,,,,,,,,,,,,,,,,,,,,,,,,,,,,,,,,,,,,,,,,,,,,,,,,,,,,,,,,,,,,,,,,,,,,,,,,,,,,,,,,,,,,,,,,,,,,,,,,,,,,,,,,,,,,,,,,,,,,,,,,,,,,,,,,,,,,,,,,,,,,,,,,,,,,,,,,,,,,,,,,,,,,,,,,,,,,,,,,,,,,,,,,,,,,,,,,,9.0,3.0,240.0,,,,,,,,,,,,,,,,,,,,,,,,,,,,,,,,,,,,,,,,,,,,,,,,,,,,,,,1984.632482884838
49033,,,,,,,,,,,,,,,,,,,,,,,,,,,,,,,,,,,77.0,10.0,3209.0,,,,,,,,,,,,,,,,,,,,,,,,,12.0,3.0,711.0,,,,,,,,,,,,,,,,,,,,,,,,,,,,,,,,,,,,,,,,,,,,,,,,,,,,,,,,,,,,,,,,,,,,,,,,,,,,,,,,,,,,,,,,,,,,,,,,,,,,,,,,,,,,,,,,,,,,,,,,,,,,,,,,,,,,,,,,,,,,,,,,,,,,,,,,,,,,,,,,,,,,,,,,,,,,,,,,,,,,,,,,,,,,,,,,,,,,,,,,,,,,,,,,,,,,,,,,,,,,,,,,,,,,,,,,,,,,,,,,,,,,,,,,,,,,,,,,,,,,,,,,,,,,,,,8.0,3.0,1329.0,,,,,,,,,,,,,,,,36.0,4.0,1069.0,,,,,,,,,,,,,,,,,,,,,,,,,,,,,,,,,,,,,,,,,,,,,,,,,8.0,6.0,257.0,,,,,,,,,,,,,,,,,,,,,,,,,,,,,,,,,,,,,,,,,,,,,,,,,,,,,,,,,,,,,,,,,,,,,,,,,,,,,,,,,,,,,,,,,,,,,,,,,12.0,4.0,1717.0,7.0,4.0,453.0,,,,,,,,,,,,,,,,,,,,,,11.0,3.0,340.0,,,,,,,3.0,3.0,72.0,,,,,,,,,,,,,,,,,,,,,,,,,,,,,,,33.0,7.0,1023.0,,,,,,,,,,,,,,,,,,,,,,,,,,,,,,,,,,,,,,,,,,,,,,,,,,,,,,,,,,,,,,,,,,,,,,,,,,,,,,,,,,,,,,,,,,,,,,,,,,,,,,,,,,,,,,,,40.0,3.0,1942.0,9.0,3.0,545.0,,,,,,,,,,70.0,16.0,2812.0,,,,,,,,,,,,,,,,,,,,,,,,,,,,,,,,,,,,,,,,2813.809491682827
49035,,,,,115.0,3.0,12961.0,21.0,9.0,439.0,23.0,7.0,1790.0,,,,1596.0,4.0,142682.0,320.0,7.0,16513.0,278.0,25.0,45690.0,1332.0,64.0,153644.0,920.0,3.0,81519.0,112.0,10.0,10731.0,3829.0,841.0,274138.0,4724.0,189.0,430761.0,1773.0,54.0,118102.0,150.0,43.0,11902.0,1775.0,28.0,151538.0,98.0,5.0,5168.0,7236.0,666.0,401716.0,12296.0,854.0,836405.0,6510.0,946.0,334906.0,3739.0,296.0,244550.0,159.0,8.0,7642.0,,,,568.0,23.0,26928.0,362.0,8.0,17070.0,636.0,7.0,41152.0,1661.0,6.0,76776.0,1614.0,65.0,60338.0,1468.0,30.0,67291.0,626.0,30.0,25730.0,57.0,6.0,3504.0,153.0,13.0,5112.0,251.0,14.0,17908.0,99.0,17.0,3469.0,17.0,5.0,423.0,,,,,,,202.0,7.0,11277.0,813.0,51.0,43668.0,1008.0,15.0,63168.0,2038.0,96.0,101201.0,735.0,6.0,95151.0,353.0,8.0,30830.0,5357.0,26.0,470843.0,524.0,13.0,32340.0,615.0,19.0,31953.0,64.0,6.0,4122.0,3466.0,56.0,197650.0,218.0,11.0,13842.0,168.0,4.0,8967.0,41.0,5.0,1961.0,1055.0,18.0,47604.0,497.0,28.0,23639.0,679.0,8.0,56941.0,122.0,7.0,6755.0,17.0,4.0,650.0,57.0,4.0,3141.0,1810.0,95.0,101528.0,129.0,6.0,10262.0,,,,832.0,78.0,48939.0,327.0,24.0,13306.0,548.0,28.0,28114.0,115.0,10.0,7111.0,275.0,9.0,17037.0,699.0,12.0,62217.0,65.0,5.0,3988.0,341.0,11.0,22931.0,356.0,16.0,27166.0,186.0,7.0,23719.0,336.0,10.0,30902.0,,,,515.0,12.0,28537.0,7400.0,41.0,658206.0,30.0,3.0,2931.0,159.0,6.0,8724.0,1110.0,8.0,72514.0,131.0,8.0,5633.0,307.0,17.0,14673.0,1339.0,7.0,102056.0,210.0,3.0,15898.0,946.0,81.0,47635.0,878.0,35.0,52083.0,711.0,6.0,59998.0,9690.0,96.0,770501.0,2098.0,101.0,118803.0,2886.0,128.0,195980.0,1506.0,62.0,96846.0,2124.0,114.0,142497.0,3552.0,174.0,302828.0,803.0,49.0,61240.0,3158.0,125.0,375393.0,1423.0,94.0,110052.0,4993.0,264.0,386712.0,2486.0,163.0,167567.0,893.0,43.0,88093.0,2126.0,69.0,167216.0,661.0,42.0,62414.0,4141.0,119.0,239228.0,,,,746.0,47.0,58257.0,612.0,12.0,77527.0,536.0,7.0,27866.0,1624.0,80.0,82915.0,1393.0,207.0,84986.0,5850.0,187.0,434283.0,847.0,41.0,61060.0,2472.0,192.0,103418.0,1216.0,86.0,63756.0,1224.0,115.0,47717.0,1183.0,100.0,49835.0,4549.0,186.0,181984.0,630.0,33.0,21120.0,10437.0,228.0,285475.0,578.0,56.0,14393.0,264.0,21.0,6314.0,3362.0,276.0,115925.0,2409.0,242.0,65046.0,4345.0,295.0,98978.0,472.0,46.0,8866.0,444.0,59.0,21880.0,2940.0,202.0,68973.0,366.0,35.0,6106.0,1004.0,13.0,18247.0,9765.0,97.0,292998.0,195.0,25.0,4983.0,834.0,77.0,20602.0,736.0,50.0,15101.0,1042.0,168.0,35780.0,10419.0,403.0,609459.0,132.0,13.0,5483.0,1206.0,265.0,66730.0,6476.0,9.0,533083.0,183.0,5.0,26161.0,8158.0,391.0,451290.0,3564.0,150.0,267090.0,166.0,14.0,3761.0,41.0,3.0,1546.0,75.0,3.0,3654.0,120.0,15.0,3589.0,364.0,8.0,54014.0,1113.0,32.0,38986.0,453.0,47.0,32649.0,263.0,61.0,10300.0,1049.0,88.0,72763.0,11.0,6.0,438.0,6097.0,49.0,238529.0,462.0,21.0,9767.0,6398.0,106.0,315107.0,418.0,39.0,26703.0,9717.0,131.0,1470306.0,7382.0,130.0,165517.0,18.0,12.0,656.0,1209.0,28.0,79974.0,5169.0,219.0,457253.0,550.0,21.0,53185.0,4909.0,117.0,463979.0,1008.0,61.0,94841.0,10830.0,411.0,1018414.0,9559.0,288.0,1014210.0,8086.0,247.0,508908.0,4841.0,124.0,578652.0,2816.0,420.0,510379.0,5277.0,163.0,456353.0,8924.0,788.0,743783.0,37.0,8.0,2211.0,2975.0,474.0,179198.0,2322.0,1303.0,182820.0,4517.0,701.0,342822.0,872.0,81.0,49267.0,480.0,42.0,19179.0,80.0,9.0,4194.0,960.0,100.0,72644.0,117.0,17.0,8346.0,6090.0,823.0,697459.0,6044.0,651.0,421483.0,6997.0,630.0,600783.0,758.0,237.0,38135.0,8183.0,616.0,888525.0,7146.0,1402.0,580235.0,2585.0,129.0,366056.0,2027.0,231.0,145321.0,10146.0,405.0,437513.0,19831.0,279.0,2729931.0,5329.0,272.0,261273.0,326.0,24.0,9837.0,13738.0,228.0,684263.0,8667.0,184.0,332415.0,2606.0,76.0,173649.0,4174.0,102.0,152768.0,7594.0,935.0,278067.0,1978.0,72.0,172563.0,828.0,40.0,54602.0,689.0,10.0,72569.0,515.0,44.0,31998.0,4952.0,79.0,174523.0,2237.0,6.0,89635.0,8536.0,18.0,454790.0,1724.0,59.0,290610.0,884.0,58.0,53627.0,3019.0,287.0,72366.0,549.0,49.0,16839.0,7785.0,774.0,908374.0,4884.0,648.0,206232.0,4084.0,830.0,147792.0,2916.0,217.0,146605.0,971.0,55.0,79403.0,4548.0,91.0,199496.0,1980.0,66.0,93691.0,22098.0,14.0,1490909.0,1524.0,6.0,66647.0,657.0,3.0,31582.0,2927.0,44.0,118634.0,3712.0,109.0,98301.0,2761.0,61.0,66449.0,280.0,14.0,8285.0,3262.0,269.0,102976.0,1127.0,48.0,40870.0,206.0,14.0,4044.0,2645.0,230.0,65976.0,463.0,32.0,21239.0,981.0,20.0,194289.0,879.0,35.0,20555.0,10.0,6.0,1623.0,169.0,124.0,6801.0,501.0,14.0,18486.0,154.0,13.0,3874.0,5222.0,245.0,103411.0,6439.0,162.0,167926.0,73.0,10.0,1476.0,6.0,3.0,128.0,2006.0,184.0,56921.0,993.0,89.0,25341.0,37546.0,2029.0,788811.0,4075.0,580.0,167296.0,392.0,61.0,26287.0,1126.0,91.0,69988.0,371.0,108.0,16263.0,3625.0,700.0,99515.0,349.0,34.0,17354.0,962.0,85.0,35459.0,1626.0,269.0,43357.0,19532.0,182.0,970633.0,706.0,86.0,44501.0,736.0,66.0,32466.0,322.0,65.0,11527.0,1140.0,180.0,74089.0,2086.8110602586244
49037,,,,,,,,,,,,,,,,,,,,,,,38.0,6.0,1591.0,,,,,,,,,,42.0,10.0,768.0,,,,,,,,,,,,,,,,50.0,5.0,2492.0,60.0,7.0,2255.0,,,,33.0,5.0,1357.0,,,,,,,,,,,,,,,,,,,,,,,,,,,,,,,,,,,,,,,,,,,,,,,,,,,,,,,,,,,,,,,,,,,,,,,,,,,,,,,,,,,,,,,,,,,,,,,,,,,,,,,,,,,,,,,,,,,,,,,,,,,,,,,,,,,,,,,,,,,,,,,,,,,,,,,,,,,,,,,,,,,,,,,,,,,,,,,,,,,,,,,,,,,,,,,,,,,,,,,,,,,,,,,,,,,,,,,,,,,,,,,,,,,,,,,,,,,,,,,,,11.0,3.0,343.0,,,,,,,,,,,,,,,,16.0,3.0,220.0,,,,,,,,,,46.0,3.0,1269.0,,,,90.0,3.0,1522.0,,,,,,,34.0,3.0,622.0,149.0,15.0,3455.0,,,,,,,,,,,,,3.0,3.0,37.0,,,,29.0,3.0,476.0,,,,,,,,,,,,,,,,,,,4.0,3.0,396.0,,,,,,,10.0,5.0,428.0,,,,,,,,,,,,,,,,,,,,,,,,,,,,,,,,,,,,,,,,,,,,,,,,,,,,,,,,,,,,,,,,,,,,,,35.0,4.0,950.0,19.0,5.0,1541.0,,,,,,,,,,,,,6.0,4.0,163.0,,,,13.0,3.0,319.0,,,,,,,,,,,,,,,,,,,,,,,,,10.0,5.0,420.0,,,,,,,,,,2.0,4.0,102.0,,,,,,,,,,,,,12.0,3.0,283.0,,,,,,,,,,,,,,,,7.0,6.0,297.0,,,,,,,,,,,,,,,,,,,,,,,,,,,,,,,,,,,,,,,,18.0,3.0,999.0,329.0,4.0,21834.0,,,,173.0,5.0,5601.0,,,,,,,,,,,,,,,,,,,,,,,,,,,,,,,,,,,,,,,,,,,,,,,,,,,,,,,,,,25.0,3.0,1072.0,220.0,21.0,5911.0,17.0,4.0,447.0,,,,124.0,3.0,4205.0,,,,134.0,22.0,2571.0,39.0,6.0,1001.0,,,,,,,8.0,3.0,448.0,,,,,,,,,,,,,,,,,,,,,,,,,,,,20546.74560049852
49039,,,,,,,,,,,,,,,,,,,,10.0,3.0,414.0,,,,,,,,,,,,,144.0,19.0,4463.0,64.0,7.0,2463.0,36.0,4.0,1594.0,,,,,,,,,,77.0,18.0,3109.0,90.0,17.0,3740.0,67.0,11.0,2259.0,44.0,15.0,2176.0,,,,,,,,,,,,,,,,525.0,3.0,22475.0,,,,,,,,,,,,,,,,,,,,,,,,,,,,,,,,,,,,,,,,,,,,,,,,,,,,,,,,,,,,,,,,,,,,,,,,,5.0,4.0,126.0,,,,,,,,,,,,,,,,,,,,,,,,,,,,,,,,,,,,,,,,,,,,,,,,,,,,,,,,,,,,,,,,,,,,,,,,,,,,,,,,,,,,,,,,24.0,3.0,1045.0,,,,,,,,,,26.0,4.0,2097.0,,,,,,,,,,,,,,,,,,,,,,,,,,,,,,,,,,,,,4.0,3.0,118.0,,,,,,,,,,,,,52.0,3.0,1694.0,,,,40.0,4.0,1881.0,,,,38.0,4.0,817.0,25.0,3.0,726.0,,,,,,,108.0,9.0,2990.0,,,,226.0,6.0,4026.0,,,,,,,28.0,3.0,857.0,104.0,13.0,1973.0,,,,,,,,,,,,,,,,,,,236.0,4.0,6722.0,,,,,,,,,,,,,38.0,7.0,1131.0,,,,6.0,6.0,264.0,,,,,,,69.0,16.0,4264.0,37.0,9.0,1428.0,,,,,,,,,,,,,,,,,,,,,,,,,,,,,,,,,,,,,,,,,,,,,,29.0,5.0,165.0,,,,,,,154.0,7.0,10393.0,,,,,,,,,,72.0,10.0,2911.0,14.0,3.0,162.0,3.0,3.0,108.0,,,,,,,,,,47.0,12.0,1533.0,,,,27.0,8.0,670.0,7.0,6.0,283.0,,,,,,,,,,,,,,,,,,,11.0,3.0,942.0,15.0,6.0,254.0,35.0,6.0,2098.0,,,,13.0,5.0,791.0,148.0,4.0,8173.0,,,,,,,30.0,6.0,1203.0,,,,28.0,4.0,595.0,,,,,,,,,,,,,,,,49.0,11.0,1369.0,,,,,,,,,,,,,,,,,,,,,,,,,,,,,,,,,,57.0,11.0,4420.0,76.0,10.0,2180.0,80.0,12.0,2320.0,,,,,,,,,,,,,,,,,,,,,,,,,,,,,,,45.0,3.0,1452.0,33.0,6.0,952.0,,,,,,,81.0,6.0,1322.0,,,,,,,,,,,,,,,,,,,,,,,,,45.0,5.0,399.0,,,,,,,1.0,3.0,87.0,,,,426.0,34.0,5079.0,35.0,12.0,1056.0,,,,44.0,4.0,2084.0,,,,,,,,,,,,,,,,,,,,,,,,,,,,,,,4149.952128047255
49041,,,,,,,,,,,,,,,,,,,,316.0,4.0,18566.0,,,,,,,,,,,,,55.0,19.0,2090.0,50.0,5.0,2328.0,,,,,,,,,,,,,81.0,11.0,2349.0,113.0,15.0,4932.0,42.0,15.0,1375.0,59.0,5.0,3011.0,,,,,,,,,,,,,,,,,,,,,,,,,,,,,,,,,,,,,,,,,,,,,,,,,,,,,,,,,,,,,,,,,,,,,,,,,,,,,,,,,,,,,,,,,,,,,,,,,,,,,,,,,,,,,,,,,,,,,,,,,,,,,,,,,,,,,,,,,,,,,,,,,,,,,,,,,,,,,,,,,,,,,,,,,,,,,,,,,,,,,,,,,,,,,,19.0,3.0,603.0,,,,38.0,3.0,1373.0,,,,,,,,,,,,,,,,,,,,,,,,,,,,,,,,,,,,,,,,,,,29.0,3.0,1629.0,,,,,,,59.0,3.0,1040.0,82.0,5.0,4541.0,,,,76.0,9.0,2656.0,,,,,,,,,,221.0,9.0,5553.0,70.0,6.0,2341.0,146.0,3.0,3432.0,,,,,,,20.0,4.0,594.0,200.0,18.0,4329.0,41.0,4.0,593.0,,,,,,,31.0,4.0,505.0,,,,,,,254.0,4.0,6750.0,,,,,,,,,,13.0,5.0,218.0,,,,,,,65.0,7.0,2999.0,,,,,,,261.0,24.0,12910.0,434.0,15.0,25565.0,,,,,,,,,,,,,,,,,,,,,,,,,,,,,,,79.0,4.0,3433.0,,,,,,,,,,,,,,,,,,,,,,16.0,6.0,756.0,,,,,,,,,,83.0,8.0,4745.0,13.0,4.0,1416.0,,,,,,,5.0,3.0,373.0,,,,32.0,12.0,1372.0,,,,33.0,4.0,1136.0,4.0,9.0,262.0,5.0,3.0,246.0,,,,,,,,,,34.0,3.0,2729.0,,,,12.0,7.0,584.0,45.0,9.0,1504.0,91.0,5.0,5686.0,,,,5.0,4.0,353.0,18.0,9.0,531.0,,,,,,,131.0,5.0,1344.0,,,,,,,,,,83.0,3.0,2808.0,,,,,,,,,,38.0,15.0,1294.0,,,,,,,,,,,,,106.0,3.0,5138.0,,,,,,,,,,,,,,,,,,,96.0,11.0,8817.0,103.0,14.0,3391.0,63.0,12.0,2102.0,,,,,,,,,,,,,,,,,,,,,,,,,,,,,,,,,,157.0,15.0,3351.0,,,,,,,43.0,7.0,872.0,,,,,,,,,,,,,5.0,3.0,115.0,,,,,,,26.0,4.0,404.0,116.0,11.0,2071.0,26.0,6.0,1091.0,,,,,,,,,,618.0,36.0,9735.0,97.0,9.0,3999.0,,,,40.0,3.0,2493.0,,,,7.0,4.0,143.0,12.0,3.0,611.0,,,,10.0,5.0,77.0,,,,,,,,,,,,,3.0,3.0,273.0,4968.261573729557
49043,,,,,,,,,,,,,,,,,,,,106.0,5.0,9406.0,,,,24.0,3.0,3013.0,,,,19.0,5.0,1457.0,520.0,132.0,31719.0,47.0,14.0,3397.0,719.0,4.0,41153.0,13.0,5.0,1504.0,,,,,,,331.0,35.0,17144.0,307.0,49.0,17320.0,216.0,60.0,11276.0,267.0,43.0,15860.0,,,,,,,,,,,,,,,,,,,129.0,7.0,13055.0,,,,28.0,5.0,972.0,,,,,,,,,,,,,,,,,,,,,,,,,21.0,3.0,648.0,,,,,,,,,,,,,,,,,,,,,,,,,,,,,,,,,,,,,,,,,,,,,,,,,,,,,,,4.0,3.0,269.0,,,,,,,1.0,3.0,62.0,,,,,,,,,,,,,,,,,,,,,,,,,,,,,,,,,,,,,,,,,,,,,,,,,,,,25.0,3.0,2082.0,,,,,,,23.0,3.0,800.0,,,,,,,21.0,6.0,2663.0,39.0,10.0,1992.0,,,,,,,13.0,3.0,1994.0,79.0,9.0,7991.0,,,,227.0,7.0,26426.0,8.0,3.0,455.0,27.0,5.0,2263.0,174.0,15.0,11742.0,,,,93.0,4.0,13872.0,14.0,3.0,1349.0,3.0,3.0,248.0,,,,,,,,,,,,,12.0,4.0,988.0,17.0,11.0,2221.0,51.0,5.0,1800.0,,,,57.0,5.0,3040.0,50.0,8.0,2774.0,70.0,10.0,3303.0,,,,229.0,10.0,6350.0,20.0,3.0,1127.0,782.0,14.0,26859.0,41.0,6.0,878.0,28.0,3.0,1067.0,99.0,16.0,2536.0,195.0,8.0,7072.0,800.0,78.0,18722.0,122.0,10.0,2168.0,45.0,8.0,2150.0,533.0,51.0,13134.0,,,,,,,187.0,3.0,6295.0,15.0,3.0,318.0,71.0,8.0,6146.0,,,,109.0,26.0,5535.0,577.0,21.0,22823.0,,,,28.0,16.0,1040.0,,,,,,,28.0,9.0,2043.0,43.0,14.0,2294.0,10.0,6.0,349.0,,,,,,,,,,,,,,,,,,,,,,20.0,3.0,1190.0,,,,,,,106.0,4.0,2513.0,,,,24.0,6.0,1705.0,90.0,11.0,12506.0,49.0,14.0,3159.0,,,,59.0,4.0,1483.0,98.0,12.0,6291.0,,,,64.0,5.0,8915.0,14.0,4.0,845.0,140.0,18.0,12917.0,53.0,15.0,7920.0,6.0,5.0,1085.0,50.0,16.0,23566.0,150.0,39.0,25682.0,10.0,4.0,539.0,132.0,24.0,12829.0,,,,74.0,34.0,6593.0,614.0,218.0,64019.0,472.0,95.0,26641.0,13.0,3.0,457.0,303.0,10.0,4845.0,,,,21.0,11.0,2070.0,,,,135.0,47.0,14615.0,89.0,33.0,5189.0,108.0,60.0,7301.0,105.0,32.0,8249.0,211.0,52.0,24697.0,353.0,173.0,37551.0,64.0,11.0,6950.0,130.0,22.0,9953.0,104.0,31.0,5618.0,469.0,17.0,53104.0,149.0,16.0,8604.0,,,,10.0,9.0,658.0,26.0,7.0,971.0,90.0,16.0,4731.0,12.0,6.0,943.0,367.0,99.0,17686.0,20.0,4.0,1484.0,34.0,3.0,1510.0,,,,17.0,4.0,492.0,127.0,4.0,5640.0,,,,,,,6.0,5.0,421.0,2.0,3.0,474.0,276.0,18.0,4798.0,14.0,6.0,432.0,323.0,51.0,25446.0,180.0,27.0,9259.0,136.0,44.0,5513.0,47.0,8.0,3697.0,,,,89.0,5.0,2990.0,10.0,7.0,2196.0,,,,,,,,,,,,,24.0,3.0,2174.0,,,,,,,73.0,8.0,2584.0,57.0,3.0,2611.0,,,,188.0,16.0,4120.0,,,,18.0,5.0,1164.0,192.0,12.0,9899.0,,,,18.0,16.0,1195.0,26.0,4.0,1176.0,,,,4695.0,37.0,101681.0,2730.0,32.0,120389.0,298.0,4.0,4367.0,,,,73.0,14.0,2186.0,113.0,7.0,2858.0,3417.0,163.0,94657.0,104.0,15.0,4922.0,,,,10.0,5.0,419.0,,,,191.0,36.0,6878.0,,,,,,,105.0,30.0,2659.0,56.0,10.0,2055.0,44.0,8.0,1495.0,154.0,10.0,4889.0,21.0,4.0,333.0,524.0,20.0,27459.0,4871.395269651449
49045,,,,,,,,,,,,,,,,,,,,,,,,,,20.0,3.0,2343.0,,,,,,,100.0,40.0,2831.0,81.0,8.0,5380.0,80.0,7.0,5410.0,,,,,,,,,,249.0,33.0,10413.0,202.0,37.0,10434.0,68.0,26.0,2063.0,243.0,23.0,12466.0,,,,,,,,,,,,,,,,,,,,,,,,,,,,,,,,,,,,,,,,,,,,,,,,,,,,42.0,3.0,2144.0,,,,,,,,,,,,,,,,,,,,,,249.0,3.0,19322.0,,,,,,,,,,,,,,,,,,,,,,,,,,,,,,,65.0,3.0,3188.0,,,,,,,,,,,,,,,,,,,,,,,,,,,,,,,,,,,,,,,,,,,,,,,,,,,,,,,,,,,,,,,,,,,,,,,,,,,,,,,,,,,,,,,,,,,,,,,,,,,,9.0,3.0,730.0,,,,,,,,,,,,,,,,,,,,,,,,,37.0,3.0,2525.0,,,,,,,,,,,,,117.0,6.0,8288.0,,,,103.0,11.0,3846.0,,,,,,,7.0,4.0,238.0,169.0,5.0,4398.0,56.0,4.0,1221.0,475.0,10.0,9062.0,,,,,,,108.0,9.0,3077.0,292.0,19.0,6890.0,27.0,5.0,380.0,,,,,,,32.0,4.0,499.0,,,,,,,473.0,6.0,13293.0,,,,,,,,,,38.0,4.0,835.0,16.0,9.0,657.0,,,,3.0,11.0,156.0,,,,,,,309.0,30.0,26212.0,23.0,13.0,906.0,,,,,,,,,,,,,,,,,,,55.0,3.0,2646.0,,,,,,,,,,,,,,,,1212.0,4.0,51514.0,,,,,,,21.0,4.0,193.0,,,,,,,85.0,13.0,4585.0,,,,,,,,,,82.0,11.0,3660.0,15.0,6.0,1181.0,5.0,6.0,369.0,,,,3.0,3.0,401.0,,,,41.0,18.0,1327.0,,,,29.0,12.0,1320.0,62.0,50.0,2007.0,11.0,8.0,464.0,,,,16.0,3.0,699.0,,,,,,,,,,22.0,10.0,882.0,57.0,21.0,1161.0,220.0,17.0,14478.0,,,,53.0,10.0,4298.0,38.0,26.0,2279.0,,,,10.0,4.0,500.0,86.0,11.0,4295.0,25.0,3.0,1777.0,14.0,5.0,210.0,,,,123.0,3.0,4488.0,,,,,,,,,,398.0,28.0,7426.0,,,,94.0,8.0,5631.0,371.0,5.0,23815.0,,,,,,,,,,,,,,,,,,,139.0,10.0,3610.0,,,,283.0,29.0,18225.0,220.0,23.0,7985.0,127.0,28.0,5612.0,88.0,3.0,3434.0,,,,224.0,3.0,5686.0,,,,,,,,,,,,,,,,,,,65.0,3.0,1217.0,110.0,10.0,4597.0,36.0,9.0,1109.0,,,,,,,173.0,15.0,2713.0,,,,58.0,4.0,3127.0,,,,,,,7.0,3.0,227.0,,,,,,,126.0,11.0,1811.0,161.0,12.0,3430.0,,,,,,,3.0,3.0,26.0,,,,1201.0,65.0,19025.0,188.0,33.0,5229.0,,,,48.0,11.0,2621.0,,,,75.0,28.0,1694.0,14.0,3.0,415.0,,,,10.0,8.0,171.0,39.0,9.0,878.0,,,,,,,24.0,5.0,327.0,16.0,5.0,245.0,18870.67483825015
49047,,,,,,,,,,,197.0,9.0,23243.0,,,,,,,183.0,4.0,20873.0,541.0,83.0,35100.0,169.0,4.0,30751.0,,,,,,,90.0,29.0,2960.0,15.0,4.0,456.0,128.0,6.0,8162.0,,,,,,,,,,69.0,19.0,2974.0,478.0,21.0,35671.0,55.0,18.0,2385.0,118.0,18.0,8139.0,,,,,,,,,,,,,,,,,,,,,,,,,,,,,,,,,,,,,,,,,,,,,,,,,,,,,,,,,,,,,,,,,,,,,,,,,,,,,,,,,,,,,,,,,,,,,,,,,,,,,,,,,,,,,,,,,,,,,,16.0,4.0,654.0,,,,19.0,3.0,1167.0,,,,,,,,,,,,,,,,,,,,,,,,,,,,,,,,,,,,,,,,,,,,,,,,,,,,,,,,,,,,,,,,,,,11.0,3.0,167.0,17.0,5.0,1189.0,,,,,,,,,,,,,,,,,,,162.0,21.0,10827.0,,,,,,,,,,,,,42.0,4.0,1894.0,,,,,,,52.0,3.0,5013.0,,,,17.0,3.0,808.0,,,,88.0,6.0,4515.0,56.0,6.0,3030.0,146.0,12.0,6750.0,,,,22.0,6.0,510.0,,,,247.0,13.0,7956.0,91.0,6.0,1977.0,200.0,4.0,6039.0,,,,,,,46.0,8.0,1398.0,71.0,9.0,1702.0,116.0,10.0,1744.0,13.0,3.0,233.0,17.0,3.0,297.0,85.0,5.0,2566.0,5.0,3.0,230.0,,,,394.0,4.0,11633.0,,,,17.0,4.0,276.0,,,,48.0,8.0,1097.0,,,,,,,45.0,8.0,3594.0,,,,,,,98.0,42.0,4940.0,442.0,44.0,29976.0,,,,,,,,,,,,,,,,,,,,,,,,,,,,,,,,,,,,,,,,,,,,,,,,,,,,,,,93.0,5.0,6174.0,,,,,,,,,,68.0,9.0,5312.0,31.0,8.0,1752.0,10.0,3.0,133.0,,,,8.0,6.0,996.0,,,,69.0,17.0,3719.0,,,,40.0,15.0,1305.0,43.0,29.0,907.0,22.0,10.0,832.0,,,,,,,,,,132.0,15.0,10763.0,,,,31.0,12.0,1327.0,101.0,20.0,3708.0,150.0,16.0,13614.0,,,,1.0,3.0,53.0,28.0,27.0,913.0,,,,,,,35.0,5.0,1666.0,15.0,3.0,3545.0,12.0,9.0,799.0,,,,,,,,,,,,,,,,56.0,21.0,1479.0,,,,66.0,5.0,2944.0,,,,,,,126.0,4.0,3629.0,,,,,,,,,,,,,16.0,4.0,575.0,,,,65.0,9.0,4906.0,138.0,17.0,4844.0,85.0,20.0,2407.0,6.0,4.0,281.0,11.0,3.0,411.0,,,,33.0,5.0,1215.0,,,,,,,,,,,,,,,,,,,,,,17.0,5.0,555.0,,,,,,,63.0,5.0,839.0,,,,,,,,,,,,,,,,,,,,,,33.0,9.0,1005.0,127.0,20.0,3224.0,,,,,,,,,,39.0,3.0,382.0,1255.0,61.0,19032.0,181.0,33.0,6137.0,13.0,3.0,475.0,66.0,15.0,3468.0,11.0,4.0,118.0,17.0,9.0,354.0,,,,,,,4.0,4.0,54.0,17.0,8.0,300.0,,,,,,,,,,,,,11665.42988519759
49049,,,,,22.0,3.0,1453.0,36.0,16.0,449.0,,,,,,,,,,108.0,14.0,9718.0,145.0,6.0,13339.0,363.0,22.0,29934.0,,,,27.0,5.0,1587.0,2424.0,486.0,119285.0,893.0,98.0,68637.0,1122.0,26.0,70747.0,56.0,25.0,3541.0,899.0,21.0,93363.0,39.0,6.0,1534.0,3435.0,355.0,182269.0,7716.0,437.0,335373.0,2733.0,461.0,124875.0,2297.0,219.0,154202.0,846.0,7.0,46768.0,,,,52.0,6.0,2235.0,1214.0,8.0,62634.0,,,,82.0,4.0,7395.0,303.0,31.0,4007.0,296.0,7.0,11260.0,29.0,3.0,1669.0,60.0,3.0,1710.0,144.0,6.0,2942.0,17.0,3.0,1150.0,95.0,10.0,3390.0,,,,69.0,4.0,2987.0,,,,168.0,4.0,7234.0,595.0,33.0,21385.0,253.0,3.0,16933.0,881.0,53.0,40813.0,,,,,,,2196.0,25.0,122295.0,28.0,4.0,950.0,542.0,9.0,24386.0,137.0,6.0,9778.0,1277.0,21.0,66253.0,,,,,,,,,,384.0,12.0,14768.0,938.0,8.0,53471.0,6.0,3.0,256.0,495.0,9.0,27178.0,,,,,,,673.0,37.0,37445.0,,,,61.0,4.0,2990.0,445.0,26.0,25651.0,70.0,8.0,3692.0,1405.0,18.0,81744.0,316.0,4.0,17449.0,,,,274.0,4.0,20385.0,,,,116.0,6.0,7209.0,98.0,10.0,4022.0,15.0,8.0,1040.0,277.0,6.0,23742.0,63.0,3.0,5316.0,1193.0,4.0,129362.0,137.0,12.0,11333.0,,,,27.0,3.0,1685.0,101.0,4.0,9275.0,,,,150.0,6.0,8756.0,,,,39.0,3.0,1564.0,589.0,41.0,26170.0,83.0,8.0,3949.0,2613.0,5.0,85315.0,458.0,38.0,21328.0,574.0,52.0,26928.0,298.0,23.0,10981.0,74.0,13.0,3995.0,444.0,30.0,30594.0,479.0,52.0,40201.0,204.0,9.0,16499.0,787.0,43.0,68394.0,778.0,28.0,59041.0,595.0,50.0,39913.0,558.0,44.0,29351.0,154.0,10.0,7841.0,5334.0,37.0,333821.0,150.0,18.0,7647.0,702.0,26.0,37093.0,4.0,3.0,384.0,126.0,14.0,8883.0,224.0,4.0,13428.0,,,,1305.0,53.0,70762.0,136.0,62.0,7847.0,1841.0,99.0,120293.0,324.0,27.0,16722.0,905.0,85.0,35760.0,446.0,26.0,19629.0,591.0,46.0,9315.0,299.0,29.0,8735.0,2564.0,87.0,95140.0,273.0,14.0,6612.0,3468.0,57.0,82862.0,463.0,42.0,8318.0,39.0,4.0,1095.0,1339.0,138.0,40290.0,1308.0,109.0,30223.0,1887.0,154.0,34040.0,289.0,30.0,6373.0,95.0,16.0,3637.0,1391.0,92.0,28152.0,154.0,13.0,2101.0,282.0,4.0,4792.0,5737.0,43.0,173972.0,106.0,14.0,1306.0,253.0,31.0,4793.0,153.0,17.0,3812.0,498.0,75.0,16772.0,4070.0,376.0,209099.0,26.0,4.0,754.0,2042.0,478.0,67926.0,,,,123.0,4.0,8140.0,301.0,110.0,12758.0,460.0,87.0,19089.0,,,,,,,,,,168.0,7.0,4262.0,,,,308.0,7.0,21275.0,,,,86.0,15.0,2066.0,269.0,20.0,19568.0,93.0,8.0,2636.0,1113.0,13.0,32119.0,178.0,7.0,5208.0,1197.0,27.0,46205.0,189.0,32.0,7716.0,10053.0,142.0,1437276.0,567.0,84.0,19486.0,23.0,17.0,718.0,,,,2149.0,90.0,115790.0,714.0,9.0,39763.0,3673.0,73.0,408070.0,1565.0,75.0,237773.0,2212.0,158.0,156092.0,806.0,82.0,142926.0,1295.0,77.0,97614.0,355.0,22.0,43032.0,658.0,189.0,54811.0,204.0,35.0,13767.0,2661.0,307.0,177289.0,11.0,3.0,560.0,886.0,210.0,35466.0,645.0,520.0,33761.0,1240.0,298.0,67560.0,65.0,18.0,2003.0,267.0,25.0,22516.0,66.0,7.0,3032.0,96.0,25.0,7385.0,156.0,10.0,8208.0,921.0,255.0,69355.0,5182.0,338.0,216227.0,1808.0,202.0,148452.0,232.0,98.0,8929.0,8421.0,455.0,902150.0,3898.0,932.0,228890.0,406.0,40.0,41870.0,1011.0,120.0,61937.0,1945.0,251.0,99948.0,3966.0,73.0,319777.0,910.0,136.0,66469.0,6.0,3.0,236.0,3889.0,83.0,142629.0,6787.0,87.0,128958.0,56.0,20.0,3018.0,5128.0,46.0,412605.0,4190.0,480.0,131722.0,214.0,29.0,12807.0,135.0,17.0,8345.0,,,,61.0,10.0,2660.0,2402.0,37.0,77294.0,424.0,3.0,16704.0,22705.0,5.0,600914.0,499.0,45.0,38838.0,385.0,25.0,23930.0,1608.0,168.0,24747.0,724.0,48.0,45337.0,4981.0,348.0,405447.0,3284.0,371.0,119830.0,2238.0,447.0,75769.0,1576.0,122.0,83731.0,140.0,21.0,11255.0,1113.0,48.0,40712.0,268.0,16.0,7366.0,4586.0,5.0,221984.0,1018.0,3.0,68918.0,,,,1624.0,21.0,60173.0,4212.0,53.0,122824.0,1107.0,30.0,25217.0,171.0,8.0,4313.0,1498.0,125.0,39080.0,96.0,9.0,3165.0,96.0,7.0,2911.0,1203.0,87.0,20357.0,167.0,25.0,3540.0,29.0,7.0,943.0,69.0,20.0,2620.0,22.0,10.0,861.0,198.0,118.0,9826.0,413.0,7.0,9128.0,117.0,13.0,2017.0,1583.0,111.0,27059.0,1328.0,41.0,34773.0,132.0,6.0,7344.0,,,,453.0,74.0,11964.0,90.0,12.0,1986.0,17220.0,798.0,285088.0,1593.0,316.0,71118.0,174.0,24.0,6547.0,153.0,29.0,10462.0,146.0,56.0,4795.0,1302.0,259.0,34224.0,96.0,18.0,4571.0,125.0,20.0,1756.0,356.0,100.0,10995.0,88.0,30.0,1866.0,248.0,30.0,7291.0,73.0,15.0,3880.0,21.0,7.0,377.0,110.0,31.0,4959.0,5553.5491545361865
49051,,,,,,,,,,,,,,,,,,,,,,,3.0,3.0,482.0,,,,,,,,,,325.0,83.0,17943.0,13.0,5.0,454.0,466.0,4.0,75693.0,4.0,4.0,588.0,,,,,,,164.0,35.0,7131.0,116.0,36.0,6302.0,81.0,43.0,3206.0,139.0,20.0,8347.0,,,,,,,,,,,,,39.0,5.0,4123.0,,,,43.0,5.0,486.0,,,,,,,,,,,,,,,,,,,,,,,,,,,,,,,23.0,5.0,1823.0,,,,,,,,,,,,,,,,,,,,,,,,,,,,,,,,,,,,,,,,,,,,,,,,,,,,,,,,,,,,,,,,,,,,,,,,,,,,,,,,,,,,,,,,,,,,,,,,,,,,,,,,,,,,,,,,,,,,,,,,,,,,,,,39.0,5.0,2477.0,,,,,,,,,,16.0,3.0,391.0,,,,,,,41.0,3.0,2733.0,5.0,4.0,227.0,,,,,,,,,,25.0,5.0,1697.0,19.0,6.0,930.0,,,,,,,,,,,,,,,,,,,,,,,,,,,,22.0,7.0,528.0,106.0,5.0,6626.0,,,,71.0,5.0,2565.0,,,,35.0,8.0,1041.0,,,,59.0,5.0,1441.0,,,,335.0,6.0,9310.0,,,,,,,,,,153.0,7.0,3786.0,25.0,7.0,604.0,,,,,,,57.0,4.0,922.0,,,,,,,,,,,,,21.0,5.0,217.0,,,,,,,43.0,16.0,2504.0,,,,6.0,12.0,313.0,,,,,,,32.0,12.0,1010.0,74.0,10.0,5172.0,17.0,5.0,401.0,,,,,,,,,,,,,,,,,,,,,,,,,,,,,,,,,,,,,,,,11.0,4.0,967.0,14.0,4.0,230.0,,,,,,,14.0,6.0,1624.0,,,,,,,,,,86.0,9.0,7601.0,12.0,5.0,1855.0,25.0,7.0,1483.0,,,,14.0,12.0,1946.0,23.0,5.0,2170.0,44.0,13.0,1800.0,,,,78.0,14.0,5222.0,48.0,49.0,3975.0,43.0,24.0,2227.0,,,,15.0,4.0,826.0,,,,,,,,,,6.0,9.0,1011.0,106.0,36.0,6334.0,182.0,42.0,11361.0,28.0,13.0,1107.0,62.0,19.0,5313.0,356.0,74.0,24031.0,,,,13.0,10.0,1116.0,44.0,18.0,1896.0,7.0,4.0,1706.0,63.0,14.0,2515.0,,,,41.0,6.0,2699.0,,,,1.0,3.0,249.0,,,,197.0,68.0,7931.0,,,,,,,,,,,,,141.0,3.0,5124.0,,,,,,,,,,,,,94.0,12.0,1447.0,16.0,5.0,302.0,103.0,20.0,8523.0,101.0,15.0,3819.0,117.0,26.0,3059.0,17.0,3.0,707.0,,,,25.0,5.0,870.0,,,,,,,,,,,,,,,,205.0,6.0,7167.0,,,,,,,8.0,6.0,258.0,,,,,,,27.0,10.0,571.0,,,,,,,9.0,3.0,381.0,,,,11.0,4.0,346.0,,,,,,,359.0,16.0,14344.0,358.0,8.0,11236.0,,,,,,,11.0,10.0,852.0,,,,973.0,49.0,20855.0,90.0,17.0,3061.0,,,,5.0,4.0,242.0,13.0,7.0,561.0,27.0,13.0,468.0,,,,,,,70.0,9.0,1364.0,37.0,5.0,696.0,,,,,,,,,,25.0,5.0,855.0,3127.5846937039464
49053,,,,,,,,,,,,,,,,,,,,93.0,6.0,5020.0,7.0,8.0,204.0,72.0,5.0,7829.0,,,,20.0,8.0,692.0,1087.0,306.0,49566.0,468.0,27.0,37456.0,193.0,12.0,13779.0,45.0,14.0,2850.0,323.0,10.0,22196.0,22.0,4.0,820.0,1600.0,217.0,66999.0,1732.0,217.0,82936.0,1839.0,268.0,71910.0,1191.0,142.0,63862.0,,,,,,,,,,,,,,,,,,,100.0,10.0,1318.0,330.0,5.0,17234.0,41.0,6.0,2033.0,,,,,,,,,,,,,,,,,,,,,,165.0,3.0,7292.0,55.0,8.0,3380.0,,,,27.0,5.0,742.0,,,,,,,279.0,5.0,10122.0,,,,,,,,,,37.0,4.0,3796.0,19.0,3.0,1419.0,,,,,,,145.0,8.0,8412.0,32.0,6.0,1783.0,,,,,,,61.0,3.0,3174.0,,,,224.0,21.0,11129.0,,,,,,,252.0,22.0,9998.0,17.0,3.0,607.0,109.0,6.0,5196.0,,,,10.0,3.0,170.0,,,,,,,,,,,,,,,,,,,,,,258.0,4.0,15153.0,140.0,3.0,9073.0,,,,,,,,,,,,,88.0,6.0,4006.0,,,,,,,272.0,20.0,10670.0,,,,,,,43.0,12.0,2385.0,106.0,12.0,5946.0,155.0,15.0,9931.0,17.0,3.0,1351.0,149.0,22.0,8368.0,80.0,12.0,3388.0,,,,133.0,13.0,7125.0,433.0,18.0,25391.0,184.0,26.0,13655.0,497.0,20.0,19492.0,,,,119.0,10.0,5231.0,,,,44.0,8.0,1826.0,,,,22.0,6.0,1118.0,19.0,4.0,753.0,,,,26.0,9.0,1103.0,23.0,16.0,1014.0,957.0,27.0,63683.0,215.0,16.0,10845.0,285.0,30.0,11306.0,418.0,22.0,20711.0,215.0,32.0,9454.0,137.0,21.0,3760.0,1009.0,43.0,39492.0,156.0,10.0,3871.0,1271.0,20.0,35343.0,123.0,13.0,2538.0,33.0,5.0,956.0,441.0,48.0,13767.0,631.0,48.0,14329.0,648.0,52.0,11777.0,62.0,9.0,1141.0,51.0,10.0,1794.0,414.0,37.0,9262.0,53.0,6.0,959.0,154.0,3.0,3156.0,2010.0,18.0,63510.0,45.0,9.0,786.0,126.0,22.0,4060.0,76.0,9.0,1395.0,276.0,36.0,9687.0,292.0,76.0,8646.0,,,,191.0,98.0,8602.0,775.0,3.0,51205.0,,,,1112.0,77.0,57972.0,266.0,35.0,9624.0,,,,,,,,,,128.0,4.0,3775.0,,,,37.0,5.0,875.0,,,,70.0,12.0,3062.0,35.0,11.0,2683.0,46.0,4.0,1119.0,247.0,6.0,9726.0,42.0,4.0,1462.0,1220.0,8.0,49817.0,45.0,8.0,2067.0,282.0,16.0,28509.0,107.0,16.0,4709.0,,,,,,,252.0,30.0,12805.0,35.0,5.0,1592.0,57.0,12.0,2646.0,19.0,17.0,726.0,577.0,55.0,38532.0,223.0,49.0,26437.0,134.0,24.0,12844.0,35.0,15.0,6354.0,167.0,60.0,15407.0,74.0,13.0,7035.0,391.0,126.0,24131.0,31.0,4.0,1418.0,208.0,64.0,6551.0,417.0,294.0,18371.0,379.0,126.0,13306.0,41.0,11.0,1740.0,93.0,14.0,3184.0,,,,33.0,6.0,1576.0,,,,389.0,110.0,26269.0,501.0,124.0,19529.0,553.0,101.0,34515.0,141.0,37.0,5640.0,537.0,88.0,38211.0,717.0,249.0,35600.0,4.0,6.0,554.0,130.0,30.0,4784.0,231.0,68.0,11135.0,53.0,22.0,2793.0,265.0,56.0,11488.0,,,,654.0,18.0,21144.0,112.0,24.0,3005.0,168.0,18.0,5393.0,144.0,11.0,7475.0,1387.0,310.0,42754.0,70.0,16.0,5695.0,58.0,4.0,3130.0,,,,26.0,8.0,921.0,370.0,10.0,12474.0,,,,,,,21.0,8.0,748.0,242.0,7.0,8377.0,163.0,31.0,2758.0,13.0,6.0,432.0,1469.0,176.0,147842.0,888.0,109.0,32904.0,729.0,192.0,24488.0,644.0,37.0,35772.0,63.0,14.0,3518.0,497.0,35.0,14223.0,170.0,8.0,8596.0,,,,,,,,,,768.0,8.0,24623.0,763.0,24.0,23907.0,589.0,27.0,14223.0,597.0,8.0,23799.0,767.0,59.0,16073.0,63.0,3.0,1921.0,,,,203.0,16.0,3025.0,22.0,5.0,702.0,17.0,8.0,796.0,271.0,12.0,10341.0,8.0,3.0,142.0,10.0,14.0,940.0,21.0,3.0,699.0,116.0,5.0,1613.0,832.0,62.0,14839.0,1724.0,91.0,44811.0,116.0,12.0,4809.0,,,,131.0,20.0,2463.0,66.0,6.0,2959.0,7436.0,299.0,132602.0,692.0,120.0,26178.0,42.0,9.0,1326.0,63.0,16.0,3151.0,51.0,22.0,1878.0,370.0,84.0,8041.0,59.0,8.0,1717.0,97.0,6.0,4444.0,200.0,38.0,4450.0,69.0,19.0,1773.0,32.0,6.0,1785.0,57.0,4.0,852.0,20.0,5.0,457.0,116.0,15.0,3886.0,6294.816190822393
49055,,,,,,,,,,,,,,,,,,,,,,,,,,,,,,,,,,,33.0,9.0,987.0,,,,,,,,,,,,,,,,,,,19.0,5.0,609.0,,,,83.0,5.0,6028.0,,,,,,,,,,,,,,,,,,,,,,,,,,,,,,,,,,,,,,,,,,,,,,,,,,,,,,,,,,,,,,,,,,,,,,,,,,,,,,,,,,,,,,,,,,,,,,,,,,,,,,,,,,,,,,,,,,,,,,,,,,,,,,,,,,,,,,,,,,,,,,,,,,,,,,,,,,,,,,,,,,,,,,,,,,,,,,,,,,,,,,,,,,,,,,,,,,,,,,,,,,,,,,,,,,,,,,,,,,,,,,,,,,,,,,,,,,,,,,,,,,,,,,,,,,,,,,,,,,,,,,,,,,,,,,,,,,,,,,,,,,,,,,,,,24.0,4.0,601.0,,,,,,,,,,,,,,,,,,,,,,,,,18.0,3.0,698.0,,,,,,,,,,,,,29.0,3.0,967.0,,,,,,,,,,,,,,,,,,,,,,,,,,,,,,,,,,,,,,,,,,,,,,,,,,,,,,,,,,,,,,,,,,,,,,,,,,,,,,,,,,,,,,,,,,,,,,,,,,,,,,,,,,,,,,,,,,,,,,,,,,,,,,,,,,,,,,,,,,,,,,,,,,,,,,,,,,,,,,,,,,,,,,,,,,,,,,,,,,,,,,,,,,,,,,,,,,,,,,,,,,,,,,,,,,,,,,,,,,,,,,,,,,,,,,,,,,,,,,,,,,,,,,,,,,,,,,,,,,,,,,,,,,,,,,,,,,,,,,,,,,,,,,,,,105.0,11.0,3165.0,9.0,4.0,424.0,,,,7.0,3.0,23.0,,,,113.0,18.0,3543.0,,,,,,,,,,,,,,,,,,,,,,,,,,,,,,,,,,,,,,,,6389.313426335476
49057,,,,,,,,,,,,,,,,,,,,,,,,,,112.0,8.0,13133.0,,,,,,,931.0,211.0,48105.0,866.0,43.0,73306.0,209.0,20.0,12640.0,35.0,8.0,1434.0,91.0,12.0,8296.0,,,,1502.0,182.0,75752.0,2134.0,193.0,138724.0,862.0,170.0,36074.0,710.0,114.0,36018.0,274.0,3.0,24396.0,,,,,,,133.0,3.0,5517.0,,,,74.0,5.0,3281.0,610.0,6.0,30052.0,137.0,4.0,6780.0,281.0,8.0,9474.0,,,,,,,,,,26.0,4.0,718.0,,,,,,,,,,114.0,3.0,6070.0,54.0,11.0,1843.0,,,,102.0,14.0,2430.0,24.0,3.0,721.0,,,,1312.0,15.0,76803.0,,,,431.0,5.0,19642.0,,,,175.0,7.0,8123.0,,,,,,,,,,321.0,5.0,16418.0,27.0,3.0,1060.0,,,,,,,,,,,,,512.0,23.0,31328.0,,,,,,,428.0,32.0,23142.0,105.0,9.0,4615.0,140.0,8.0,5389.0,16.0,3.0,1096.0,466.0,3.0,34357.0,,,,,,,29.0,5.0,901.0,1150.0,5.0,88362.0,,,,,,,,,,132.0,4.0,5364.0,1458.0,4.0,72085.0,,,,,,,,,,262.0,5.0,8408.0,1560.0,5.0,64153.0,823.0,4.0,60056.0,,,,53.0,11.0,2201.0,35.0,3.0,1187.0,,,,87.0,14.0,3242.0,73.0,19.0,2939.0,288.0,21.0,20324.0,184.0,3.0,2772.0,217.0,16.0,24289.0,84.0,19.0,5757.0,60.0,3.0,4742.0,108.0,15.0,8750.0,131.0,20.0,8204.0,227.0,30.0,16298.0,600.0,25.0,36647.0,31.0,3.0,1549.0,239.0,8.0,11242.0,31.0,5.0,2459.0,1759.0,26.0,129617.0,,,,42.0,7.0,2929.0,97.0,3.0,2381.0,133.0,3.0,6102.0,340.0,18.0,12945.0,117.0,19.0,8425.0,751.0,39.0,48629.0,310.0,20.0,19667.0,564.0,54.0,20990.0,180.0,15.0,9364.0,191.0,19.0,5745.0,161.0,19.0,4742.0,1246.0,52.0,51030.0,128.0,10.0,3584.0,2269.0,49.0,56357.0,198.0,11.0,2471.0,41.0,4.0,989.0,483.0,56.0,15819.0,798.0,70.0,18488.0,614.0,54.0,10059.0,77.0,10.0,1386.0,67.0,10.0,2585.0,544.0,42.0,10151.0,21.0,3.0,210.0,251.0,3.0,4915.0,2054.0,24.0,59547.0,55.0,9.0,1315.0,147.0,21.0,2818.0,142.0,12.0,2257.0,290.0,32.0,9343.0,373.0,59.0,13475.0,7.0,4.0,2352.0,120.0,57.0,4971.0,,,,,,,658.0,82.0,33713.0,251.0,38.0,11626.0,,,,,,,,,,,,,,,,1004.0,5.0,66513.0,,,,231.0,19.0,7113.0,26.0,3.0,2109.0,,,,495.0,8.0,18307.0,,,,1477.0,13.0,71845.0,110.0,5.0,3892.0,73.0,6.0,5584.0,85.0,18.0,2048.0,,,,5.0,3.0,347.0,202.0,36.0,10435.0,,,,7.0,7.0,415.0,68.0,9.0,5650.0,3285.0,82.0,198526.0,233.0,49.0,26494.0,424.0,37.0,33006.0,52.0,16.0,9270.0,84.0,36.0,7246.0,261.0,12.0,12331.0,370.0,115.0,17000.0,,,,135.0,59.0,5033.0,347.0,236.0,15116.0,298.0,99.0,11851.0,29.0,8.0,1139.0,58.0,12.0,2509.0,,,,67.0,13.0,2848.0,,,,540.0,118.0,29986.0,562.0,88.0,18897.0,798.0,88.0,65436.0,61.0,19.0,2671.0,362.0,55.0,27470.0,1462.0,185.0,79712.0,425.0,5.0,21946.0,156.0,29.0,7801.0,515.0,56.0,18981.0,640.0,28.0,121365.0,959.0,52.0,40330.0,,,,1704.0,26.0,49148.0,3069.0,29.0,78820.0,88.0,9.0,4438.0,166.0,12.0,10286.0,1150.0,216.0,42170.0,120.0,9.0,2485.0,88.0,8.0,4641.0,45.0,3.0,2553.0,110.0,6.0,5152.0,992.0,13.0,34574.0,,,,,,,,,,42.0,7.0,1587.0,248.0,35.0,3599.0,23.0,3.0,840.0,2052.0,143.0,178871.0,1276.0,162.0,45240.0,701.0,161.0,24073.0,630.0,51.0,40790.0,57.0,7.0,6007.0,233.0,12.0,8117.0,154.0,12.0,7546.0,,,,,,,,,,1209.0,14.0,40785.0,437.0,22.0,12488.0,614.0,17.0,13670.0,,,,333.0,52.0,8602.0,161.0,7.0,4916.0,210.0,5.0,3505.0,516.0,42.0,9015.0,70.0,3.0,688.0,8.0,3.0,733.0,88.0,5.0,2084.0,,,,22.0,11.0,400.0,31.0,3.0,1113.0,65.0,5.0,583.0,2058.0,46.0,26138.0,338.0,23.0,8624.0,18.0,5.0,633.0,,,,179.0,25.0,4733.0,208.0,22.0,3416.0,7137.0,367.0,126497.0,884.0,155.0,35105.0,12.0,8.0,425.0,100.0,16.0,5210.0,30.0,15.0,984.0,391.0,100.0,8690.0,111.0,10.0,5815.0,308.0,15.0,10850.0,254.0,34.0,6313.0,202.0,41.0,4305.0,41.0,4.0,1853.0,66.0,9.0,3054.0,84.0,10.0,1474.0,78.0,18.0,2700.0,1708.9772967980007
