Fips,Name,Population,Longitude,Latitude,Km2,UrbanDensity,PercentUrban,Emp-113310,Est-113310,Pay-113310,Emp-211120,Est-211120,Pay-211120,Emp-211130,Est-211130,Pay-211130,Emp-212111,Est-212111,Pay-212111,Emp-212112,Est-212112,Pay-212112,Emp-212312,Est-212312,Pay-212312,Emp-213111,Est-213111,Pay-213111,Emp-213112,Est-213112,Pay-213112,Emp-213113,Est-213113,Pay-213113,Emp-221111,Est-221111,Pay-221111,Emp-221112,Est-221112,Pay-221112,Emp-221121,Est-221121,Pay-221121,Emp-221122,Est-221122,Pay-221122,Emp-221210,Est-221210,Pay-221210,Emp-221310,Est-221310,Pay-221310,Emp-236115,Est-236115,Pay-236115,Emp-236117,Est-236117,Pay-236117,Emp-236118,Est-236118,Pay-236118,Emp-236210,Est-236210,Pay-236210,Emp-236220,Est-236220,Pay-236220,Emp-237110,Est-237110,Pay-237110,Emp-237120,Est-237120,Pay-237120,Emp-237130,Est-237130,Pay-237130,Emp-237210,Est-237210,Pay-237210,Emp-237310,Est-237310,Pay-237310,Emp-237990,Est-237990,Pay-237990,Emp-238110,Est-238110,Pay-238110,Emp-238130,Est-238130,Pay-238130,Emp-238140,Est-238140,Pay-238140,Emp-238150,Est-238150,Pay-238150,Emp-238160,Est-238160,Pay-238160,Emp-238170,Est-238170,Pay-238170,Emp-238190,Est-238190,Pay-238190,Emp-238210,Est-238210,Pay-238210,Emp-238220,Est-238220,Pay-238220,Emp-238290,Est-238290,Pay-238290,Emp-238310,Est-238310,Pay-238310,Emp-238320,Est-238320,Pay-238320,Emp-238330,Est-238330,Pay-238330,Emp-238350,Est-238350,Pay-238350,Emp-238390,Est-238390,Pay-238390,Emp-238910,Est-238910,Pay-238910,Emp-238990,Est-238990,Pay-238990,Emp-311611,Est-311611,Pay-311611,Emp-311811,Est-311811,Pay-311811,Emp-314999,Est-314999,Pay-314999,Emp-321113,Est-321113,Pay-321113,Emp-321920,Est-321920,Pay-321920,Emp-323111,Est-323111,Pay-323111,Emp-323113,Est-323113,Pay-323113,Emp-324121,Est-324121,Pay-324121,Emp-325120,Est-325120,Pay-325120,Emp-325199,Est-325199,Pay-325199,Emp-325211,Est-325211,Pay-325211,Emp-325611,Est-325611,Pay-325611,Emp-325998,Est-325998,Pay-325998,Emp-326199,Est-326199,Pay-326199,Emp-327320,Est-327320,Pay-327320,Emp-332312,Est-332312,Pay-332312,Emp-332313,Est-332313,Pay-332313,Emp-332322,Est-332322,Pay-332322,Emp-332710,Est-332710,Pay-332710,Emp-332812,Est-332812,Pay-332812,Emp-332813,Est-332813,Pay-332813,Emp-333131,Est-333131,Pay-333131,Emp-336211,Est-336211,Pay-336211,Emp-339113,Est-339113,Pay-339113,Emp-339116,Est-339116,Pay-339116,Emp-339950,Est-339950,Pay-339950,Emp-423110,Est-423110,Pay-423110,Emp-423120,Est-423120,Pay-423120,Emp-423130,Est-423130,Pay-423130,Emp-423210,Est-423210,Pay-423210,Emp-423310,Est-423310,Pay-423310,Emp-423320,Est-423320,Pay-423320,Emp-423330,Est-423330,Pay-423330,Emp-423390,Est-423390,Pay-423390,Emp-423420,Est-423420,Pay-423420,Emp-423430,Est-423430,Pay-423430,Emp-423450,Est-423450,Pay-423450,Emp-423490,Est-423490,Pay-423490,Emp-423510,Est-423510,Pay-423510,Emp-423610,Est-423610,Pay-423610,Emp-423690,Est-423690,Pay-423690,Emp-423720,Est-423720,Pay-423720,Emp-423730,Est-423730,Pay-423730,Emp-423810,Est-423810,Pay-423810,Emp-423820,Est-423820,Pay-423820,Emp-423830,Est-423830,Pay-423830,Emp-423840,Est-423840,Pay-423840,Emp-423850,Est-423850,Pay-423850,Emp-423910,Est-423910,Pay-423910,Emp-423930,Est-423930,Pay-423930,Emp-423990,Est-423990,Pay-423990,Emp-424120,Est-424120,Pay-424120,Emp-424210,Est-424210,Pay-424210,Emp-424490,Est-424490,Pay-424490,Emp-424690,Est-424690,Pay-424690,Emp-424710,Est-424710,Pay-424710,Emp-424810,Est-424810,Pay-424810,Emp-424950,Est-424950,Pay-424950,Emp-424990,Est-424990,Pay-424990,Emp-425120,Est-425120,Pay-425120,Emp-441110,Est-441110,Pay-441110,Emp-441120,Est-441120,Pay-441120,Emp-441210,Est-441210,Pay-441210,Emp-441228,Est-441228,Pay-441228,Emp-441310,Est-441310,Pay-441310,Emp-441320,Est-441320,Pay-441320,Emp-442110,Est-442110,Pay-442110,Emp-442210,Est-442210,Pay-442210,Emp-442299,Est-442299,Pay-442299,Emp-443141,Est-443141,Pay-443141,Emp-443142,Est-443142,Pay-443142,Emp-444110,Est-444110,Pay-444110,Emp-444120,Est-444120,Pay-444120,Emp-444130,Est-444130,Pay-444130,Emp-444190,Est-444190,Pay-444190,Emp-444210,Est-444210,Pay-444210,Emp-444220,Est-444220,Pay-444220,Emp-445110,Est-445110,Pay-445110,Emp-445120,Est-445120,Pay-445120,Emp-445210,Est-445210,Pay-445210,Emp-445230,Est-445230,Pay-445230,Emp-445310,Est-445310,Pay-445310,Emp-446110,Est-446110,Pay-446110,Emp-446120,Est-446120,Pay-446120,Emp-446130,Est-446130,Pay-446130,Emp-446191,Est-446191,Pay-446191,Emp-446199,Est-446199,Pay-446199,Emp-447110,Est-447110,Pay-447110,Emp-447190,Est-447190,Pay-447190,Emp-448110,Est-448110,Pay-448110,Emp-448120,Est-448120,Pay-448120,Emp-448130,Est-448130,Pay-448130,Emp-448140,Est-448140,Pay-448140,Emp-448150,Est-448150,Pay-448150,Emp-448190,Est-448190,Pay-448190,Emp-448210,Est-448210,Pay-448210,Emp-448310,Est-448310,Pay-448310,Emp-451110,Est-451110,Pay-451110,Emp-451120,Est-451120,Pay-451120,Emp-451130,Est-451130,Pay-451130,Emp-451140,Est-451140,Pay-451140,Emp-451211,Est-451211,Pay-451211,Emp-452210,Est-452210,Pay-452210,Emp-452311,Est-452311,Pay-452311,Emp-452319,Est-452319,Pay-452319,Emp-453110,Est-453110,Pay-453110,Emp-453210,Est-453210,Pay-453210,Emp-453220,Est-453220,Pay-453220,Emp-453310,Est-453310,Pay-453310,Emp-453910,Est-453910,Pay-453910,Emp-453930,Est-453930,Pay-453930,Emp-453991,Est-453991,Pay-453991,Emp-453998,Est-453998,Pay-453998,Emp-454110,Est-454110,Pay-454110,Emp-454210,Est-454210,Pay-454210,Emp-454310,Est-454310,Pay-454310,Emp-454390,Est-454390,Pay-454390,Emp-484110,Est-484110,Pay-484110,Emp-484121,Est-484121,Pay-484121,Emp-484122,Est-484122,Pay-484122,Emp-484220,Est-484220,Pay-484220,Emp-484230,Est-484230,Pay-484230,Emp-486210,Est-486210,Pay-486210,Emp-488190,Est-488190,Pay-488190,Emp-488410,Est-488410,Pay-488410,Emp-488490,Est-488490,Pay-488490,Emp-488510,Est-488510,Pay-488510,Emp-492110,Est-492110,Pay-492110,Emp-492210,Est-492210,Pay-492210,Emp-493110,Est-493110,Pay-493110,Emp-493190,Est-493190,Pay-493190,Emp-511120,Est-511120,Pay-511120,Emp-511210,Est-511210,Pay-511210,Emp-512110,Est-512110,Pay-512110,Emp-512131,Est-512131,Pay-512131,Emp-515112,Est-515112,Pay-515112,Emp-515120,Est-515120,Pay-515120,Emp-517311,Est-517311,Pay-517311,Emp-517312,Est-517312,Pay-517312,Emp-517911,Est-517911,Pay-517911,Emp-518210,Est-518210,Pay-518210,Emp-519120,Est-519120,Pay-519120,Emp-519130,Est-519130,Pay-519130,Emp-522110,Est-522110,Pay-522110,Emp-522120,Est-522120,Pay-522120,Emp-522130,Est-522130,Pay-522130,Emp-522291,Est-522291,Pay-522291,Emp-522292,Est-522292,Pay-522292,Emp-522298,Est-522298,Pay-522298,Emp-522310,Est-522310,Pay-522310,Emp-523120,Est-523120,Pay-523120,Emp-523910,Est-523910,Pay-523910,Emp-523920,Est-523920,Pay-523920,Emp-523930,Est-523930,Pay-523930,Emp-524113,Est-524113,Pay-524113,Emp-524114,Est-524114,Pay-524114,Emp-524126,Est-524126,Pay-524126,Emp-524210,Est-524210,Pay-524210,Emp-524292,Est-524292,Pay-524292,Emp-531110,Est-531110,Pay-531110,Emp-531120,Est-531120,Pay-531120,Emp-531130,Est-531130,Pay-531130,Emp-531190,Est-531190,Pay-531190,Emp-531210,Est-531210,Pay-531210,Emp-531311,Est-531311,Pay-531311,Emp-531312,Est-531312,Pay-531312,Emp-531320,Est-531320,Pay-531320,Emp-531390,Est-531390,Pay-531390,Emp-532111,Est-532111,Pay-532111,Emp-532120,Est-532120,Pay-532120,Emp-532210,Est-532210,Pay-532210,Emp-532283,Est-532283,Pay-532283,Emp-532412,Est-532412,Pay-532412,Emp-532490,Est-532490,Pay-532490,Emp-533110,Est-533110,Pay-533110,Emp-541110,Est-541110,Pay-541110,Emp-541191,Est-541191,Pay-541191,Emp-541211,Est-541211,Pay-541211,Emp-541213,Est-541213,Pay-541213,Emp-541219,Est-541219,Pay-541219,Emp-541310,Est-541310,Pay-541310,Emp-541330,Est-541330,Pay-541330,Emp-541350,Est-541350,Pay-541350,Emp-541370,Est-541370,Pay-541370,Emp-541380,Est-541380,Pay-541380,Emp-541410,Est-541410,Pay-541410,Emp-541430,Est-541430,Pay-541430,Emp-541511,Est-541511,Pay-541511,Emp-541512,Est-541512,Pay-541512,Emp-541513,Est-541513,Pay-541513,Emp-541611,Est-541611,Pay-541611,Emp-541613,Est-541613,Pay-541613,Emp-541614,Est-541614,Pay-541614,Emp-541618,Est-541618,Pay-541618,Emp-541620,Est-541620,Pay-541620,Emp-541690,Est-541690,Pay-541690,Emp-541715,Est-541715,Pay-541715,Emp-541810,Est-541810,Pay-541810,Emp-541820,Est-541820,Pay-541820,Emp-541940,Est-541940,Pay-541940,Emp-541990,Est-541990,Pay-541990,Emp-551112,Est-551112,Pay-551112,Emp-551114,Est-551114,Pay-551114,Emp-561110,Est-561110,Pay-561110,Emp-561210,Est-561210,Pay-561210,Emp-561320,Est-561320,Pay-561320,Emp-561330,Est-561330,Pay-561330,Emp-561410,Est-561410,Pay-561410,Emp-561422,Est-561422,Pay-561422,Emp-561439,Est-561439,Pay-561439,Emp-561440,Est-561440,Pay-561440,Emp-561492,Est-561492,Pay-561492,Emp-561510,Est-561510,Pay-561510,Emp-561599,Est-561599,Pay-561599,Emp-561611,Est-561611,Pay-561611,Emp-561612,Est-561612,Pay-561612,Emp-561621,Est-561621,Pay-561621,Emp-561710,Est-561710,Pay-561710,Emp-561720,Est-561720,Pay-561720,Emp-561730,Est-561730,Pay-561730,Emp-561740,Est-561740,Pay-561740,Emp-561790,Est-561790,Pay-561790,Emp-561990,Est-561990,Pay-561990,Emp-562111,Est-562111,Pay-562111,Emp-562910,Est-562910,Pay-562910,Emp-611110,Est-611110,Pay-611110,Emp-611210,Est-611210,Pay-611210,Emp-611310,Est-611310,Pay-611310,Emp-611430,Est-611430,Pay-611430,Emp-611513,Est-611513,Pay-611513,Emp-611519,Est-611519,Pay-611519,Emp-611610,Est-611610,Pay-611610,Emp-611620,Est-611620,Pay-611620,Emp-611691,Est-611691,Pay-611691,Emp-611699,Est-611699,Pay-611699,Emp-611710,Est-611710,Pay-611710,Emp-621111,Est-621111,Pay-621111,Emp-621112,Est-621112,Pay-621112,Emp-621210,Est-621210,Pay-621210,Emp-621310,Est-621310,Pay-621310,Emp-621320,Est-621320,Pay-621320,Emp-621330,Est-621330,Pay-621330,Emp-621340,Est-621340,Pay-621340,Emp-621391,Est-621391,Pay-621391,Emp-621399,Est-621399,Pay-621399,Emp-621410,Est-621410,Pay-621410,Emp-621420,Est-621420,Pay-621420,Emp-621492,Est-621492,Pay-621492,Emp-621493,Est-621493,Pay-621493,Emp-621498,Est-621498,Pay-621498,Emp-621511,Est-621511,Pay-621511,Emp-621512,Est-621512,Pay-621512,Emp-621610,Est-621610,Pay-621610,Emp-621910,Est-621910,Pay-621910,Emp-621999,Est-621999,Pay-621999,Emp-622110,Est-622110,Pay-622110,Emp-623110,Est-623110,Pay-623110,Emp-623210,Est-623210,Pay-623210,Emp-623220,Est-623220,Pay-623220,Emp-623311,Est-623311,Pay-623311,Emp-623312,Est-623312,Pay-623312,Emp-623990,Est-623990,Pay-623990,Emp-624110,Est-624110,Pay-624110,Emp-624120,Est-624120,Pay-624120,Emp-624190,Est-624190,Pay-624190,Emp-624210,Est-624210,Pay-624210,Emp-624221,Est-624221,Pay-624221,Emp-624229,Est-624229,Pay-624229,Emp-624230,Est-624230,Pay-624230,Emp-624310,Est-624310,Pay-624310,Emp-624410,Est-624410,Pay-624410,Emp-711130,Est-711130,Pay-711130,Emp-711211,Est-711211,Pay-711211,Emp-711219,Est-711219,Pay-711219,Emp-711310,Est-711310,Pay-711310,Emp-711320,Est-711320,Pay-711320,Emp-711510,Est-711510,Pay-711510,Emp-713290,Est-713290,Pay-713290,Emp-713910,Est-713910,Pay-713910,Emp-713930,Est-713930,Pay-713930,Emp-713940,Est-713940,Pay-713940,Emp-713950,Est-713950,Pay-713950,Emp-713990,Est-713990,Pay-713990,Emp-721110,Est-721110,Pay-721110,Emp-721191,Est-721191,Pay-721191,Emp-721199,Est-721199,Pay-721199,Emp-721211,Est-721211,Pay-721211,Emp-721214,Est-721214,Pay-721214,Emp-721310,Est-721310,Pay-721310,Emp-722310,Est-722310,Pay-722310,Emp-722320,Est-722320,Pay-722320,Emp-722330,Est-722330,Pay-722330,Emp-722410,Est-722410,Pay-722410,Emp-722511,Est-722511,Pay-722511,Emp-722513,Est-722513,Pay-722513,Emp-722514,Est-722514,Pay-722514,Emp-722515,Est-722515,Pay-722515,Emp-811111,Est-811111,Pay-811111,Emp-811112,Est-811112,Pay-811112,Emp-811121,Est-811121,Pay-811121,Emp-811122,Est-811122,Pay-811122,Emp-811191,Est-811191,Pay-811191,Emp-811192,Est-811192,Pay-811192,Emp-811212,Est-811212,Pay-811212,Emp-811310,Est-811310,Pay-811310,Emp-811412,Est-811412,Pay-811412,Emp-811490,Est-811490,Pay-811490,Emp-812112,Est-812112,Pay-812112,Emp-812113,Est-812113,Pay-812113,Emp-812191,Est-812191,Pay-812191,Emp-812199,Est-812199,Pay-812199,Emp-812210,Est-812210,Pay-812210,Emp-812220,Est-812220,Pay-812220,Emp-812310,Est-812310,Pay-812310,Emp-812320,Est-812320,Pay-812320,Emp-812910,Est-812910,Pay-812910,Emp-812930,Est-812930,Pay-812930,Emp-812990,Est-812990,Pay-812990,Emp-813110,Est-813110,Pay-813110,Emp-813211,Est-813211,Pay-813211,Emp-813212,Est-813212,Pay-813212,Emp-813219,Est-813219,Pay-813219,Emp-813311,Est-813311,Pay-813311,Emp-813312,Est-813312,Pay-813312,Emp-813319,Est-813319,Pay-813319,Emp-813410,Est-813410,Pay-813410,Emp-813910,Est-813910,Pay-813910,Emp-813920,Est-813920,Pay-813920,Emp-813930,Est-813930,Pay-813930,Emp-813940,Est-813940,Pay-813940,Emp-813990,Est-813990,Pay-813990
54001,Barbour County,16,-85.4,31.86,888.01,0.0,0.0,,,,,,,,,,,,,,,,,,,,,,,,,,,,,,,,,,,,,,,,,,,,,,13,5,524,,,,,,,,,,,,,,,,,,,,,,,,,,,,,,,,,,,,,,,,,,,,,,,,,,,,,,,15,3,402,,,,,,,,,,,,,,,,,,,,,,,,,,,,,,,,,,,,,,,,,,,,,,,,,,,,,,,,,,,,,,,,,,,,,,,,,,,,,,,,,,,,,,,,,,,,,,,,,,,,,,,,,,,,,,,,,,,,,,,,,,,,,,,,,,,,,,,,,,,,,,,,,,,,,,,,,,,,,,,,,,,,,,,,,,,,,,,,,,,,,,,,,,,,,,,,,,,,,,,,,,,,,,,,4,3,86,,,,,,,,,,,,,,,,,,,,,,,,,,,,,,,,,,,,,,,,,,,,,,84,3,1694,,,,,,,,,,,,,39,3,1964,,,,,,,,,,,,,75,6,1799,,,,,,,,,,,,,,,,,,,,,,,,,,,,,,,,,,,,,,,,,,,,,,,,,24,3,460,,,,,,,,,,,,,,,,,,,,,,,,,,,,,,,,,,,,,,,,,,,,,,22,11,1034,,,,,,,,,,,,,,,,,,,,,,,,,,,,,,,,,,,,,,,,,,,,,,,,,,,,,,,,,,,,,,,,,,,62,4,2701,,,,,,,,,,,,,,,,,,,,,,,,,,,,,,,,,,,,,,,,,,,,,,,,,,,,,,,,,,,,,,,,,,,,,,,,,,,,,,,,,,,,,,,,,,,,,,,,,,,,,,,,,,,,,,,,,,,,,,,,,,,,,,,,,,,,,,,,,,,,,,,,,,,,,,,,,,,,,,,,,,,,,,,,,,,,,,,25,3,1556,,,,,,,,,,,,,,,,,,,,,,,,,,,,,,,,,,,,,,,,,,,,,,,,,,,,,,,,,,,,,,,,,,,,,,,,,,,,,,,,,,,,,,,,,,,,,,,,,,,,,,,,,,,,,,,,,,,,,,,,,,,,,,,,,,,,,,,,,,,92,4,5603,,,,,,,,,,,,,,,,,,,,,,46,8,1063,,,,,,,,,,,,,,,,,,,,,,,,,,,,,,,,,,,,,17,3,280,,,,,,,,,,,,,,,,,,,,,,,,,,,,,,,,,,,,,,,,,,,,,,,,,,,,,,,,,,,,,,,,31,4,365,74,9,1076,105,7,1143,,,,12,3,68,8,4,241,,,,,,,,,,,,,,,,,,,,,,,,,,,,,,,,,,,,,,,,,,,,,,,,,,,,,,,,,,,,,24,8,288,,,,,,,,,,,,,,,,,,,,,,,,,,,,,,,,,,,,
54003,Berkeley County,120,-78.04,39.45,833.11,3.33,0.4,,,,,,,,,,,,,,,,,,,,,,,,,,,,,,,,,,,,,79,3,8740,,,,,,,102,21,4775,26,8,1481,130,26,5634,,,,31,3,2116,13,3,876,,,,,,,,,,,,,,,,22,5,883,,,,13,3,672,51,3,2162,23,7,985,,,,46,5,2654,133,14,5537,177,32,9082,,,,6,3,348,21,5,592,8,3,283,49,5,2987,,,,193,22,9736,22,10,1513,,,,,,,,,,,,,68,3,3181,596,4,46025,,,,23,3,1933,,,,,,,,,,1790,3,114755,,,,,,,56,4,3277,,,,,,,,,,,,,,,,,,,,,,,,,,,,,,,,,,,,,,,,,,,,,,,,,,,,,,,,,,,,,,,,,,,,,,,,,,,,,,,30,3,3348,,,,,,,,,,,,,,,,,,,,,,,,,9,3,639,,,,,,,32,4,946,13,3,975,,,,,,,,,,,,,,,,218,7,14138,44,12,2047,,,,,,,196,13,5967,29,5,1128,30,4,1465,17,4,805,,,,,,,49,3,1411,,,,,,,15,3,611,62,8,3466,,,,24,4,584,1013,14,20071,129,13,2448,,,,,,,14,3,474,149,13,5734,62,5,1330,,,,,,,,,,478,29,12338,,,,,,,,,,,,,169,3,2254,,,,,,,,,,15,3,681,48,5,1427,67,3,1354,,,,,,,18,5,408,,,,952,3,26192,229,16,3540,23,5,452,,,,,,,6,3,58,,,,,,,14,5,257,34,9,1330,,,,,,,16,3,1045,5,4,190,20,5,1267,61,12,4079,,,,51,17,2692,,,,,,,,,,7,3,337,,,,,,,,,,3,3,125,2448,4,90781,,,,,,,,,,,,,,,,,,,,,,57,10,4812,48,6,2229,24,3,640,,,,,,,13,3,1544,270,34,13631,,,,25,5,1027,30,6,1430,40,7,8290,30,4,1985,17,3,1698,,,,,,,15,5,1629,6,3,404,,,,,,,,,,110,25,5256,,,,48,21,1477,8,4,483,5,3,162,,,,51,26,2719,17,6,676,,,,11,5,738,,,,,,,,,,9,4,655,,,,,,,,,,,,,176,35,13087,8,3,483,45,12,1829,48,9,670,18,6,505,,,,20,7,2596,,,,,,,,,,,,,,,,7,6,398,229,16,19872,,,,30,10,2313,,,,,,,,,,,,,3,4,194,,,,,,,,,,93,7,4052,,,,,,,40,8,2919,,,,88,9,2665,836,10,20854,,,,17,3,166,,,,,,,,,,,,,,,,,,,,,,,,,,,,,,,67,18,1746,91,29,3361,,,,,,,3,3,295,,,,8,3,96,,,,,,,,,,,,,,,,,,,15,7,189,,,,,,,,,,,,,228,36,25721,,,,239,29,14636,28,7,1041,38,4,2481,140,15,3101,28,8,1039,11,3,825,15,3,437,,,,91,5,1960,,,,34,4,2589,320,3,19161,9,4,417,,,,56,4,3066,,,,,,,3446,3,345774,235,4,8662,186,13,3977,,,,,,,,,,169,6,6181,64,6,1970,441,16,8768,17,6,604,,,,62,3,1833,22,3,670,,,,70,3,1145,190,29,3493,,,,,,,,,,,,,,,,,,,142,15,3200,,,,,,,86,8,1133,,,,17,4,319,266,15,7065,,,,,,,,,,,,,,,,48,8,1168,,,,,,,118,24,2638,924,63,19459,1597,77,25919,70,6,1294,87,8,1299,150,29,5130,,,,72,7,4124,,,,20,6,545,13,3,242,,,,52,6,2779,,,,,,,93,22,2160,72,4,1797,,,,20,5,272,,,,13,5,653,,,,,,,23,6,674,,,,14,3,331,372,72,8006,,,,,,,,,,,,,,,,,,,91,9,2198,9,4,382,,,,,,,,,,0,3,628
54005,Boone County,22,-88.82,42.32,1303.15,2.06,0.04,4,3,84,,,,,,,810,8,72150,519,3,37010,,,,,,,,,,,,,,,,,,,,,,,,,,,,,,,9,3,336,,,,,,,,,,,,,,,,,,,,,,,,,,,,,,,,,,,,,,,,,,,,,,,,,,,,12,3,755,2,3,9,,,,,,,,,,,,,,,,,,,,,,,,,,,,,,,,,,,,,,,,,,,,,,,,,,,,,,,,,,,,,,,,,,,,,,,,,,,,,,,,,,,,,,,,,,,,,,,,,,,,,,,,,,,,,,,,,,,,,,,,,,,,,,,,,,,,,,,,,,,,,,,,,,,,,,,,,,7,3,250,,,,,,,,,,,,,,,,,,,,,,,,,,,,,,,,,,,,,,,,,,,,,,,,,,,,,,,,,,,,,,,,,,,,,,,,,,,,,,,,,,,,,,,,,,,,,,,,,,,,144,6,3530,10,4,124,,,,,,,,,,46,7,2321,,,,,,,,,,,,,156,13,3284,,,,,,,,,,,,,,,,,,,,,,,,,,,,,,,,,,,,,,,,,,,,,,,,,52,6,1138,,,,,,,,,,,,,,,,,,,,,,,,,,,,,,,,,,,,,,,,,,,,,,70,8,4206,,,,,,,,,,,,,,,,,,,,,,,,,,,,,,,,,,,,,,,,,,,,,,,,,22,4,2413,,,,,,,,,,,,,,,,80,6,2257,,,,,,,,,,,,,,,,,,,,,,,,,,,,,,,,,,,,,,,,13,5,445,,,,,,,,,,,,,,,,,,,,,,,,,,,,,,,,,,,,,,,,,,,,,,,,,,,,30,6,1287,,,,,,,,,,,,,,,,,,,,,,,,,,,,,,,,,,,,,,,,,,,,,,,,,,,,,,,,,,,,,,,,,,,,,,,,,,,,,,,,,,,,,,,,,,,,,,,,,,,,,,,,,,,,,,,,,,,,,,,,,,,,,,,,,,,,,,,,,,,,,,,,,,,,,,,,,,,,,,,,,,,,,,,,,,,,,,,,,,,,,7,4,360,,,,17,3,572,,,,,,,,,,,,,,,,,,,,,,,,,,,,,,,45,3,2447,,,,,,,,,,,,,,,,,,,,,,,,,,,,,,,,,,,,,,,,459,6,6870,,,,,,,,,,,,,,,,,,,28,8,487,,,,,,,,,,,,,,,,,,,22,4,480,,,,,,,,,,,,,,,,22,3,717,,,,,,,,,,,,,,,,,,,,,,,,,,,,76,6,961,109,4,1397,,,,,,,20,3,435,,,,,,,,,,,,,,,,,,,,,,,,,,,,,,,,,,,,,,,,15,3,715,,,,,,,,,,,,,,,,,,,25,10,353,,,,,,,,,,,,,,,,,,,,,,,,,,,,10,4,40,,,,,,
54009,Brooke County,23,-80.57,40.27,239.96,0.0,0.0,,,,,,,,,,,,,,,,,,,,,,,,,,,,,,,,,,,,,,,,,,,,,,2,4,48,,,,13,7,352,,,,,,,,,,,,,,,,,,,,,,,,,,,,,,,,,,,,,,,,,,,,,,,,,16,4,592,,,,,,,,,,,,,,,,,,,68,4,4886,,,,,,,,,,,,,,,,,,,,,,,,,,,,,,,,,,,,,,,,,,,,,,,,,71,3,3217,,,,,,,,,,327,4,33869,,,,,,,,,,,,,,,,,,,,,,,,,,,,,,,,,,,,,,,,,,,,,,,,,,,,,,,,,,,,,,,,,,,,,,,,,,,,,,,,,,,,,,,,,,,,,,,,,,,,,,,,,,,,,,,,,,,,,,,,,,,,29,3,1144,,,,,,,,,,,,,,,,,,,,,,,,,,,,,,,,,,,,,,,,,,,,,,286,4,7209,13,5,176,,,,,,,,,,92,6,4173,,,,,,,,,,,,,83,9,2120,,,,,,,,,,,,,,,,,,,,,,,,,,,,,,,,,,,,,,,,,,,,,,,,,33,4,759,,,,,,,,,,,,,,,,,,,,,,,,,,,,,,,,,,,,,,,,,,,,,,,,,,,,,,,,,,,,,,,,,,,,,,,,,,,,,,,,,,,,,,,,,,,,,,,,,,,,,,,,,,,,,,,,,,,48,6,1650,,,,,,,,,,,,,,,,,,,,,,,,,,,,,,,,,,,,,,,,23,7,751,,,,11,3,338,,,,,,,,,,,,,,,,,,,,,,,,,,,,,,,,,,,,,,,,,,,,,,13,4,451,,,,9,3,301,14,4,81,,,,,,,,,,,,,,,,,,,,,,,,,,,,,,,,,,,,,,,,,,,,,,,,,,,,,,,,,,,,,18,3,311,,,,,,,,,,33,3,1738,,,,,,,,,,,,,,,,,,,,,,,,,,,,,,,,,,,,,,,,,,,,,,6,7,252,,,,,,,,,,,,,,,,,,,,,,,,,,,,,,,,,,,,,,,,,,,,,,,,,202,15,27018,,,,35,5,1154,7,3,106,,,,,,,24,5,1035,,,,,,,,,,,,,,,,,,,,,,,,,,,,,,,,,,,,,,,,144,3,4536,70,6,1961,,,,,,,,,,15,3,609,,,,51,4,749,12,4,581,,,,,,,,,,,,,,,,35,4,755,,,,,,,28,3,1169,,,,,,,,,,39,7,707,,,,,,,,,,,,,,,,,,,,,,,,,,,,,,,,,,,,,,,,,,,52,12,705,265,14,6237,218,21,3646,,,,,,,33,8,904,,,,,,,,,,,,,,,,,,,,,,,,,,,,20,5,283,,,,,,,,,,23,4,811,5,3,133,,,,,,,,,,,,,,,,68,24,1102,,,,,,,,,,,,,,,,,,,25,7,250,,,,,,,,,,,,,,,
54007,Braxton County,13,-80.7,38.7,1337.04,0.0,0.0,,,,,,,,,,,,,,,,,,,,,,,,,,,,,,,,,,,,,,,,,,,,,,13,3,198,,,,6,5,72,,,,21,3,844,,,,,,,,,,,,,,,,,,,,,,,,,,,,,,,,,,,,,,,,,,,,,,,,,,,,,,,,,,,,,,,,7,4,400,,,,,,,,,,,,,25,4,412,,,,,,,,,,,,,,,,,,,,,,,,,,,,,,,,,,,,,,,,,,,,,,,,,,,,,,,,,,,,,,,,,,,,,,,,,,,,,,,,,,,,,,,,,,,,,,,,,,,,,,,,,,,,,,,,,,,,,,,,,,,,,,,,,,,,,,,,,,,,,,,,,,,,,,,,,,,,,,,,,,,,,,,,,66,4,4767,,,,,,,,,,22,4,612,,,,,,,,,,,,,,,,,,,,,,,,,,,,,,,,,,,,,,,,,,,,,,,,,,,,49,4,2124,,,,,,,,,,,,,54,7,1445,70,3,1346,,,,,,,,,,,,,,,,,,,,,,,,,,,,,,,,,,,,,,,,,,,,,,16,5,423,,,,,,,,,,,,,,,,,,,,,,,,,,,,,,,,,,,,,,,,14,4,757,,,,7,4,317,,,,,,,,,,,,,,,,,,,,,,,,,,,,,,,,,,,,,,,,,,,8,3,270,,,,12,3,973,,,,,,,,,,,,,,,,32,7,1105,,,,,,,,,,,,,,,,,,,,,,,,,,,,,,,,,,,,,,,,21,5,652,,,,,,,,,,,,,,,,,,,,,,,,,,,,,,,,,,,,,,,,,,,,,,,,,,,,10,3,278,,,,,,,,,,,,,,,,,,,,,,,,,,,,,,,,,,,,,,,,,,,,,,,,,,,,,,,,,,,,,,,,,,,,,,,,,,,,,,,,,,,,,,,,,,,,,,,,,,,,,,,,,,,,,,,,,,,,,,,,,,,,,,,,,,,,,,,,,,,,,,,,,,,,,,,,,,,,,,,,,,,,,,,,,,,,,,,,,,,,,,,,,,,,,,,,,,,,,,,,,,,,,,,,,,,,,,,,,,,,,,,,,,,,,,,,,,,,,,,,,,,,,,,,,,,,,,,,,,,,,,366,3,5440,,,,,,,,,,,,,,,,,,,,,,,,,,,,,,,,,,,,,,,,,,,,,,6,3,210,,,,,,,,,,39,3,1135,,,,,,,,,,,,,,,,,,,,,,,,,,,,70,9,1476,150,7,2148,,,,,,,38,4,2394,,,,,,,,,,,,,,,,,,,37,3,1955,,,,,,,,,,,,,,,,,,,7,4,321,,,,,,,,,,,,,,,,,,,19,11,319,,,,,,,,,,,,,,,,,,,,,,,,,,,,,,,,,,,,
54011,Cabell County,95,-82.23,38.42,746.0,2.37,1.56,,,,5,3,153,,,,,,,,,,,,,,,,,,,,,,,,,,,,,,,80,5,8632,80,4,5783,64,5,5191,47,11,1577,77,5,2302,132,18,5291,,,,87,9,4661,,,,373,3,28036,44,3,4023,6,3,121,,,,,,,,,,,,,26,7,1858,,,,47,5,2428,12,5,255,,,,350,15,27334,182,24,8264,,,,,,,,,,9,3,233,17,3,737,,,,81,13,4958,172,10,8472,27,3,460,,,,,,,,,,,,,72,6,2413,55,4,1358,,,,,,,,,,,,,,,,,,,,,,42,3,1488,65,3,3368,110,3,6492,,,,140,9,8340,,,,,,,,,,,,,,,,14,3,840,,,,,,,15,6,960,72,3,3286,,,,,,,,,,31,3,1436,,,,,,,,,,76,3,7757,,,,23,3,1214,154,4,10498,,,,98,4,6749,20,4,1064,6,3,172,,,,54,9,2884,54,4,4501,,,,,,,46,5,2288,9,3,276,,,,41,3,4961,68,6,3633,28,3,1073,,,,,,,,,,,,,21,3,1037,379,10,26898,39,8,1916,,,,52,3,1660,214,22,6862,95,9,3411,56,7,2354,17,4,468,,,,,,,57,5,2123,452,3,11730,,,,45,4,1952,89,5,4383,,,,23,4,892,648,14,14605,,,,,,,16,3,271,44,8,1046,403,22,16779,44,4,1206,52,8,1578,12,5,210,69,9,2157,488,42,11315,,,,17,3,444,92,15,1386,11,3,273,371,13,5148,19,4,362,22,3,912,130,12,2302,47,8,1775,167,3,4086,,,,,,,,,,28,3,628,359,4,6164,,,,219,22,3773,50,5,782,,,,31,4,419,84,11,1396,,,,,,,63,10,1337,17,7,528,79,8,3560,,,,,,,22,7,539,104,9,4289,,,,,,,,,,,,,,,,,,,15,3,367,,,,27,3,1231,,,,,,,38,4,1429,,,,,,,,,,,,,,,,47,3,2248,,,,193,13,18196,48,11,2825,,,,268,5,21144,,,,,,,299,31,18995,95,3,3728,119,18,5235,16,3,750,11,4,2928,49,7,1712,,,,30,8,4605,3,3,47,38,10,9247,4,3,224,,,,,,,,,,138,35,7630,60,3,3740,121,31,4632,45,18,1827,,,,70,8,9172,36,17,1187,64,8,966,5,5,136,,,,,,,21,5,774,35,4,1487,16,3,677,,,,,,,,,,,,,422,65,25488,,,,153,20,7813,63,9,510,109,6,4255,,,,50,4,4225,,,,7,3,142,,,,,,,,,,61,7,4040,33,10,1565,,,,16,8,1299,,,,,,,,,,24,3,898,,,,,,,14,3,492,,,,123,9,4105,,,,,,,122,13,5363,451,14,25962,,,,459,9,11255,,,,,,,1703,6,67471,,,,,,,,,,,,,,,,,,,155,3,3313,11,6,446,56,8,2530,274,12,4042,78,18,3812,,,,,,,82,4,845,,,,,,,129,4,3804,,,,,,,,,,,,,,,,11,5,76,17,3,301,,,,,,,,,,2543,81,253389,158,6,34299,270,30,13326,60,10,2357,,,,168,9,4633,88,11,3295,,,,,,,,,,294,14,11072,50,3,2814,16,3,2418,159,14,10810,64,5,5673,,,,358,9,16973,44,3,1725,27,4,627,,,,660,7,27822,678,51,16409,318,13,11194,,,,129,4,3410,,,,131,10,5695,1258,18,26778,92,7,3079,43,3,1058,76,5,2343,101,3,3176,,,,278,16,4165,397,18,9351,,,,,,,,,,25,3,774,6,3,27,,,,114,21,2161,98,3,2379,,,,160,11,2307,,,,19,6,668,287,13,5386,,,,,,,,,,,,,,,,116,12,1618,,,,19,3,321,199,32,3603,1960,89,37536,1858,96,32208,23,3,432,213,21,3319,31,11,924,,,,119,6,5937,29,4,1385,,,,4,3,74,,,,122,8,5728,,,,,,,47,11,1180,10,3,432,,,,34,8,488,48,9,2758,25,7,861,8,3,99,,,,9,3,313,,,,,,,555,95,11538,30,3,1893,,,,,,,10,3,256,15,3,346,,,,40,10,377,7,4,439,,,,82,11,1313,,,,26,6,167
54013,Calhoun County,6,-96.67,28.5,727.22,0.0,0.0,,,,12,6,568,,,,,,,,,,,,,,,,4,3,111,,,,,,,,,,,,,,,,,,,,,,,,,,,,1,3,64,,,,,,,,,,182,6,19214,,,,,,,,,,,,,,,,,,,,,,,,,,,,,,,,,,,,,,,,,,,,,,,,,,,,,,,,,,,,,,,,,,,,,,,,,,,,,,,,,,,,,,,,,,,,,,,,,,,,,,,,,,,,,,,,,,,,,,,,,,,,,,,,,,,,,19,3,453,,,,,,,,,,,,,,,,,,,,,,,,,,,,,,,,,,,,,,,,,,,,,,,,,,,,,,,,,,,,,,,,,,,,,,,,,,,,,,,,,,,,,,,,,,,,,,,,,,,,,,,,,,,,,,,,,,,,,,,,,,,,,,,,,,,,,,,,,,,,,,,,,,,,,,,,,,,,,,,,,,,,,,,,,,,,,,,,,,,,,,,,,,,,,,25,4,455,,,,,,,,,,,,,,,,,,,,,,,,,,,,,,,,,,,,,,,,,,,,,,,,,25,4,439,,,,,,,,,,,,,,,,,,,,,,,,,,,,,,,,,,,,,,,,,,,,,,,,,,,,26,3,2279,,,,,,,,,,,,,,,,,,,,,,,,,,,,,,,,,,,,,,,,,,,3,3,129,,,,,,,,,,,,,,,,,,,,,,,,,,,,,,,,,,,,,,,,,,,,,,,,,,,,,,,,,,,,,,,,,,,,,,,,,,,,,,,,,,,,,,,,,,,,,,,,,,,,,,,,,,,,,,,,,,,,,,,,,,,,,,,,,,,,,,,,,,,,,,,,,,,,,,,,,,,,,,,,,,,,,,,,,,,,,,,,,,,,,,,,,,,,,,,,,,,,,,,,,,,,,,,,,,,,,,,,,,,,,,,,,,,,,,,,,,,,,,,,,,,,,,,,,,,,,,,,,,,,,,,,,,,,,,,,,,,,,,,,,,,,,,,,,,,,,,,,,,,,,,,,,,,,,,,,,,,,,,,,,,,,,,,,,,,,,,,,,,,,,,,,,,,,,,,,,,,,,,,,,,,,,,,,,,,,,,,,,,,,,,,,,,,,,,,,,,,,,,,,,,,,,,,,,,,,,,,,,,,,,,,,,,,,,,,,,,,,,,,,,,,,,,,,,,,,,,,,,,,,,,,,,,28,4,399,,,,,,,,,,,,,,,,,,,,,,,,,,,,,,,,,,,,,,,,,,,,,,,,,,,,,,,,,,,,,,,,,,,,,,,,,4,4,87,,,,,,,,,,,,,,,,,,,,,,,,,,,,,,,,,,,,
54015,Clay County,8,-98.21,33.69,890.4,0.0,0.0,,,,,,,,,,,,,,,,,,,,,,,,,,,,,,,,,,,,,,,,,,,,,,9,4,169,,,,,,,,,,,,,,,,,,,,,,,,,,,,,,,,,,,,,,,,,,,,,,,,,,,,,,,,,,,,,,,,,,,,,,,,,,,,,,,,,,,,,,,,,,,,,,,,,,,,,,,,,,,,,,,,,,,,,,,,,,,,,,,,,,,,,,,,,,,,,,,,,,,,,,,,,,,,,,,,,,,,,,,,,,,,,,,,,,,,,,,,,,,,,,,,,,,,,,,,,,,,,,,,,,,,,,,,,,,,,,,,,,,,,,,,,,,,,,,,,,,,,,,,,,,,,,,,,,,,,,,,,,,,,,,,,,,,,,,,,,,,,,,,,,,,,,,,,,,,,,,,,,,,,,,,,,,,,,,,,,,,,,,,19,3,889,,,,,,,,,,,,,38,6,753,,,,,,,,,,,,,,,,,,,,,,,,,,,,,,,,,,,,,,,,,,,,,,,,,22,3,445,,,,,,,,,,,,,,,,,,,,,,,,,,,,,,,,,,,,,,,,,,,,,,,,,,,,,,,,,,,,,,,,,,,,,,,,,,,,,,,,,,,,,,,,,,,,,,,,,,,,,,,,,,,,,,,,,,,26,3,1070,,,,,,,,,,,,,,,,,,,,,,,,,,,,,,,,,,,,,,,,,,,,,,,,,,,,,,,,,,,,,,,,,,,,,,,,,,,,,,,,,,,,,,,,,,,,,,,,,,,,,,,,,,,,,,,,,,,,,,,,,,,,,,,,,,,,,,,,,,,,,,,,,,,,,,,,,,,,,,,,,,,,,,,,,,,,,,,,,,,,,,,,,,,,,,,,,,,,,,,,,,,,,,,,,,,,,,,,,,,,,,,,,,,,,,,,,,,,,,,,,,,,,,,,,,,,,,,,,,,,,,,,,,,,,,,,,,,,,,,,,,,,,,,,,,,,,,,,,,,,,,,,,,,,,,,,,,,,,,,,,,,,,,,,,,,,,,,,,,,,,,,,,,,,,,,,,,,,,,,,,,,,,,,,,,,,,,,,,,,14,5,272,,,,,,,,,,,,,,,,,,,,,,,,,,,,,,,,,,,,,,,,,,,,,,,,,,,,,,,,,,,,,,,,,,,,,,,,,,,,,,,,,,,,,,,,,,,,,,,,,,,,,,,,,,,,,,,,,,,,,,,,,,,,,,,,,,,,,,,,,,,,,,,,,,,,,,,,,,,,,,,,,,,,,,,,,,,,,,,,,,,,
54017,Doddridge County,8,-80.73,39.26,830.27,0.0,0.0,,,,,,,,,,,,,,,,,,,,,,,,,,,,,,,,,,,,,,,,,,,,,,,,,,,,,,,,,,,,,,,,,,,,,,,,,,,,,,,,,,,,,,,,,,,,,,,,,,,,,,,,,,,,,,,,,,,,,,,,,,,,,,,,,,,,,,,,,,,,,,,,,,,,,,,,,,,,,,,,,,,,,,,,,,,,,,,,,,,,,,,,,,,,,,,,,,,,,,,,,,,,,,,,,,,,,,,,,,,,,,,,,,,,,,,,,,,,,,,,,,,,,,,,,,,,,,,,,,,,,,,,,,,,,,,,,,,,,,,,,,,,,,,,,,,,,,,,,,,,,,,,,,,,,,,,,,,,,,,,,,,,,,,,,,,,,,,,,,,,,,,,,,,,,,,,,,,,,,,,,,,,,,,,,,,,,,,,,,,,,,,,,,,,,,,,,,,,,,,,,,,,,,,,,,,,,,,,,,,,,,,,,,,,,,,,,,,,,,,,,,,,,,,,,,,,,,,,,,,,,,,,,,,,,,,,,,,,,,,,,,,,,,,,,,,,,,,,,,,,,,,,,,,,,,,,,,,,,,,,,,,,,,,,,,,,,,,,,,,,,,,,,,,,,,,,,,,,,,,,,,,,,,,,,,,,,,,,,,,,,,,,,,,,,,,,,,,,,,,,,,,,,,,,,,,,,,,,,,,,,,,,,,,,,,,,,,,,,,,,,,,,,,,,,,,,,,,,,,,,,,,,,,,,,,,,,,,,,,,,,,,,,,,,,,,,,,,,,,,,,,,,,,,,,,,,,,,,,,,,,,,,,,,,,,,,,,,,,,,,,,,,,,,,,,,,,,,,,,,,,,,,,,,,,,,,,,,,,,,,,,,,,,,,,,,,,,,,,,,,,,,,,,,,,,,,,,,,,,,,,,,,,,,,,,,,,,,,,,,,,,,,,,,,,,,,,,,,,,,,,,,,,,,,,,,,,,,,,,,,,,,,,,,,,,,,,,,,,,,,,,,,,,,,,,,,,,,,,,,,,,4,3,90,,,,,,,,,,,,,,,,,,,,,,,,,,,,,,,,,,,,,,,,,,,,,,,,,,,,,,,,,,,,,,,,,,,,,,,,,,,,,,,,,,,,,38,3,554,,,,,,,,,,6,3,214,,,,,,,,,,,,,,,,,,,,,,,,,,,,,,,,,,,,,,,,,,,,,,,,,,,,,,,,,,,,,8,5,125,,,,,,,,,,,,,,,,,,,,,,,,,,,,,,,,,,,,
54019,Fayette County,41,-96.96,29.84,1730.94,0.0,0.0,19,12,788,,,,,,,,,,,,,,,,,,,,,,,,,,,,,,,,,,,,,,,,20,3,1858,9,6,371,,,,35,16,1339,,,,40,3,1626,,,,,,,,,,,,,,,,,,,,,,,,,7,3,108,,,,,,,,,,,,,44,9,2236,19,4,514,,,,,,,,,,,,,,,,,,,11,4,135,,,,,,,,,,,,,,,,,,,,,,,,,,,,,,,,,,,,,,,,,,,,,,,,,,,,,,,,,,14,6,548,,,,,,,,,,,,,,,,,,,,,,,,,,,,,,,,,,,,,,,,,,,,,,,,,,,,,,,,,,,,,,,,,,,,,,,,,56,4,4167,,,,8,3,506,,,,,,,18,3,1407,,,,,,,,,,,,,,,,,,,,,,,,,,,,,,,,,,,,,24,5,1054,,,,,,,38,5,1020,,,,,,,,,,,,,,,,,,,171,4,5039,,,,,,,,,,,,,,,,156,7,4003,,,,,,,,,,,,,84,8,3860,,,,,,,,,,,,,202,22,4064,,,,,,,9,4,125,,,,,,,,,,,,,,,,,,,,,,,,,,,,,,,4,3,117,,,,,,,98,15,1966,,,,,,,12,7,221,,,,,,,,,,,,,,,,,,,23,3,605,,,,,,,32,4,1816,14,4,552,,,,51,8,1841,,,,,,,,,,,,,,,,,,,,,,,,,,,,,,,,,,,,,,,,,,,,,,,,,16,5,1528,,,,,,,,,,,,,,,,112,15,4535,,,,13,3,479,13,3,591,,,,,,,,,,,,,,,,,,,,,,,,,,,,,,,50,13,1727,,,,15,7,364,,,,,,,,,,,,,10,5,476,,,,4,4,171,,,,,,,,,,,,,,,,,,,,,,,,,39,13,1751,,,,3,3,99,,,,,,,,,,,,,,,,,,,,,,,,,,,,,,,,,,,,,,,,,,,,,,,,,,,,,,,,,,,,,,,,,,,,,,,,,26,3,1505,,,,,,,75,4,1485,,,,,,,,,,,,,,,,,,,,,,,,,,,,,,,,,,,,,16,5,330,11,9,262,,,,,,,,,,,,,,,,,,,,,,,,,,,,,,,,,,,,,,,,,,,,,,,,,118,14,8727,,,,64,9,2926,,,,13,3,544,,,,73,13,2861,,,,,,,,,,18,3,541,,,,,,,125,13,7594,,,,,,,,,,,,,,,,,,,335,6,10192,35,4,673,,,,,,,,,,,,,,,,238,5,3686,,,,,,,,,,,,,,,,,,,93,8,2252,,,,,,,,,,,,,,,,,,,33,6,505,,,,,,,,,,,,,25,5,953,37,4,956,,,,93,6,5896,12,3,317,,,,,,,,,,,,,,,,12,4,294,368,26,7516,473,26,7776,,,,,,,58,11,1504,,,,11,4,382,,,,,,,,,,,,,55,6,2938,,,,,,,11,4,143,,,,,,,,,,22,5,899,18,5,694,,,,,,,,,,,,,,,,130,41,1876,,,,,,,,,,,,,,,,,,,,,,,,,,,,,,,,,,,,
54021,Gilmer County,8,-84.45,34.69,880.84,0.0,0.0,,,,,,,29,3,1265,,,,,,,,,,,,,58,4,3051,,,,,,,,,,,,,,,,,,,,,,,,,,,,,,,,,,,,,,,,,,,,,,,,,,,,,,,,,,,,,,,,,,,,,,,,,,,,,,,,,,,,,,,,,,,,,,,,,,,,,,,,,,,,,,,,,,,,,,,,,,,,,,,,,,,,,,,,,,,,,,,,,,,,,,,,,,,,,,,,,,,,,,,,,,,,,,,,,,,,,,,,,,,,,,,,,,,,,,,,,,,,,,,,,,,,,,,,,,,,,,,,,,,,,,,,,,,,,,,,,,,,,,,,,,,,,,,,,,,,,,,,,,,,,,,,,,,,,,,,,,,,,,,,,,,,,,,,,,,,,,,,,,,,,,,,,,,,,,,,,,,,,,,,,,,,,,,,,,,,,,,,,,,,,,,,,,,,,,,,,,,,,,,28,4,631,,,,,,,,,,,,,,,,,,,,,,,,,,,,,,,,,,,,,,,,,,,,,,,,,,,,,,,,,,,,,,,,,,,,,,,,,,,,,,,,,,,,,,,,,,,,,,,,,,,,,,,6,3,477,,,,,,,,,,,,,,,,,,,,,,,,,,,,,,,,,,,,,,,,,,,,,,,,,,,,,,,,,,,,,19,3,989,,,,,,,,,,,,,,,,,,,,,,,,,,,,,,,,,,,,,,,,5,3,132,,,,,,,,,,,,,,,,,,,,,,,,,,,,,,,,,,,,,,,,,,,,,,,,,,,,,,,,,,,,,,,,,,,,,,,,,,,,,,,,,,,,,,,,,,,,,,,,,,,,,,,,,,,,,,,,,,,,,,,,,,,,,,,,,,,,,,,,,,,,,,,,,,,,,,,,,,,,,,,,,,,,,,,,,,,,,,,,,,,,,,,,,,,,,,,,,,,,,,,,,,,,,,,,,,,,,,,,,,,,,,,,,,,,,,,,,,,,,,,,,,,,,,,,,,,,,,,,,,,,,,,,,,,,,,,,,,,,,,,,,,,,,,,,,,,,,,,,,,,,,,,,,,,,,,,,,,,,,,,3,3,90,,,,,,,,,,,,,,,,,,,,,,,,,,,,,,,,,,,,,,,,,,,,,,,,,,,,,,,,,,,,,,,,,,,,,,,,,,,,,,,,,,,,,36,4,528,,,,,,,,,,12,4,356,,,,,,,,,,,,,,,,,,,,,,,,,,,,,,,,,,,,,,,,,,,,,,,,,,,,,,,,,,,,,9,4,101,,,,,,,,,,,,,,,,,,,,,,,,,,,,,,,,,,,,
54023,Grant County,11,-96.03,45.94,1243.9,0.0,0.0,25,5,899,,,,,,,,,,,,,,,,,,,,,,,,,,,,,,,,,,218,3,23118,,,,,,,20,8,512,,,,6,3,85,,,,,,,,,,,,,,,,,,,,,,,,,,,,3,4,226,2,3,63,,,,,,,,,,,,,,,,15,4,610,,,,,,,,,,,,,,,,,,,60,10,3261,,,,,,,,,,,,,,,,,,,,,,,,,,,,,,,,,,,,,,,,,,,,,,,,,,,,,,,,,,,,,,,,,,,,,,,,,,,,,,,,,,,,,,,,,,,,,,,,,,,,,,,,,,,,,,,,,,,,,,,,,,,,,,,,,,,,,,,,,,,,,,,,,,,,,,,,,,,,,,,,,,,,,,,,,,,,,,,,,,,,,,,,,,,,,,,,,,,,,,,,,,,,,,,,,,,,,,,,,,,,,,,,,,49,4,1385,,,,,,,47,3,949,,,,,,,,,,,,,,,,,,,,,,,,,,,,104,9,2065,,,,,,,,,,,,,,,,,,,,,,,,,,,,,,,,,,,,,,,,,,,,,,,,,,,,,,,,,,,,,,,,,,,,,,,,,,,,,,,,,,,,,,,,13,4,679,,,,,,,29,8,912,,,,,,,,,,,,,,,,,,,,,,,,,,,,,,,,,,,,,,,,,,,,,,,,,,,,,,,,,,,,,,,,,,,64,4,2851,,,,,,,,,,,,,,,,,,,,,,,,,,,,,,,,,,,,,,,,19,5,807,,,,9,3,255,,,,,,,,,,,,,,,,,,,,,,,,,,,,,,,,,,,,,,,,,,,,,,8,3,473,,,,,,,,,,,,,,,,,,,,,,,,,,,,,,,,,,,,,,,,,,,,,,,,,,,,,,,,,,,,,,,,,,,,,,,,,,,,,,,,,,,,,,,,,,,,,,,,,,,,,,,,,,,,,,,,,,,,,,,,,,,,,,,,,,,,,,,,,,,,,,,,,,,,,,,,,,,,,,,,,,,,,,,,,,,,,,,,,,,,,23,3,1282,,,,,,,,,,,,,,,,,,,,,,,,,,,,,,,,,,,,,,,,,,,,,,54,3,2181,,,,,,,,,,,,,,,,,,,,,,,,,,,,,,,223,3,3355,,,,,,,,,,,,,,,,,,,66,4,1663,,,,,,,,,,,,,,,,,,,,,,,,,,,,,,,,,,,,,12,3,161,,,,,,,,,,,,,,,,,,,,,,,,,,,,78,9,1051,102,5,1538,,,,,,,5,5,122,,,,,,,,,,,,,,,,,,,21,3,933,,,,,,,5,4,107,,,,,,,,,,,,,,,,,,,,,,,,,,,,,,,26,14,387,,,,,,,,,,,,,,,,,,,,,,,,,,,,,,,,,,,,
54033,Harrison County,66,-94.4,32.52,1078.8,2.29,0.26,10,5,284,20,7,1136,176,7,17149,,,,,,,,,,115,6,10642,470,16,36175,,,,,,,,,,,,,369,7,45689,74,3,6528,,,,62,16,1456,,,,87,25,2965,,,,113,10,5926,80,4,5929,212,4,23857,,,,,,,7,3,339,,,,137,4,7441,,,,41,8,1596,,,,60,6,2527,14,3,848,,,,38,8,1983,126,19,5550,,,,17,3,693,36,3,3297,,,,,,,,,,337,15,21149,41,5,1699,,,,91,4,2106,,,,,,,,,,,,,,,,,,,,,,,,,,,,,,,,,,,,,33,3,1652,,,,,,,,,,,,,,,,,,,,,,,,,,,,17,3,787,,,,,,,23,4,825,53,3,2191,,,,,,,,,,,,,48,4,2444,24,4,1459,,,,,,,,,,,,,76,4,5731,,,,25,4,2920,24,3,954,109,7,6325,,,,148,11,10749,,,,,,,,,,17,3,625,,,,,,,,,,,,,57,4,3261,,,,,,,,,,,,,,,,427,15,25693,51,8,3485,,,,71,3,3263,143,14,4500,77,7,2848,107,5,3497,,,,,,,,,,21,6,997,,,,,,,51,6,1851,58,7,1875,,,,30,3,812,586,15,12470,26,5,343,,,,,,,,,,130,11,5460,39,3,1103,22,5,565,,,,17,4,531,363,43,8461,,,,,,,39,6,480,,,,276,7,2720,15,3,214,25,3,586,66,7,1714,16,4,841,,,,,,,,,,30,3,755,,,,249,3,3540,616,3,17921,190,20,3299,17,5,299,,,,41,6,560,25,5,413,,,,,,,10,3,197,15,4,550,,,,,,,15,3,566,21,6,1336,184,14,8195,3,4,214,43,3,2602,152,17,9713,395,3,23042,76,8,7129,180,4,14283,,,,,,,,,,185,3,7516,,,,,,,,,,,,,,,,,,,,,,,,,,,,132,13,13699,65,8,2423,,,,,,,,,,,,,252,38,15442,,,,49,11,2234,24,4,1432,,,,9,3,436,,,,18,7,2291,,,,274,6,19722,44,3,2933,,,,,,,,,,85,26,2534,,,,28,14,1087,21,9,849,9,5,117,,,,47,12,2981,4,3,338,,,,,,,,,,14,4,319,,,,17,3,956,46,5,2208,47,3,2745,,,,,,,312,40,21267,22,3,963,67,10,3153,,,,,,,,,,468,14,33990,,,,,,,52,4,1921,,,,,,,,,,267,15,26056,,,,13,6,1100,,,,,,,,,,65,5,4107,10,6,493,82,4,9621,,,,,,,98,8,3066,31,3,1770,,,,21,3,1076,26,5,1318,,,,185,9,7485,,,,,,,,,,,,,,,,,,,,,,29,3,1285,,,,,,,,,,36,4,1863,141,6,4046,90,24,2723,,,,,,,15,4,443,190,6,20986,,,,133,6,2566,,,,,,,,,,,,,,,,13,4,100,,,,,,,,,,,,,619,40,76637,,,,212,26,12179,24,8,728,56,8,1891,15,4,377,349,18,16526,,,,12,4,674,,,,281,9,12250,,,,51,3,2660,102,5,7306,,,,,,,226,3,16908,,,,,,,3052,4,262738,348,7,13032,379,22,10794,,,,,,,94,4,2743,28,5,946,4,3,169,205,6,3871,57,7,2190,21,4,295,94,4,3863,,,,,,,49,3,729,234,19,4861,,,,,,,,,,,,,,,,,,,128,18,2749,84,6,2867,,,,89,7,1108,,,,,,,230,13,4760,,,,,,,,,,,,,,,,,,,25,3,464,,,,56,11,896,1232,55,25182,1182,65,19181,22,3,392,182,8,2430,60,18,1858,,,,42,9,1679,14,4,466,22,3,453,23,7,789,,,,37,6,1873,,,,,,,74,13,2261,9,3,237,,,,18,3,368,71,9,1901,14,4,509,,,,,,,,,,4,3,91,,,,332,75,6427,,,,,,,,,,,,,,,,,,,43,12,620,4,3,269,,,,76,14,874,,,,6,5,275
54025,Greenbrier County,33,-80.45,37.96,2653.02,0.0,0.0,64,13,3456,,,,,,,,,,,,,,,,,,,,,,,,,,,,,,,,,,,,,,,,,,,120,27,5362,104,4,4886,30,13,861,,,,18,4,692,,,,,,,,,,,,,,,,,,,,,,,,,4,3,81,,,,,,,,,,,,,20,7,790,39,10,1387,,,,,,,4,3,146,7,3,259,,,,,,,75,8,3498,13,5,538,,,,,,,,,,,,,,,,,,,,,,,,,,,,,,,,,,,,,,,,,,,,,,,,,,,,,,,,,,,,,,,,,,,,,,,,,,,,,,,,,,,,,,,,,,,,,,,,,,,,,,,,,,,,,,,,,,,,,,,,,,,,,,,,,,,,,,,,,,,,,,,,,,,,,,,,,,,,,,,,,,,,,,,,,79,3,4526,,,,,,,,,,104,4,6624,19,5,1126,,,,,,,68,8,1737,26,3,711,16,3,670,,,,,,,,,,,,,,,,,,,18,3,392,69,4,3533,,,,,,,254,4,6519,,,,,,,,,,,,,100,8,3561,,,,,,,,,,27,4,899,194,23,4221,,,,,,,10,3,181,,,,,,,,,,,,,29,5,816,,,,,,,,,,,,,,,,,,,,,,,,,128,16,2267,23,4,943,,,,9,5,281,27,5,435,,,,,,,,,,,,,,,,,,,16,3,694,83,5,3707,,,,,,,,,,8,6,332,,,,,,,,,,6,4,187,,,,,,,,,,,,,,,,,,,,,,,,,,,,,,,,,,,,,23,5,1671,16,4,602,,,,,,,,,,,,,145,20,5405,,,,,,,9,3,473,,,,,,,,,,,,,,,,,,,,,,,,,,,,,,,43,19,1404,,,,17,11,523,11,3,703,,,,5,3,152,17,10,1477,,,,,,,,,,,,,,,,,,,,,,,,,,,,,,,,,,41,17,1834,,,,19,6,860,14,5,121,11,4,175,,,,,,,,,,,,,,,,,,,,,,,,,,,,,,,18,4,1340,,,,,,,,,,,,,,,,,,,,,,,,,84,10,3431,,,,,,,,,,,,,,,,701,5,28880,,,,,,,,,,,,,,,,,,,,,,,,,,,,,,,,,,,,,36,3,706,44,16,1566,,,,,,,,,,38,4,1259,,,,,,,,,,,,,,,,,,,,,,13,3,430,,,,,,,,,,,,,331,22,27057,,,,117,15,4692,,,,26,5,980,,,,111,6,3497,,,,,,,,,,72,8,2415,,,,,,,242,13,13294,7,3,485,,,,69,3,5244,68,4,2773,,,,,,,249,5,8476,143,16,3678,,,,,,,,,,,,,,,,131,7,3977,22,4,322,,,,45,3,1233,,,,,,,,,,53,7,804,,,,,,,,,,,,,,,,,,,34,6,521,,,,,,,,,,,,,,,,111,9,2877,,,,,,,,,,15,3,651,,,,,,,,,,,,,14,3,228,405,32,8821,446,26,7159,,,,23,5,868,18,6,611,,,,8,5,382,,,,,,,,,,,,,13,4,339,,,,,,,8,3,161,,,,,,,,,,34,6,1575,,,,,,,,,,,,,,,,,,,158,41,2679,,,,,,,,,,,,,35,3,1751,,,,,,,,,,,,,,,,,,,,,
54027,Hampshire County,23,-72.62,42.34,1669.61,0.0,0.0,,,,,,,,,,,,,,,,,,,,,,,,,,,,,,,,,,,,,,,,,,,,,,6,5,297,,,,27,6,978,,,,,,,,,,,,,,,,,,,,,,,,,,,,,,,2,5,130,,,,,,,,,,,,,9,3,289,29,7,1113,,,,,,,,,,,,,,,,,,,24,4,793,2,4,292,,,,,,,,,,,,,,,,,,,,,,,,,,,,,,,,,,,,,,,,,,,,,,,,,,,,,,,,,,,,,,,,,,,,,,,,,,,,,,,,,,,,,,,,,,,,,,,,,,,,,,,,,,,,,,,,,,,,,,,,,,,,,,,,,,,,,,,,,,,,,,,,,,,,,,,,,,,,,,,,4,3,83,,,,,,,,,,,,,,,,,,,,,,,,,,,,,,,17,3,732,,,,,,,,,,,,,,,,,,,,,,,,,,,,,,,,,,22,3,565,,,,,,,,,,,,,,,,52,4,2089,,,,,,,,,,,,,119,8,2396,,,,,,,,,,,,,,,,,,,,,,,,,,,,,,,,,,,,,,,,,,,,,,,,,56,9,1179,,,,,,,,,,,,,,,,,,,,,,,,,,,,,,,,,,,,,,,,,,,,,,5,4,340,,,,,,,,,,,,,,,,,,,,,,,,,,,,,,,,,,,,,,,,,,,,,,,,,,,,,,,,,,,,,,,,,,,146,9,6157,,,,,,,,,,,,,,,,,,,,,,,,,,,,,,,,,,,,,,,,20,7,580,,,,,,,,,,,,,,,,8,5,670,,,,,,,,,,,,,,,,,,,,,,,,,,,,,,,,,,23,5,1017,,,,,,,,,,,,,,,,,,,,,,6,3,121,,,,,,,,,,,,,,,,,,,,,,,,,,,,,,,,,,,,,,,,,,,,,,19,4,511,,,,,,,,,,,,,,,,,,,,,,,,,,,,,,,,,,,,,,,,,,,,,,,,,,,,,,,,,,36,6,823,,,,,,,,,,,,,,,,,,,,,,,,,,,,,,,,,,,,,,,,,,,,,,,,,10,3,337,,,,50,3,3779,,,,,,,,,,9,3,559,,,,,,,,,,,,,,,,,,,,,,,,,,,,,,,,,,,,,,,,,,,146,5,4915,,,,,,,,,,,,,,,,,,,35,3,1429,,,,,,,,,,,,,,,,,,,,,,,,,,,,,,,,,,,,,,,,,,,,,,,,,,,,,,,32,6,668,,,,,,,2,3,195,11,5,588,,,,,,,,,,,,,,,,101,14,1775,159,8,2350,,,,,,,13,7,466,,,,13,3,345,,,,,,,,,,,,,,,,,,,,,,,,,,,,,,,,,,12,3,560,,,,,,,,,,,,,,,,,,,41,15,815,,,,,,,,,,,,,,,,,,,23,3,239,,,,,,,,,,,,,,,
54029,Hancock County,29,-91.15,40.39,227.92,0.0,0.0,,,,,,,,,,,,,,,,,,,,,,,,,,,,,,,,,,,,,,,,,,,,,,15,5,461,,,,15,4,535,,,,,,,,,,,,,,,,,,,,,,,,,,,,,,,,,,,,,,,,,,,,,,,,,27,6,1020,,,,,,,,,,,,,,,,,,,21,3,630,,,,,,,,,,,,,,,,,,,,,,,,,,,,,,,,,,,,,,,,,,,,,,,,,,,,,,,,,,,,,,,,,,,,,,,,,,,,,,,,,,,,,,,,,,,,,,,,,,,,,,,,,,,,,,,,,,,,,,23,3,1318,,,,,,,,,,,,,,,,,,,,,,,,,,,,,,,28,3,1253,,,,,,,,,,,,,,,,,,,,,,,,,,,,,,,,,,,,,,,,,,,,,,37,4,1300,,,,,,,,,,,,,,,,,,,,,,,,,25,3,670,,,,,,,153,8,3624,,,,,,,,,,10,3,199,105,8,3762,,,,,,,,,,,,,128,11,2847,,,,,,,,,,,,,,,,,,,,,,,,,,,,,,,,,,,,,,,,,,,,,,,,,69,8,1329,,,,,,,,,,,,,,,,,,,59,9,1111,12,3,262,,,,,,,,,,,,,,,,,,,,,,47,4,2251,,,,,,,,,,,,,,,,,,,,,,,,,,,,,,,,,,,,,,,,,,,,,,,,,,,,,,,,,,,,,,,,,,,43,8,2059,,,,71,5,2493,,,,,,,,,,,,,,,,,,,,,,,,,,,,,,,,,,38,11,3229,,,,13,7,353,6,3,346,,,,,,,13,4,391,,,,,,,,,,,,,,,,,,,,,,,,,,,,,,,,,,76,23,3223,,,,14,3,488,38,5,262,,,,,,,,,,,,,,,,,,,,,,,,,,,,,,,,,,,,,,,,,,,,,,,,,,,,,,,,,,,,,,,,,,,,,,,,,,,,7,4,266,18,3,995,,,,,,,,,,,,,,,,,,,,,,,,,,,,,,,,,,,,,74,4,3207,8,6,241,,,,,,,,,,54,4,3171,,,,116,3,2388,,,,,,,,,,,,,,,,,,,,,,,,,,,,,,,166,13,9971,,,,48,7,1903,,,,,,,,,,27,5,1366,,,,,,,,,,,,,,,,,,,,,,,,,,,,,,,,,,,,,,,,342,3,11766,82,6,1909,,,,,,,,,,,,,,,,30,3,466,125,9,7147,,,,,,,,,,,,,,,,39,6,892,,,,,,,,,,,,,,,,,,,83,16,1293,,,,,,,,,,,,,,,,,,,,,,,,,,,,,,,,,,,,,,,,,,,52,12,678,362,25,7891,464,28,7055,,,,48,4,578,31,9,745,,,,,,,,,,,,,,,,,,,,,,,,,,,,20,7,498,,,,,,,,,,,,,11,5,238,,,,,,,,,,,,,,,,69,26,861,,,,,,,,,,,,,,,,,,,50,7,583,,,,,,,38,4,188,,,,,,
54031,Hardy County,14,-78.84,39.0,1513.74,0.0,0.0,,,,,,,,,,,,,,,,,,,,,,,,,,,,,,,,,,,,,,,,,,,,,,26,7,680,,,,4,3,99,,,,7,3,181,,,,,,,,,,,,,,,,,,,,,,,,,,,,,,,,,,,,,,,,14,5,474,2,3,69,,,,,,,,,,,,,,,,,,,34,6,1929,,,,,,,,,,,,,,,,,,,,,,,,,,,,,,,,,,,,,,,,,,,,,,,,,,,,,,,,,,,,,,,,,,,,,,,,,,,,,,,,,,,,,,,,,,,,,,,,,,,,,,,,,,,,,,,,,,,,,,,,,,,,,,,,,,,,,,,,17,4,756,,,,,,,,,,,,,,,,,,,,,,,,,,,,,,,,,,,,,,,,,,,,,,56,3,2358,,,,,,,,,,20,3,541,11,3,313,,,,,,,,,,,,,,,,,,,,,,,,,,,,,,,27,3,1098,,,,,,,,,,,,,,,,,,,,,,,,,,,,,,,62,8,1886,,,,,,,,,,,,,,,,,,,,,,,,,,,,,,,,,,,,,,,,,,,,,,,,,47,6,819,,,,,,,,,,,,,,,,,,,,,,,,,,,,,,,,,,,,,,,,112,5,6551,,,,,,,8,4,588,,,,,,,,,,,,,,,,,,,,,,,,,,,,,,,,,,,,,,,,,,,,,,,,,,,,,,,,,,,,,,,,200,10,9853,,,,,,,,,,,,,,,,,,,,,,,,,,,,,,,,,,,,,,,,17,7,708,,,,2,4,91,,,,,,,,,,5,5,211,,,,,,,,,,,,,,,,,,,,,,,,,,,,,,,,,,10,3,162,,,,15,3,381,,,,15,3,305,,,,,,,,,,,,,,,,,,,,,,,,,,,,,,,,,,,,,,,,,,,,,,,,,,,,,,,,,,43,4,1456,,,,,,,,,,,,,,,,,,,,,,,,,,,,,,,,,,,,,,,,,,,,,,,,,,,,,,,77,4,2875,7,4,170,,,,,,,,,,,,,,,,,,,,,,,,,,,,,,,,,,,,,,,,,,,,,,,,,35,3,1570,,,,,,,,,,,,,,,,6,3,316,,,,,,,,,,,,,,,,,,,196,3,11404,,,,,,,,,,,,,,,,,,,,,,23,4,548,,,,,,,,,,,,,,,,39,3,559,,,,,,,,,,,,,,,,,,,,,,,,,,,,,,,,,,,,,,,,,,,,,,,,,,,,,,,,,,25,5,444,,,,,,,,,,,,,,,,,,,,,,,,,,,,138,13,2049,150,5,2617,,,,,,,23,8,1442,,,,,,,,,,,,,,,,,,,,,,,,,,,,,,,,,,,,,,,,,,,,,,,,,,,,,,,,,,,,,20,9,359,,,,,,,,,,,,,,,,,,,,,,,,,,,,,,,,,,,,
54043,Lincoln County,21,-81.21,35.49,1136.19,0.0,0.0,,,,,,,,,,,,,,,,,,,,,,,,,,,,,,,,,,,,,,,,,,,,,,,,,,,,,,,,,,,,,,,,,,,,,,,,,,,,,,,,,,,,,,,,,,,,,,,,,,,,17,3,934,11,4,407,,,,,,,,,,,,,,,,,,,52,6,3039,,,,,,,,,,,,,,,,,,,,,,,,,,,,,,,,,,,,,,,,,,,,,,,,,,,,,,,,,,,,,,,,,,,,,,,,,,,,,,,,,,,,,,,,,,,,,,,,,,,,,,,,,,,,,,,,,,,,,,,,,,,,,,,,,,,,,,,,,,,,,,,,,,,,,,,,,,,,,,,,,,,,,,,,,,,,,,,,,,,,,,,,,,,,,,,,,,,,,,,,,,,,,,,,,,,,,,,,,,,,,,,,,,,,,,,,,,,71,4,1839,,,,,,,,,,,,,15,3,764,,,,,,,,,,,,,51,4,916,,,,,,,,,,,,,,,,,,,,,,,,,,,,,,,,,,,,,,,,,,,,,,,,,61,7,1013,,,,,,,,,,,,,,,,,,,,,,,,,,,,,,,,,,,,,,,,,,,,,,,,,,,,,,,,,,,,,,,,,,,,,,,,,,,,,,,,,,,,,,,,,,,,,,,,,22,5,1488,,,,,,,,,,,,,,,,36,7,1029,,,,,,,,,,,,,,,,,,,,,,,,,,,,,,,,,,,,,,,,16,6,488,,,,,,,,,,,,,,,,,,,,,,,,,,,,,,,,,,,,,,,,,,,,,,,,,,,,,,,,,,,,,,,,,,,,,,,,,,,,,,,,,,,,,,,,,,,,,,,,,,,,,,,,,,,,,,,,,,,,,,,,,,,,,,,,,,,,,,,,,,,,,,,,,,,,,,,,,,,,,,,,,,,,,,,,,,,,,,,,,,,,,,,,70,5,3679,,,,,,,,,,,,,,,,,,,,,,,,,,,,,,,,,,,,,,,,,,,,,,,,,,,,,,,,,,,,,,,,,,,,,,,,,,,,,,,,,,,,,,,,78,9,4518,,,,,,,,,,,,,,,,,,,,,,,,,,,,,,,,,,,,,100,5,1928,453,3,7298,,,,,,,,,,,,,,,,,,,,,,,,,,,,,,,,,,,,,,,,,,,,,,,,,,,,,,,,,,,,,,,,,,,,,,,,,,,,,,,,,,,,,,,,63,7,828,,,,,,,,,,,,,,,,,,,,,,,,,,,,,,,,,,,,,,,,,,,,,,,,,,,,19,4,739,,,,,,,,,,,,,,,,,,,13,7,247,,,,,,,,,,,,,,,,,,,,,,,,,,,,,,,,,,,,
54035,Jackson County,28,-96.56,28.92,1221.56,2.13,0.05,,,,,,,,,,,,,,,,,,,,,,,,,,,,,,,,,,,,,,,,,,,,,,4,4,53,,,,18,7,356,,,,8,3,336,,,,,,,,,,,,,,,,,,,,,,,,,,,,,,,,,,,,,,,,23,6,901,41,6,2436,,,,,,,,,,,,,,,,,,,37,6,1665,6,4,282,,,,,,,,,,,,,,,,,,,,,,,,,,,,,,,,,,,,,,,,,,,,,,,,,,,,,,,,,,,,,,,,,,,,,,,,,,,,,,,,,,,,,,,,,,,,,,,,,,,,,,,,,,,,,,,,,,,,,,,,,,,,,,,,,,,,,,,,32,3,2773,,,,,,,,,,70,4,4269,,,,,,,,,,,,,,,,,,,,,,,,,,,,,,,,,,,,,,,,,,,50,5,1267,,,,,,,,,,,,,,,,,,,,,,,,,,,,48,5,2719,,,,42,4,1536,,,,,,,,,,,,,,,,32,5,1934,,,,,,,,,,,,,142,14,3540,60,3,1769,,,,,,,,,,,,,,,,,,,,,,,,,,,,,,,,,,,,,,,,,,,,,,50,6,854,,,,,,,,,,,,,,,,,,,,,,,,,0,3,97,,,,,,,,,,,,,15,3,643,,,,4,3,121,,,,,,,,,,9,3,275,,,,,,,,,,,,,,,,,,,,,,,,,,,,,,,,,,,,,,,,19,3,890,,,,,,,,,,,,,117,10,4717,,,,,,,,,,,,,,,,,,,,,,,,,,,,,,,,,,,,,,,,35,11,1375,,,,13,4,429,,,,,,,,,,,,,,,,,,,,,,,,,,,,,,,,,,,,,,,,,,,,,,14,5,856,,,,,,,10,4,68,,,,,,,,,,,,,,,,,,,,,,,,,,,,,,,,,,,,,,,,,,,,,,,,,,,,,,,,,,,,,35,3,1107,,,,,,,,,,,,,,,,6,3,105,,,,,,,,,,,,,,,,,,,,,,,,,,,,,,,,,,,,,,,,7,5,492,,,,,,,,,,,,,,,,,,,,,,,,,,,,,,,,,,,,,,,,,,,,,,,,,31,6,1618,,,,50,7,2294,,,,15,3,315,,,,19,4,743,,,,2,4,139,,,,21,3,831,,,,,,,78,4,4256,,,,,,,,,,,,,,,,,,,161,3,2643,,,,,,,,,,,,,,,,37,3,1062,114,3,2313,,,,,,,,,,,,,,,,,,,48,10,1160,,,,,,,,,,,,,,,,,,,,,,,,,,,,,,,,,,,,,43,4,685,,,,,,,,,,,,,,,,,,,,,,,,,17,4,253,191,15,3017,506,24,7871,,,,,,,45,9,1725,,,,26,3,968,,,,,,,,,,,,,4,3,120,,,,,,,22,6,273,,,,,,,,,,21,4,484,,,,,,,,,,,,,,,,,,,70,23,1215,,,,,,,,,,,,,,,,,,,,,,,,,,,,,,,,,,,,
54037,Jefferson County,58,-94.17,29.83,547.99,2.12,0.21,,,,,,,,,,,,,,,,,,,,,,,,,,,,,,,,,,,,,,,,,,,,,,46,10,1781,,,,28,15,1042,,,,,,,,,,,,,,,,,,,55,4,3979,,,,12,4,554,,,,,,,,,,,,,,,,,,,41,8,2116,88,17,3791,,,,,,,20,5,779,6,4,88,14,4,511,,,,38,8,1867,8,3,290,,,,11,3,198,,,,,,,,,,20,3,802,,,,,,,,,,,,,,,,,,,,,,,,,,,,,,,,,,,,,,,,,,,,,,,,,,,,,,,,,,,,,,,,,,,,,,,,,,,,,,,,,,,,,,,,,,,,,,,,,,,,,,,,,,,,,,,,,,,,,,,,,,,,,,,,,,,,,,,,,,,,,,,,,,,,,,,,,,,,,,,,,,,,,,,,,,,,,,,39,4,1257,10,3,316,,,,,,,,,,,,,18,4,546,,,,,,,,,,47,3,3534,,,,64,6,1752,561,6,10778,31,4,426,,,,,,,15,3,209,122,7,4309,,,,,,,,,,,,,179,17,4251,,,,,,,,,,,,,,,,,,,,,,,,,15,4,369,6,4,185,,,,,,,,,,15,4,291,,,,,,,97,11,1576,,,,,,,14,5,264,44,6,659,,,,,,,,,,,,,30,9,677,,,,,,,22,5,1122,,,,,,,,,,,,,,,,,,,,,,,,,,,,,,,,,,,,,,,,,,,,,,,,,,,,,,,,,,,,,64,5,4092,,,,,,,,,,,,,,,,230,17,12801,,,,,,,,,,24,7,2727,,,,,,,,,,,,,6,4,1054,,,,,,,,,,,,,56,15,3200,,,,29,14,899,,,,,,,,,,43,21,2368,,,,15,3,517,,,,13,3,439,,,,,,,,,,,,,,,,,,,,,,65,15,4331,,,,15,5,510,14,3,216,7,7,252,,,,10,4,703,,,,,,,,,,,,,5,3,105,81,9,6789,50,14,4364,10,3,438,17,7,1213,7,4,323,,,,,,,,,,18,7,2032,,,,,,,,,,62,6,3011,,,,,,,4,5,261,,,,50,5,2738,6,5,125,,,,,,,,,,,,,,,,,,,,,,,,,,,,,,,,,,51,6,2509,55,10,1859,124,21,3511,,,,,,,12,3,116,,,,,,,12,3,325,,,,,,,,,,,,,,,,,,,7,3,180,,,,,,,11,3,134,47,11,4840,,,,56,9,2926,14,3,729,23,3,1198,9,6,515,,,,,,,,,,,,,33,5,1126,,,,,,,,,,,,,,,,,,,,,,,,,,,,226,3,8049,,,,,,,,,,,,,,,,,,,51,4,1115,,,,,,,,,,,,,,,,,,,123,14,2541,,,,,,,,,,,,,,,,2,3,505,,,,,,,,,,59,3,699,,,,,,,281,13,6288,41,5,1104,,,,,,,,,,,,,,,,,,,,,,55,11,1450,638,48,13076,670,33,11995,17,3,186,114,13,1398,86,18,3424,,,,31,3,1890,,,,,,,,,,,,,,,,,,,,,,53,10,1747,,,,,,,,,,17,3,666,,,,,,,,,,,,,,,,,,,167,36,4083,,,,,,,,,,,,,119,8,6736,,,,22,5,371,4,3,299,,,,,,,,,,,,
54039,Kanawha County,182,-81.51,38.34,2359.37,2.44,0.43,6,6,367,53,6,3732,182,11,17164,476,3,38915,374,3,25345,,,,,,,311,15,28291,,,,58,4,7187,5,4,361,12,3,1351,247,13,29327,222,7,20366,160,3,15688,46,21,1791,52,4,2359,157,48,5557,31,3,1248,212,16,14401,54,3,3578,87,4,13968,218,4,15685,,,,259,6,22244,,,,,,,,,,37,13,1287,,,,76,13,4189,47,6,1590,,,,420,33,21807,577,40,38016,112,11,10287,7,4,321,70,10,3350,2,3,489,44,8,3093,17,3,585,292,30,18782,253,18,13309,,,,58,4,1407,6,3,182,,,,,,,117,7,4504,26,5,926,,,,39,4,3539,278,5,27735,145,3,14332,,,,47,3,3221,,,,14,4,731,77,5,3257,,,,28,3,1085,26,4,1012,,,,,,,,,,,,,,,,64,7,1774,,,,222,4,7214,277,11,11687,,,,34,4,1892,70,7,5331,23,5,1651,21,3,1054,42,5,2982,73,15,3262,53,4,3136,193,4,10403,37,3,2337,,,,107,7,5680,,,,47,7,3968,83,8,7723,229,10,18496,,,,291,24,18002,120,13,4964,40,7,1407,,,,38,5,2106,47,3,3085,21,4,885,27,5,1875,56,4,3085,87,8,5878,34,4,3055,,,,16,3,1124,30,7,1836,33,6,3000,925,14,65429,100,12,5011,,,,62,8,2708,382,40,11521,250,16,11467,211,13,9425,29,10,1208,13,4,689,33,4,1036,71,8,2367,670,5,17917,11,3,488,97,10,3235,116,13,5382,47,3,1458,14,4,531,1314,26,34691,18,7,246,,,,,,,,,,625,53,23210,101,9,2042,43,7,1032,24,7,422,97,9,3675,675,79,17159,16,3,599,15,4,518,118,16,1214,20,3,231,321,16,5137,15,4,221,39,4,841,107,11,1848,46,11,1584,196,7,3921,84,6,1947,29,3,367,24,5,407,,,,243,3,3227,1192,5,36878,605,55,11442,53,8,1431,,,,64,10,893,151,15,3639,41,3,1185,15,3,1660,46,17,1116,76,17,2890,14,3,225,170,4,6042,,,,8,4,251,63,9,2680,7,5,332,368,9,23905,262,30,12981,143,12,10267,119,14,14212,,,,90,10,3474,10,6,355,,,,740,8,34877,,,,32,3,1448,9,3,331,12,4,367,24,3,2321,8,7,406,29,3,526,76,3,2997,119,4,7890,657,26,54669,81,18,4572,18,5,438,234,5,9500,,,,,,,1067,62,84696,,,,191,21,10536,33,6,1684,24,6,3210,64,8,1758,,,,87,10,17116,10,5,1119,96,16,18008,7,6,1302,38,11,3191,385,15,28830,379,4,48759,449,77,33831,272,11,17955,125,38,4222,121,31,5783,9,6,164,16,6,1114,95,34,4052,84,21,3293,44,8,1997,20,11,954,4,5,207,51,12,1793,104,12,4295,24,5,1277,,,,36,4,2513,349,13,14970,29,6,3734,1475,159,108642,,,,386,39,26095,113,16,1209,54,16,1446,34,5,3134,1039,52,99913,,,,12,5,508,93,6,4252,12,5,486,,,,49,8,4515,53,15,3129,75,3,4279,41,25,3533,17,6,738,9,3,236,,,,164,5,10782,11,5,372,281,7,22463,31,9,2254,48,5,3404,274,13,10666,,,,,,,1101,41,90919,806,23,41702,21,8,1207,1014,28,23878,975,7,46512,,,,346,3,9533,41,4,1610,180,4,2498,20,7,581,40,4,2454,75,3,4310,10,5,174,945,8,19328,73,10,4036,119,5,6109,537,22,11887,96,26,2997,35,6,1178,,,,134,11,4518,110,5,7193,52,9,3155,113,6,3800,,,,589,4,20455,,,,14,5,707,30,5,883,20,5,168,26,6,423,29,4,328,17,3,89,12,3,347,1806,153,174531,102,10,6411,679,78,34458,85,19,2964,180,15,8187,207,16,9346,318,41,16893,18,5,1469,23,6,2000,24,3,1044,198,13,11021,77,6,3669,68,5,5447,638,20,45413,399,9,21715,,,,705,16,24726,,,,186,8,10475,8799,7,590541,1183,17,43562,307,29,7969,53,9,1639,,,,376,5,13029,75,8,2856,127,17,4256,1295,25,25610,212,21,8304,,,,99,8,3494,37,5,1299,51,3,2960,253,25,7375,507,31,10553,54,4,1256,21,3,931,,,,,,,,,,,,,251,31,6961,,,,,,,175,17,3739,44,3,752,50,4,818,509,36,13385,,,,,,,,,,,,,,,,87,12,3015,7,6,134,7,3,81,138,29,2693,2375,132,53464,3188,183,58002,34,7,1416,168,21,2287,257,43,8269,,,,67,15,3203,15,6,583,40,5,1484,54,12,1847,38,5,1629,188,19,9565,,,,5,4,200,91,21,2599,15,11,510,14,3,296,35,9,953,137,19,5078,49,11,2058,3,3,18,50,7,809,96,14,2203,56,20,953,,,,1122,179,25397,78,9,2573,13,6,803,,,,52,7,2782,56,5,1600,115,11,4703,127,24,4074,118,29,10909,189,12,13875,230,35,9436,12,7,545,20,8,858
54041,Lewis County,17,-91.7,40.09,1009.07,0.0,0.0,4,5,107,9,3,651,,,,,,,,,,,,,,,,93,9,6134,,,,,,,,,,,,,,,,,,,,,,13,4,403,,,,7,4,287,,,,,,,,,,,,,14,3,1191,,,,,,,,,,,,,,,,,,,,,,,,,,,,50,3,2791,26,3,1696,9,4,237,,,,,,,,,,,,,,,,,,,209,8,14228,,,,,,,,,,,,,,,,,,,,,,,,,,,,,,,,,,,,,,,,,,,,,,,,,,,,,,,,,,,,,,,,,,,,,,,,,,,,,,,,,,,,,,,,,,,,,,,,,,,,,,,,,,,,,,,,,,,,,,,,,,,,,,,,,,,,,,,,,,,23,4,1422,,,,,,,,,,,,,,,,,,,,,,,,,,,,,,,,,,,,,,,,,,,54,3,2696,,,,,,,,,,23,3,573,,,,,,,,,,,,,,,,,,,,,,,,,,,,,,,,,,37,3,920,,,,,,,,,,,,,,,,40,3,1673,,,,,,,,,,,,,114,15,2946,,,,,,,,,,,,,,,,,,,,,,,,,,,,,,,,,,,,,,,,,,,,,,,,,24,4,577,,,,,,,5,3,183,,,,,,,,,,7,3,261,,,,,,,,,,,,,,,,17,4,644,,,,,,,97,6,6506,,,,108,8,12268,,,,,,,,,,,,,,,,,,,,,,,,,,,,,,,,,,,,,,,,,,,45,4,3021,,,,,,,,,,,,,,,,58,5,2297,,,,,,,,,,,,,,,,,,,,,,,,,,,,,,,,,,,,,,,,8,3,451,,,,8,3,306,,,,,,,,,,,,,,,,,,,,,,,,,,,,,,,,,,,,,29,3,2584,,,,,,,12,6,432,,,,,,,,,,,,,,,,,,,,,,,,,,,,,,,,,,,,,,,,,,,,,,,,,,,,,,,,,,,,,,,,,,,,,,17,3,814,,,,,,,,,,,,,,,,,,,,,,,,,,,,,,,,,,,,,,,,,,,,,,,,,,,,,,,,,,7,3,1256,,,,,,,,,,,,,,,,,,,,,,,,,,,,,,,,,,,,,,,,,,,,,,,,,37,5,3042,,,,12,3,569,,,,,,,,,,28,4,1210,,,,,,,,,,,,,,,,,,,,,,,,,,,,,,,,,,,,,,,,,,,,,,,,,,,,,,,,,,,,,,,,,,,,,,,,,,,,,,,,,,,,,,,,,,,,,,,,,,,,,,,35,5,471,,,,,,,,,,,,,,,,332,5,6362,,,,,,,,,,,,,,,,,,,,,,,,,,,,64,9,857,220,17,3293,,,,,,,23,6,895,,,,15,3,564,,,,,,,,,,,,,,,,,,,,,,16,4,434,,,,,,,,,,,,,,,,,,,,,,,,,,,,,,,62,17,793,,,,,,,,,,,,,,,,,,,,,,,,,,,,,,,,,,,,
54045,Logan County,33,-89.38,40.11,1179.89,0.0,0.0,,,,,,,,,,727,5,81149,,,,,,,,,,,,,,,,,,,,,,,,,,,,18,3,1325,,,,27,3,1654,,,,,,,,,,,,,,,,,,,,,,,,,,,,,,,,,,,,,,,,,,,,,,,,,,,,,,,17,3,438,,,,,,,,,,,,,,,,,,,24,6,1070,,,,,,,,,,,,,,,,,,,,,,,,,,,,,,,,,,,,,,,,,,,,,,,,,,,,,,,,,,152,12,7456,,,,,,,16,3,1149,,,,,,,,,,,,,,,,,,,,,,,,,,,,,,,,,,,,,,,,,,,,,,,,,,,,,,,,,,,,,,,,43,5,1967,,,,,,,12,3,602,,,,,,,,,,,,,,,,,,,,,,,,,,,,,,,,,,,,,,,,,,,19,3,1067,,,,,,,54,6,1494,,,,36,3,718,,,,,,,,,,,,,211,3,5456,,,,,,,47,8,1816,,,,,,,158,5,4242,,,,,,,,,,,,,76,11,3430,,,,,,,,,,,,,129,19,3165,,,,,,,,,,,,,,,,,,,,,,,,,4,3,113,,,,,,,,,,,,,,,,,,,,,,98,11,1831,,,,,,,,,,,,,,,,,,,,,,,,,,,,,,,,,,,,,,,,18,3,1023,,,,76,13,3053,,,,,,,,,,,,,,,,,,,,,,,,,,,,,,,,,,,,,,,,,,,,,,,,,42,8,3748,28,4,1501,,,,,,,,,,,,,109,12,3882,,,,,,,13,3,790,,,,,,,,,,,,,,,,,,,,,,,,,,,,,,,53,11,2765,,,,13,3,420,3,3,56,,,,,,,,,,,,,,,,,,,,,,,,,,,,,,,,,,,,,,,,,,,28,10,1128,,,,,,,33,3,436,11,5,314,,,,,,,,,,,,,,,,,,,,,,,,,,,,,,,,,,,,,,,,,,,,,,,,,,,,,,,,,,,,,,,,,,,,,,,,,,,,,,,,,,,,,,,,,,,,,,,,,,,,,,,,,,,,,,,,,,,10,3,307,,,,,,,,,,37,3,906,,,,,,,,,,,,,,,,,,,,,,,,,,,,,,,,,,,,,,,,108,17,9914,,,,32,4,1506,,,,6,3,98,47,4,2282,25,6,1098,,,,,,,,,,,,,,,,12,3,1084,55,7,3139,,,,,,,96,4,5317,,,,,,,,,,284,4,10422,125,10,2658,,,,,,,,,,,,,31,5,1309,,,,,,,,,,,,,,,,,,,,,,43,5,1126,,,,,,,,,,,,,,,,,,,33,6,962,,,,,,,,,,,,,,,,,,,,,,,,,,,,,,,,,,,,,,,,,,,,,,294,23,5010,436,24,7210,,,,25,3,437,32,8,755,,,,24,5,699,,,,,,,,,,,,,152,13,8631,,,,,,,,,,,,,,,,,,,32,5,1188,12,3,512,,,,,,,,,,,,,,,,45,17,911,,,,,,,,,,,,,,,,,,,,,,,,,,,,5,3,18,,,,,,
54049,Marion County,56,-94.34,32.79,806.75,2.59,0.26,,,,,,,,,,,,,,,,,,,,,,56,3,4968,,,,,,,,,,,,,613,8,55845,,,,,,,23,9,512,5,3,64,88,27,2560,,,,46,5,3246,,,,,,,,,,,,,,,,,,,,,,,,,,,,,,,12,4,303,,,,,,,203,12,13138,43,12,1951,,,,,,,27,3,683,,,,,,,,,,134,15,7554,35,5,1844,,,,,,,,,,,,,,,,,,,,,,,,,,,,,,,,,,,,,,,,,,,,,,,,,,,,,,,147,7,4816,,,,,,,,,,,,,,,,,,,26,3,1115,,,,,,,,,,,,,,,,,,,,,,,,,,,,,,,,,,,,,,,,,,,,,,20,4,924,,,,,,,,,,107,5,7909,36,3,1863,,,,,,,30,5,1075,,,,,,,,,,101,3,5811,,,,,,,,,,,,,,,,,,,185,5,10431,12,5,278,45,4,1735,,,,82,11,2504,45,5,1918,31,4,990,,,,,,,,,,,,,,,,,,,48,3,1110,71,8,2945,,,,,,,265,8,5314,22,3,262,,,,,,,8,3,192,137,10,5506,,,,,,,6,3,117,,,,324,34,5555,14,4,244,,,,,,,,,,,,,,,,,,,,,,,,,9,4,248,,,,,,,,,,,,,,,,,,,111,12,1984,,,,,,,,,,23,4,538,,,,,,,6,3,212,17,5,695,12,3,479,,,,,,,4,4,178,,,,85,4,3838,,,,14,4,382,,,,,,,,,,23,6,771,,,,,,,,,,,,,208,3,6674,,,,,,,,,,,,,,,,,,,,,,63,8,3701,14,3,694,,,,,,,,,,,,,166,15,8154,,,,103,6,4397,,,,,,,,,,,,,,,,,,,20,6,4254,,,,,,,,,,,,,66,18,2716,,,,16,8,225,15,7,326,,,,,,,11,10,545,,,,,,,,,,,,,,,,,,,,,,,,,,,,,,,,,,42,13,1909,,,,41,9,1903,102,3,1379,34,4,669,,,,63,6,3989,,,,4,3,147,,,,,,,,,,190,7,19278,174,10,15610,,,,101,8,9279,,,,,,,,,,,,,,,,,,,,,,,,,115,7,3828,,,,,,,,,,,,,,,,214,5,11362,,,,,,,,,,,,,,,,,,,,,,,,,,,,,,,,,,,,,80,7,1370,34,14,952,,,,,,,18,4,1198,90,6,4701,,,,,,,,,,,,,,,,,,,,,,,,,16,3,179,,,,,,,,,,253,20,36421,,,,152,18,6358,15,6,415,,,,8,4,258,79,11,3170,,,,,,,,,,,,,,,,,,,97,4,4580,14,6,823,,,,,,,68,3,2070,,,,,,,357,4,12991,45,6,1060,64,3,2426,,,,47,5,1207,162,4,3948,57,7,2526,251,10,5520,89,4,3256,,,,,,,,,,,,,128,3,2706,113,9,2338,,,,,,,,,,,,,,,,,,,84,16,1663,14,3,373,,,,31,4,373,,,,,,,88,10,1424,,,,,,,,,,,,,,,,133,3,1224,,,,,,,48,10,830,519,33,10524,691,43,10233,,,,108,10,873,33,12,1230,,,,32,7,1524,,,,,,,13,4,239,,,,122,8,6678,,,,,,,35,7,969,,,,,,,21,3,367,35,9,1987,,,,,,,22,3,343,12,4,268,,,,,,,204,58,3511,10,3,467,,,,,,,,,,14,3,358,,,,24,8,584,6,3,305,,,,44,6,451,,,,,,
54047,McDowell County,19,-82.05,35.66,1385.82,0.0,0.0,13,5,402,,,,,,,62,4,4812,159,5,12009,,,,,,,,,,,,,,,,,,,,,,,,,,,,,,,,,,,,,,,,,,,,,,,,,,,,,,,,,,,,,,,,,,,,,,,,,,,,,,,,,,,,,,,,,,,,,,,,,,,,,,,,,,,,,,,,,,,,,,,,,,,,,,,,,,,,,,,,,,,,,,,,,,,,,,,,,,,,,,,,,,,,,,,,,,,,,,,,,,,,,,,,,,,,,,,,,,,,,,,,,,,,,,,,,,,,,,,,,,,,,,,,,,,,,,,,,,,,,,,,,,,,,,,,,,,,,,,,,,,,,,,,,,,,,,,,,,,,,,,,,,,,,,,,,,,,,,,,,,,,,,,,,,,,,,,,,,,,,,,,,,,,,,,,,,,,,,,,,,,,,,,,,,100,5,2460,,,,,,,,,,,,,43,7,1636,,,,,,,,,,,,,87,14,1608,,,,,,,,,,,,,,,,,,,,,,,,,,,,,,,,,,,,,,,,,,,,,,,,,39,6,938,,,,,,,,,,,,,,,,,,,,,,,,,,,,,,,,,,,,,,,,,,,,,,128,15,7231,,,,,,,,,,,,,,,,,,,,,,,,,,,,,,,,,,,,,,,,,,,,,,,,,21,4,1270,,,,,,,,,,,,,,,,85,5,3175,,,,,,,,,,,,,,,,,,,,,,,,,,,,,,,,,,,,,,,,9,3,250,,,,,,,,,,,,,,,,,,,,,,,,,,,,,,,,,,,,,,,,,,,,,,,,,,,,5,3,320,,,,,,,,,,,,,,,,,,,,,,,,,,,,,,,,,,,,,,,,,,,,,,,,,,,,,,,,,,,,,,,,,,,,,,,,,,,,,,,,,,,,,,,,,,,,,,,,,,,,,,,,,,,,,,,,,,,,,,,,,,,,,,,,,,,,,,,,,,,,,,,,,,,,,,,,,,,,,,,,,,,,,,,,,,,,,,,,,,,,,29,4,1207,,,,,,,,,,,,,,,,,,,,,,,,,,,,,,,,,,,,,,,,,,,,,,,,,,,,,,,,,,,,,,,,,,,,,,,,,,,,,,,,,,71,6,1735,,,,,,,,,,,,,,,,,,,,,,,,,,,,,,,,,,,,,,,,,,,,,,,,,,,,,,,15,4,257,,,,,,,,,,,,,,,,,,,,,,,,,,,,12,4,281,74,5,1531,,,,,,,2,3,151,,,,,,,,,,,,,,,,,,,20,4,874,,,,,,,,,,,,,,,,,,,21,4,558,,,,,,,,,,,,,,,,,,,25,9,335,,,,,,,,,,,,,,,,,,,,,,,,,,,,,,,,,,,,
54051,Marshall County,31,-89.3,41.03,808.35,2.19,0.32,,,,61,3,6073,123,3,16400,,,,1403,9,132102,,,,,,,,,,,,,,,,,,,,,,,,,,,,,,,8,4,305,,,,14,10,421,,,,,,,,,,,,,,,,,,,,,,,,,,,,,,,,,,,,,,,,,,,,,,,,,68,4,4987,,,,,,,,,,,,,,,,,,,72,6,7609,,,,,,,,,,,,,,,,,,,,,,,,,,,,,,,,,,,,,,,,,,,,,,,,,,,,,,,,,,,,,,,,,,,,,,,,,,,,,,,,,,,,,,,,,,,,,,,,,,,,,,,,,,,,,,,,,,,,,,,,,,,,,,,,,,,,,,,,,,,,,,,,,,,,,,,25,4,695,,,,,,,,,,,,,,,,,,,,,,,,,,,,,,,150,5,7272,21,4,723,,,,,,,36,3,859,,,,,,,,,,,,,,,,,,,,,,,,,13,3,470,,,,,,,,,,155,4,3885,,,,,,,,,,,,,76,4,4277,,,,,,,,,,,,,88,11,1566,,,,,,,,,,,,,,,,,,,,,,9,3,205,,,,,,,,,,,,,,,,,,,,,,,,,67,6,1052,10,4,171,,,,,,,,,,,,,,,,47,7,943,,,,,,,,,,,,,,,,,,,,,,,,,,,,,,,18,4,2496,,,,,,,,,,,,,,,,,,,,,,,,,,,,,,,,,,,,,,,,,,,,,,,,,,,,,,,,,,,,,73,9,2911,,,,128,3,6247,,,,,,,,,,,,,,,,,,,,,,,,,,,,,,,,,,20,5,802,,,,,,,,,,,,,,,,,,,,,,,,,,,,,,,,,,,,,,,,,,,,,,,,,,,,45,9,3085,,,,,,,22,4,265,,,,,,,,,,,,,,,,,,,,,,,,,,,,,,,,,,,,,,,,,,,,,,,,,,,,,,,,,,,,,,,,,,,,,,230,8,21704,,,,,,,,,,,,,,,,,,,,,,,,,,,,,,,,,,,,,,,,,,,,,,,,,14,11,615,,,,,,,,,,,,,,,,,,,,,,,,,,,,,,,,,,,,,,,,,,,,,,,,,77,11,4018,,,,57,9,2269,,,,,,,,,,,,,,,,,,,,,,,,,,,,,,,,,,,,,,,,,,,,,,,,,,,,,,,133,18,3392,,,,,,,,,,17,10,454,,,,254,6,4168,15,4,704,,,,,,,,,,,,,,,,42,7,1113,,,,,,,,,,,,,,,,,,,48,10,724,,,,,,,,,,,,,,,,86,6,1491,,,,,,,,,,,,,,,,,,,,,,,,,30,9,519,146,11,2285,415,18,6575,,,,,,,17,5,624,,,,,,,,,,,,,,,,,,,23,3,1154,,,,,,,31,6,691,,,,,,,,,,27,4,790,,,,,,,,,,,,,,,,,,,147,26,2571,,,,,,,,,,,,,,,,,,,21,7,216,,,,,,,25,5,117,,,,,,
54053,Mason County,26,-99.22,30.71,1151.77,1.75,0.08,,,,,,,,,,,,,,,,,,,,,,,,,,,,,,,284,4,31402,,,,,,,,,,,,,,,,82,3,4536,,,,,,,,,,,,,,,,,,,,,,,,,,,,,,,,,,,,,,,,,,,,,,,,,,,,15,4,756,,,,,,,,,,,,,,,,,,,,,,171,3,10755,,,,,,,,,,,,,,,,,,,,,,,,,,,,,,,,,,,,,,,,,,,,,,,,,,,,,,,,,,,,,,,,,,,,,,,,,,,,,,,,,,,,,,,,,,,,,,,,,,,,,,,,,,,,,,,,,,,,,,,,,,,,,,,,,,,,,,,,,,,,,,,,,,,,,,,,,,,,,,,,,,,,,,,,,,,,,,,,,,,,,,,,,,,,,,,,,35,4,905,12,3,354,,,,,,,,,,,,,,,,,,,,,,,,,30,3,871,,,,28,3,1244,,,,,,,,,,,,,,,,36,3,1245,,,,,,,,,,,,,128,16,2347,,,,,,,,,,,,,,,,,,,,,,,,,,,,,,,,,,,,,,,,,,,,,,,,,59,8,1121,,,,,,,,,,,,,,,,,,,28,4,470,,,,,,,,,,,,,,,,,,,,,,,,,,,,,,,,,,,,,,,,,,,,,,,,,,,,,,,,,,,,,,,,,,,,,,,,,,,,,,,,,,,,,,,,,,,,,,59,9,2408,,,,,,,,,,,,,,,,,,,,,,,,,,,,,,,,,,,,,,,,21,6,834,,,,16,7,702,,,,,,,,,,,,,,,,,,,,,,,,,,,,,,,,,,,,,,,,,,,,,,16,4,283,,,,8,3,372,,,,,,,,,,,,,,,,,,,,,,,,,,,,,,,,,,,,,,,,,,,,,,,,,,,,,,,,,,,,,,,,,,,,,,,,,,,,,,,,,,,,,,,,,,,,,,,,,,,,,,,,,,,,,,,,,,,,,,,,,,,,1,3,59,,,,,,,,,,,,,,,,,,,,,,,,,,,,,,,,,,,,,,,,,,,,,,,,,67,12,7937,,,,,,,,,,,,,,,,,,,,,,,,,,,,72,4,3225,,,,,,,,,,,,,,,,,,,,,,,,,,,,,,,,,,,,,,,,,,,,,,,,,,,,,,,,,,,,,,,,,,,,,,,,,,,,,,,,,,,,,,,,,,,38,5,534,,,,,,,,,,,,,,,,,,,,,,,,,,,,,,,,,,,,,,,,,,,,,,124,6,1710,166,11,3107,,,,19,3,290,15,5,418,,,,,,,,,,,,,,,,,,,31,3,1567,,,,,,,,,,,,,,,,,,,13,3,394,,,,,,,,,,,,,,,,,,,59,26,977,,,,,,,,,,,,,,,,,,,30,6,670,,,,,,,29,5,57,,,,,,
54055,Mercer County,60,-80.3,41.33,1089.68,1.74,0.15,,,,,,,,,,190,3,15959,,,,,,,,,,,,,457,3,36885,,,,,,,,,,,,,,,,,,,125,5,7340,,,,59,11,2547,,,,159,6,6919,,,,,,,,,,,,,,,,,,,,,,7,4,166,,,,,,,21,3,822,,,,,,,56,7,2920,111,12,4624,,,,,,,5,4,55,,,,,,,,,,26,8,1116,46,9,2605,,,,,,,,,,,,,,,,,,,,,,,,,,,,,,,,,,,,,,,,,,,,,,,,,,,,,,,130,8,7632,,,,,,,96,4,5795,,,,,,,,,,,,,,,,,,,,,,,,,,,,,,,,,,,,,,,,,,,,,,,,,,,,23,4,1327,,,,,,,,,,172,6,10519,,,,30,6,1162,22,3,1417,,,,,,,,,,,,,,,,,,,,,,,,,,,,,,,,,,,,,,,,509,6,32490,3,3,137,,,,49,5,2702,121,12,3718,61,5,1886,55,7,1961,,,,,,,,,,19,4,489,,,,,,,,,,22,4,1116,,,,,,,333,10,6753,12,4,139,,,,,,,11,4,376,177,10,7429,,,,,,,,,,12,6,379,281,34,5441,,,,,,,36,9,419,,,,40,3,1182,,,,,,,25,4,500,,,,12,5,370,,,,,,,,,,,,,,,,,,,315,21,5083,14,4,179,,,,26,5,398,17,3,658,,,,,,,,,,6,5,161,5,3,119,,,,19,3,686,,,,44,5,2840,5,3,91,,,,50,9,2729,,,,,,,,,,16,5,325,,,,,,,,,,,,,,,,,,,,,,,,,,,,,,,,,,,,,88,9,5846,,,,,,,,,,,,,,,,179,14,10279,,,,,,,14,5,772,,,,17,5,619,,,,,,,,,,9,3,1094,,,,,,,,,,,,,71,17,3521,,,,31,14,569,4,3,152,,,,,,,15,7,369,11,4,226,,,,,,,,,,,,,,,,7,3,250,,,,,,,,,,,,,77,24,3274,,,,42,9,1452,112,5,997,,,,,,,46,5,3819,,,,,,,6,3,236,,,,,,,14,3,881,,,,,,,26,5,2286,6,3,1282,,,,,,,,,,,,,,,,,,,,,,84,6,3101,,,,,,,38,4,2332,74,5,3991,,,,,,,,,,,,,,,,,,,,,,,,,,,,,,,,,,,,,,,,,,,37,5,596,14,10,382,,,,,,,,,,100,5,5294,,,,,,,,,,,,,,,,,,,,,,,,,,,,,,,,,,,,,396,41,24973,,,,103,17,3747,,,,52,5,2037,59,4,1078,15,4,458,,,,,,,,,,263,6,8951,,,,,,,105,6,6269,6,3,319,,,,167,7,8788,,,,30,3,1441,,,,486,11,17784,530,40,10418,,,,,,,,,,,,,39,3,1538,140,5,2673,120,13,4350,,,,,,,,,,,,,,,,145,10,3695,,,,,,,,,,,,,,,,,,,87,24,1613,,,,,,,,,,,,,23,4,884,187,19,2957,,,,,,,,,,,,,,,,40,3,1361,,,,,,,31,7,439,747,35,13851,732,33,12287,,,,55,5,685,92,17,4650,,,,,,,,,,,,,4,3,50,,,,53,7,8570,,,,,,,49,10,1218,,,,,,,,,,66,8,3084,27,5,1002,,,,,,,10,6,212,,,,,,,273,58,4579,40,3,1381,,,,,,,,,,,,,,,,30,5,430,,,,,,,14,6,41,,,,,,
54065,Morgan County,17,-90.19,39.71,594.63,0.0,0.0,,,,,,,,,,,,,,,,,,,,,,,,,,,,,,,,,,,,,,,,,,,,,,30,8,911,,,,2,3,102,,,,,,,,,,,,,,,,,,,,,,,,,,,,,,,,,,,,,,,,,,,,,,,,,,,,,,,,,,,,,,,,,,,,,,9,4,284,,,,,,,,,,,,,,,,,,,,,,,,,,,,,,,,,,,,,,,,,,,,,,,,,,,,,,,,,,,,,,,,,,,,,,,,,,,,,,,,,,,,,,,,,,,,,,,,,,,,,,,,,,,,,,,,,,,,,,,,,,,,,,,,,,,,,,,,,,,,,,,,,,,,,,,,,,,,,,,,,,,,,,,,,,,,,,,,,,,,,,,,,,,,,,,,,,,,,,,36,3,1585,,,,,,,,,,,,,,,,,,,,,,,,,,,,,,,,,,122,4,2077,,,,,,,,,,,,,,,,,,,,,,,,,,,,62,5,1538,,,,,,,,,,,,,,,,,,,,,,,,,,,,,,,,,,,,,,,,,,,,,,,,,26,4,535,,,,,,,3,3,50,15,3,219,,,,,,,,,,,,,,,,,,,,,,,,,,,,,,,,,,,,,,,,,,,,,,,,,,,,,,,,,,,,,,,,,,,,,,,,,,,,,,,,,,,,,,,,,,,,,,,,,,,,,,,77,5,3762,,,,,,,,,,,,,,,,,,,,,,,,,,,,,,,,,,,,,,,,11,3,496,,,,,,,,,,,,,,,,,,,6,3,581,,,,,,,,,,,,,,,,,,,,,,,,,,,,,,,12,4,711,,,,,,,,,,,,,,,,,,,,,,,,,,,,,,,,,,3,3,145,,,,,,,,,,,,,,,,,,,,,,,,,,,,,,,,,,,,,,,,,,,,,,,,,,,,,,,,,,,,,,,,,,,,,,,,,,,,,,,,,,,,,,,,,,,,,,10,5,389,,,,,,,,,,,,,,,,,,,,,,,,,,,,,,,,,,,,,,,,,,,,,,,,,49,3,3124,,,,20,3,982,,,,,,,,,,,,,,,,,,,,,,,,,,,,,,,,,,,,,,,,,,,,,,,,,,,,,,,,,,,,,,,,,,,,,,,,,,,,,,,,,,,,,,,,,,,,,,16,4,418,,,,,,,,,,,,,,,,,,,,,,,,,,,,,,,,,,,,,78,4,1746,,,,,,,,,,,,,,,,,,,,,,,,,,,,132,14,2470,75,4,1223,,,,,,,12,4,307,,,,,,,,,,,,,,,,,,,,,,,,,,,,,,,,,,,,,,,,,,,,,,,,,,,,,,,,,,,,,54,16,608,,,,,,,,,,,,,,,,,,,19,4,251,,,,,,,,,,,,,1,3,23
54057,Mineral County,27,-106.93,37.66,852.4,0.0,0.0,,,,,,,,,,,,,,,,,,,,,,,,,,,,,,,,,,,,,14,3,1430,,,,,,,22,13,704,,,,7,7,407,,,,,,,,,,,,,,,,,,,,,,,,,,,,,,,,,,,,,,,,,,,,,,63,3,3649,16,3,796,,,,,,,,,,,,,,,,,,,24,6,1557,,,,,,,,,,,,,,,,,,,,,,,,,,,,,,,,,,,,,,,,,,,,,,,,,,,,,,,,,,,,,,,,,,,,,,,,,,,,,,,,,,,,,,,,,,,,,,,,,,,,,,,,,,,,,,,,,,,,,,,,,,,,,,,,,,,,,,,,,,,,,,,,,,,,,,,50,3,2332,,,,,,,,,,,,,,,,,,,,,,,,,,,,,,,,,,14,3,845,,,,,,,,,,,,,,,,,,,,,,,,,,,,,,,,,,,,,8,3,350,,,,,,,193,8,4342,15,4,242,,,,,,,,,,60,5,2644,,,,,,,,,,,,,77,5,1546,,,,,,,,,,,,,,,,,,,,,,,,,,,,,,,,,,,,,,,,,,,,,,,,,74,7,1074,,,,,,,,,,,,,,,,,,,53,5,1289,8,3,221,,,,,,,,,,,,,,,,,,,,,,58,5,2383,,,,,,,,,,,,,,,,,,,,,,,,,,,,,,,,,,,,,,,,,,,,,,,,,,,,,,,,,,,,,12,3,155,,,,51,8,2463,,,,37,5,1414,,,,,,,,,,,,,,,,,,,,,,,,,,,,,,,,,,44,9,1165,,,,,,,,,,,,,,,,16,8,432,,,,,,,,,,,,,,,,,,,,,,,,,,,,,,,,,,17,8,906,,,,,,,,,,,,,,,,,,,,,,,,,,,,,,,,,,,,,,,,,,,,,,,,,,,,,,,,,,,,,,,,,,,,,,,,,,,,,,,,,,,,,,,,,,,,,,,,,,,,,,,,,,,,,,,,,,,,,,,,,,,,,,,18,4,707,14,3,323,,,,,,,,,,,,,,,,,,,,,,,,,,,,,,,,,,,,,,,,,,,,,,,,,44,11,2444,,,,39,7,1774,,,,,,,,,,28,4,1451,,,,,,,,,,,,,,,,,,,,,,,,,,,,43,4,1138,,,,,,,353,3,19921,207,3,5880,166,13,3696,,,,,,,,,,210,7,6654,,,,385,4,6653,,,,12,4,122,,,,,,,,,,,,,30,9,873,,,,,,,,,,,,,,,,,,,,,,,,,,,,,,,,,,,,,,,,,,,,,,,,,,,,,,,19,5,363,,,,,,,38,10,597,148,19,2215,205,12,2764,,,,8,3,181,17,6,456,,,,18,5,574,,,,,,,,,,,,,54,3,1533,,,,,,,9,5,259,,,,,,,,,,15,3,403,,,,,,,,,,,,,,,,,,,77,30,973,,,,,,,,,,,,,,,,,,,36,5,375,,,,,,,,,,,,,,,
54059,Mingo County,24,-82.13,37.68,1097.57,2.57,0.04,22,8,759,,,,,,,,,,,,,,,,,,,,,,,,,,,,,,,,,,,,,,,,,,,9,3,278,,,,9,3,248,,,,,,,,,,,,,,,,,,,,,,,,,,,,,,,,,,,,,,,,,,,,,,,,,27,4,889,,,,,,,,,,,,,,,,,,,47,7,2634,,,,,,,,,,,,,6,3,67,,,,,,,,,,,,,,,,,,,,,,,,,,,,,,,,,,,,,,,,,,,,,,,,,,,,,,,,,,,,,,,,,,,,,,,,,,,,,,,,,,,,,,,,,,,,,,,,,,,,,,,,,,,,,,,,,,,,,,,,,,,,,,,,,,,,,,,,,,,,,,,,,,,,,,,,,,,,,,,,,,,,,,,,,,,,,,,,,,,,,12,4,297,,,,,,,,,,,,,,,,,,,,,,,,,,,,22,3,723,,,,,,,82,5,1683,,,,,,,,,,7,4,116,50,6,1575,,,,,,,,,,,,,79,12,1908,,,,,,,,,,,,,,,,,,,,,,,,,,,,,,,,,,,,,,,,,,,,,,,,,43,7,1097,,,,,,,,,,,,,,,,,,,,,,,,,,,,,,,,,,,,,14,4,639,5,6,459,,,,79,9,4523,,,,,,,,,,,,,,,,,,,,,,,,,,,,,,,,,,,,,,,,,,,,,,,,,10,4,1323,,,,,,,,,,,,,,,,57,8,2616,,,,,,,,,,,,,,,,,,,,,,,,,,,,,,,,,,,,,,,,26,7,816,,,,14,5,431,19,3,601,,,,,,,,,,,,,,,,,,,,,,,,,,,,,,,,,,,,,,,,,,,35,16,1888,,,,12,5,373,,,,,,,,,,,,,,,,,,,,,,,,,,,,,,,,,,,,,3,3,387,,,,,,,,,,,,,,,,,,,,,,,,,,,,,,,,,,,,,,,,,,,,,,,,,,,,,,,,,,,,,,,,,,,,,,,,,,,,,,,,,,,,,,,,,,,,,,,,,,,,,,,,,,,,,,,,,,,,,,,,,,,,,,,,,,,,,,,,20,4,1478,,,,32,3,331,,,,,,,,,,,,,,,,,,,,,,52,5,2537,,,,,,,,,,,,,,,,,,,,,,,,,,,,,,,,,,,,,,,,,,,,,,,,,,,,122,11,2395,,,,,,,,,,,,,,,,,,,,,,,,,,,,,,,,,,,,,,,,,,,,,,,,,,,,,,,,,,,,,,,,,,,,,,,,,,,,,,,,,,,,,85,12,1413,132,5,1182,,,,,,,6,3,186,,,,,,,,,,,,,,,,,,,32,3,1810,,,,,,,,,,,,,,,,,,,15,3,350,,,,,,,,,,,,,,,,,,,45,13,687,,,,,,,,,,,,,,,,,,,,,,,,,,,,11,3,28,,,,,,
54061,Monongalia County,106,-80.03,39.64,948.14,3.81,1.16,12,6,425,,,,21,4,3966,,,,,,,137,3,7360,,,,114,11,10514,,,,,,,,,,,,,250,4,30853,313,5,34410,,,,159,35,6660,16,6,969,112,42,3610,,,,317,12,18020,,,,,,,,,,5,4,272,14,3,1500,,,,4,3,83,,,,,,,,,,33,7,1780,,,,,,,220,21,13040,232,24,10042,,,,105,4,2987,23,5,1598,,,,30,8,1271,,,,344,22,22644,26,3,981,,,,14,3,216,,,,19,3,406,,,,64,3,3152,,,,,,,,,,,,,,,,,,,,,,,,,,,,,,,,,,,,,121,4,5923,,,,107,3,5493,58,4,3556,,,,,,,,,,,,,,,,,,,,,,,,,,,,,,,,,,,,,,,,,,,23,3,2433,,,,,,,19,4,1357,8,3,182,,,,,,,3,3,170,,,,33,4,1451,,,,,,,,,,,,,,,,,,,309,3,42515,,,,23,3,1429,,,,66,4,3438,,,,,,,,,,424,12,22995,34,5,1697,,,,49,3,2250,116,12,3403,98,10,3457,94,10,4390,38,4,2211,48,3,998,,,,67,5,1961,551,4,15861,,,,24,6,715,69,12,4373,,,,69,7,1668,757,12,18969,31,4,527,,,,,,,30,4,652,269,19,9091,47,4,1227,16,5,857,24,3,369,70,5,3750,551,42,12513,36,4,840,,,,95,13,1168,,,,227,9,3164,,,,26,8,449,67,8,883,43,7,1528,183,10,3648,81,4,1694,,,,,,,105,9,2146,,,,934,4,26407,185,20,3395,21,4,283,,,,69,9,908,166,9,2091,,,,54,4,3618,23,6,577,17,8,519,31,8,2302,,,,,,,16,5,449,11,5,425,,,,,,,124,25,6004,,,,,,,,,,52,5,2079,,,,2,3,489,117,3,3157,,,,,,,,,,,,,,,,,,,,,,,,,,,,140,17,9571,52,6,4019,,,,,,,,,,,,,418,49,30294,,,,55,7,1889,13,3,682,7,3,263,,,,,,,12,3,1817,,,,24,9,2807,9,6,529,,,,,,,,,,141,34,8241,3,3,282,194,50,6118,88,17,3729,9,3,129,20,8,801,58,29,3219,143,14,5931,,,,,,,2,3,169,29,4,873,7,3,269,,,,,,,,,,,,,,,,355,62,29249,,,,118,16,6371,45,6,464,7,4,187,46,4,2615,664,25,54506,,,,,,,,,,,,,21,5,291,267,9,26004,212,13,19989,,,,79,14,12735,28,7,1678,,,,4,3,246,66,8,2975,12,5,835,543,11,33761,33,6,914,,,,241,9,10601,,,,,,,657,19,68145,142,10,7576,20,5,834,384,11,8010,,,,,,,,,,,,,,,,,,,,,,,,,,,,351,3,11762,16,4,787,29,3,1722,253,27,4670,83,31,2705,,,,,,,,,,,,,,,,204,6,5725,,,,,,,9,3,830,,,,,,,11,5,142,,,,,,,,,,12,3,159,4097,75,446379,,,,330,34,14378,49,8,1624,65,5,2402,47,13,1878,212,21,9672,,,,24,6,1930,,,,204,8,8049,658,7,41257,25,3,1672,360,4,64310,,,,,,,461,13,20371,,,,,,,,,,631,5,30193,108,8,2727,50,3,1859,,,,,,,48,6,1437,59,10,1942,346,7,6231,54,8,2361,,,,,,,,,,,,,81,5,1992,406,22,8346,,,,,,,,,,,,,,,,,,,115,16,1832,27,5,1140,,,,188,22,2768,,,,31,7,459,390,25,9893,,,,,,,,,,,,,9,6,176,161,29,3290,2,3,131,4,3,10,220,27,4653,2344,96,48289,2125,124,35455,,,,358,22,4390,83,24,3063,,,,95,8,4771,9,3,531,,,,52,3,869,,,,35,8,1612,,,,,,,251,28,6529,6,4,87,,,,59,10,1350,44,6,1375,13,3,496,,,,17,3,394,42,7,828,,,,20,4,672,369,64,7851,142,4,12434,,,,12,3,531,17,3,540,8,5,286,,,,37,11,522,,,,,,,59,9,884,,,,,,
54063,Monroe County,12,-90.18,38.27,1226.68,0.0,0.0,27,7,1086,,,,,,,,,,,,,,,,,,,,,,,,,,,,,,,,,,,,,,,,,,,17,4,1129,,,,,,,,,,,,,,,,,,,,,,,,,,,,,,,,,,,,,12,4,319,,,,,,,,,,,,,6,4,233,11,5,494,,,,,,,,,,,,,,,,,,,18,4,696,,,,,,,,,,,,,,,,,,,,,,,,,,,,,,,,,,,,,,,,,,,,,,,,,,,,,,,,,,,,,,,,,,,,,,,,,,,,,,,,,,,,,,,,,,,,,,,,,,,,,,,,,,,,,,,,,,,,,,,,,,,,,,,,,,,,,,,,,,,,,,,,,,,,,,,,,,,,,,,,,,,,,,,,,,,,,,,,,,,,,,,,,,,,,,,,,,,,,,,,,,,,,,,,,,,,,,,,,,,,,,,,,,,,,,,,,,,,,,,,,,,,,,,,,,,,,,,,,,,,,,,,,22,5,454,,,,,,,,,,,,,,,,,,,,,,,,,,,,,,,,,,,,,,,,,,,,,,,,,16,4,397,,,,,,,,,,,,,,,,,,,,,,,,,,,,,,,,,,,,,,,,,,,,,,22,3,968,,,,,,,,,,,,,,,,,,,,,,,,,,,,,,,,,,,,,,,,,,,,,,,,,,,,,,,,,,,,,,,,,,,,,,,,,,,,,,,,,,,,,,,,,,,,,,,,,,,,,,,,,,,,,5,3,245,,,,,,,,,,,,,,,,,,,,,,,,,,,,,,,,,,,,,,,,,,,,,,,,,,,,,,,,,,,,,,,,,,,,,,,,,,,,,,,,,,,,,,,,,,,,,,,,,,,,,,,,,,,,,,,,,,,,,,,,,,,,23,3,621,,,,,,,,,,,,,,,,,,,,,,,,,,,,,,,,,,,,,,,,,,,,,,,,,,,,,,,,,,,,,,,,,,,,,,,,,,,,,,,,,,,,,,,,,,,,,,,,,,,,,,,,,,,,,,,,,,,24,3,919,,,,,,,,,,,,,,,,,,,,,,,,,,,,,,,,,,,,,,,,,,,,,,,,,,,,,,,,,,,,,,,,,,,,,,,,,,,,5,4,129,,,,,,,,,,,,,,,,6,3,201,,,,,,,,,,,,,,,,,,,,,,,,,,,,,,,,,,,,,,,,,,,,,,,,,,,,,,,,,,,,,,,,,,,70,10,988,,,,,,,,,,,,,,,,,,,,,,,,,,,,,,,,,,,,,,,,,,,,,,,,,,,,,,,,,,,,,,,,,,,,,,,,,31,14,396,,,,,,,,,,,,,,,,,,,,,,,,,,,,,,,,,,,,
54067,Nicholas County,25,-84.02,38.33,1694.96,0.0,0.0,72,26,2382,,,,,,,,,,,,,,,,,,,,,,43,4,2499,,,,,,,,,,,,,,,,,,,25,9,648,,,,4,3,113,,,,,,,,,,,,,,,,,,,,,,,,,,,,,,,,,,,,,15,5,678,,,,,,,30,7,1524,36,9,1779,,,,,,,,,,,,,,,,,,,37,12,1290,,,,,,,,,,,,,57,4,2797,,,,,,,,,,,,,,,,,,,,,,,,,,,,,,,,,,,,,,,,,,,8,3,294,,,,,,,,,,,,,,,,,,,,,,,,,,,,,,,,,,,,,,,,,,,,,,,,,,,,,,,,,,,,,,,,,,,,,,,,,,,,,,,,,,,,,,,,,,,,,,,,,,,,,,,,,,,,,,,,,,,,,,,,,,,,135,3,8247,9,4,278,,,,,,,50,5,1582,,,,,,,,,,,,,,,,,,,,,,,,,,,,,,,,,,,,,144,5,2272,,,,,,,,,,,,,111,9,5290,,,,,,,,,,,,,192,14,3861,,,,,,,,,,,,,,,,,,,,,,,,,,,,6,3,138,,,,,,,,,,,,,,,,,,,106,12,1839,,,,,,,,,,,,,,,,,,,9,3,261,,,,,,,,,,25,3,684,7,3,117,15,6,534,23,4,843,,,,128,21,6669,,,,,,,,,,,,,,,,,,,,,,,,,,,,,,,,,,,,,,,,,,,,,,,,,25,4,1978,,,,,,,,,,,,,,,,64,9,2315,,,,,,,,,,,,,,,,,,,,,,,,,,,,,,,,,,,,,,,,42,12,1337,,,,8,4,201,,,,,,,,,,,,,,,,,,,,,,,,,,,,,,,,,,,,,,,,,,,,,,18,10,560,,,,,,,,,,5,4,199,,,,4,4,130,,,,,,,,,,,,,,,,,,,,,,,,,,,,,,,,,,,,,,,,,,,,,,,,,,,,,,,,,,,,,,,,,,,,,,,,,,,,,,,,,,,,,,,,,,,,,,,,,,,,,,,,,,,,,,,,5,3,122,,,,,,,,,,,,,,,,,,,,,,,,,,,,,,,,,,,,,,,,,,,,,,,,,33,9,1581,,,,55,6,2379,,,,,,,,,,12,3,626,,,,,,,,,,,,,,,,,,,48,7,2940,,,,,,,,,,,,,,,,,,,,,,,,,,,,,,,,,,,,,,,,31,3,917,123,3,2297,,,,,,,,,,,,,,,,79,3,1499,,,,,,,,,,,,,,,,,,,19,4,415,,,,,,,,,,,,,,,,92,10,1883,,,,,,,13,3,373,,,,,,,,,,,,,,,,7,4,125,292,24,5167,316,17,4557,,,,,,,33,9,876,,,,,,,,,,,,,,,,,,,17,4,771,,,,,,,7,3,208,,,,,,,,,,9,3,329,,,,,,,,,,,,,,,,,,,108,26,1554,,,,,,,,,,,,,,,,,,,,,,,,,,,,,,,,,,,,
54069,Ohio County,42,-86.86,37.48,282.05,2.38,0.97,,,,,,,,,,,,,,,,,,,,,,,,,,,,,,,,,,,,,57,4,5559,,,,,,,16,3,544,,,,40,9,1527,,,,,,,,,,,,,,,,,,,,,,,,,,,,,,,,,,,,,118,6,5161,,,,,,,97,5,4962,128,6,8253,,,,,,,17,4,1710,,,,,,,,,,,,,21,5,2341,,,,,,,,,,,,,,,,31,6,1033,,,,,,,,,,,,,,,,,,,,,,,,,,,,,,,,,,,,,31,3,1424,,,,,,,,,,,,,,,,,,,,,,,,,,,,,,,,,,,,,,,,,,,136,4,7536,25,4,1469,,,,,,,,,,,,,77,8,3897,,,,,,,,,,,,,,,,31,5,2416,29,5,1861,,,,,,,,,,,,,,,,,,,,,,,,,,,,,,,,,,,,,,,,311,7,19097,4,3,137,,,,,,,47,4,1230,48,5,2241,9,3,383,32,5,1845,31,5,478,,,,42,4,1439,,,,11,3,325,,,,32,5,2023,,,,24,3,567,361,9,9154,18,4,373,,,,,,,11,3,325,97,8,4933,,,,,,,,,,18,3,831,190,17,5132,,,,,,,22,4,234,,,,78,3,1144,,,,,,,,,,13,4,382,199,6,8192,,,,,,,,,,,,,,,,,,,59,9,1405,12,3,192,9,3,315,13,4,186,19,4,183,,,,,,,124,11,2684,10,5,525,1,3,64,,,,,,,73,3,6235,,,,,,,,,,27,6,3245,,,,,,,,,,,,,,,,,,,,,,,,,,,,,,,,,,,,,,,,,,,,,,,,,58,7,3573,214,5,9465,,,,,,,,,,,,,705,20,45003,,,,20,7,529,,,,,,,,,,,,,,,,,,,26,5,3385,39,4,6308,,,,566,3,31673,,,,145,20,8276,,,,71,13,1591,46,12,1901,,,,11,3,173,31,11,1300,51,5,1873,,,,,,,,,,,,,,,,,,,,,,,,,,,,,,,425,54,60897,,,,111,17,7468,43,9,830,271,7,13706,20,4,1474,9,3,699,,,,,,,47,5,2163,,,,,,,106,3,9555,,,,,,,,,,,,,,,,,,,,,,,,,,,,46,3,2601,,,,109,7,4086,,,,,,,329,14,45055,183,11,10865,,,,227,5,11993,,,,,,,,,,,,,,,,,,,,,,10,3,881,,,,98,3,742,,,,,,,366,6,8606,14,6,1465,,,,,,,,,,,,,,,,272,7,8510,,,,,,,,,,14,4,754,,,,32,3,489,,,,,,,,,,,,,528,59,57070,20,3,1060,185,25,7875,,,,49,3,1822,7,5,192,72,7,3323,,,,,,,,,,96,5,3988,49,3,2283,36,4,2342,,,,,,,,,,40,3,2279,,,,,,,2344,4,157271,654,3,26099,163,16,4113,80,3,2191,,,,131,5,3193,176,9,4689,71,8,2059,613,14,14137,134,10,3405,,,,35,3,659,,,,,,,167,3,1609,158,12,3874,,,,,,,34,5,990,,,,,,,,,,119,14,4750,,,,,,,164,4,2444,,,,,,,217,14,7509,,,,,,,,,,,,,,,,112,6,2237,,,,,,,86,15,1677,1089,38,21259,799,47,13077,,,,41,7,586,45,10,1481,,,,,,,8,4,304,,,,24,3,417,,,,97,4,8510,,,,,,,104,16,2495,2,3,97,,,,,,,96,9,2435,26,4,718,14,3,144,9,4,116,,,,3,3,24,,,,399,46,11752,12,6,1039,,,,,,,,,,,,,,,,106,16,2043,,,,,,,92,19,2233,,,,,,
54073,Pleasants County,8,-81.15,39.37,348.52,0.0,0.0,,,,,,,,,,,,,,,,,,,,,,,,,,,,,,,,,,,,,,,,,,,,,,,,,,,,1,3,76,,,,,,,,,,,,,,,,,,,,,,,,,,,,,,,,,,,,,,,,,,,,,,,,,,,,,,,,,,,,,,,,,,,,,,,,,,,,,,,,,,,,,,,,,,,,,,,,,,,,,,,,,,85,3,8634,,,,,,,,,,,,,,,,,,,,,,,,,,,,,,,,,,,,,,,,,,,,,,,,,,,,,,,,,,,,,,,,,,,,,,,,,,,,,,,,,,,,,,,,,,,,,,,,,,,,,,,,,,,,,,,,,,,,,,,,,,,,,,,,,,,,,,,,,,,,,,,,,,,,,,,,,,,,,,,,,,,,,,,,,,,,,,,,,,,,,,,,,,,,,,,,,,,,,,,,,,,,,,,,,,,,,,,,,,,,,,,,,,,,,18,3,505,,,,,,,,,,,,,,,,,,,,,,,,,,,,,,,,,,,,,,,,,,,,,,,,,,,,,,,,,,,,,,,,,,,,,,,,,,,,,,,,,,,,,,,,,,,,,,,,,,,,,,,,,,,,,,,,,,,,,,,,,,,,,,,,,,,,,,,,,,,,,,,,,,,,,,,,,,,,,,,,,,,,,,31,5,1096,,,,,,,,,,,,,,,,,,,,,,,,,,,,,,,,,,,,,,,,15,3,700,,,,,,,,,,,,,,,,,,,,,,,,,,,,,,,,,,,,,,,,,,,,,,,,,,,,,,,,,,,,,,,,,,,,,,,,,,,,,,,,,,,,,,,,,,,,,,,,,,,,,,,,,,,,,,,,,,,,,,,,,,,,,,,,,,,,,,,,,,,,,,,,,,,,,,,,,,,,,,,,,,,,,,,,,,,,,,,,,,,,,,,,,,,,,,,,,,,,,,,,,,,,,,,,,,,,,,,,,,,,,,,,,,,,,,,,,,,,,,,,,21,3,437,,,,,,,,,,,,,,,,,,,,,,,,,,,,,,,,,,,,,,,,,,,,,,,,,,,,,,,,,,,,,,,,,,,16,8,434,,,,,,,,,,,,,,,,,,,,,,,,,4,3,85,,,,,,,,,,,,,,,,,,,,,,,,,,,,,,,,,,,,,,,,,,,,,,,,,,,,,,,,,,,,,,,,,,,11,3,465,107,5,1439,,,,,,,,,,,,,,,,,,,,,,,,,,,,,,,,,,,,,,,,,,,,,,,,,,,,,,,,,,,,,,,,,,,,,,17,7,288,,,,,,,,,,,,,,,,,,,12,4,188,,,,,,,,,,,,,,,
54071,Pendleton County,6,-84.37,38.69,1807.91,0.0,0.0,4,3,33,,,,,,,,,,,,,,,,,,,,,,,,,,,,,,,,,,,,,,,,,,,4,3,130,,,,2,3,89,,,,,,,,,,,,,,,,,,,,,,,,,,,,,,,,,,,,,,,,,,,,,,,,,12,4,449,,,,,,,,,,,,,,,,,,,2,6,186,5,4,141,,,,,,,,,,,,,,,,,,,,,,,,,,,,,,,,,,,,,,,,,,,,,,,,,,,,,,,,,,,,,,,,,,,,,,,,,,,,,,,,,,,,,,,,,,,,,,,,,,,,,,,,,,,,,,,,,,,,,,,,,,,,,,,,,,,,,,,,,,,,,,,,,,,,,,,,,,,,,,,,,,,,,,,,,,,,,,,,,,,,,,,,,,,,,,,,,,,,,,,,,,,,,,,,,,,,,,,,,,,,,,,,,,,,,,,,,,,,,,,,,,,,,,,,,,,,,,,,,,,,,,45,7,697,,,,,,,,,,,,,,,,,,,,,,,,,,,,,,,,,,,,,,,,,,,,,,,,,33,3,371,,,,,,,,,,,,,,,,,,,,,,,,,,,,,,,,,,,,,,,,83,4,3659,,,,,,,,,,,,,,,,,,,,,,,,,,,,,,,,,,,,,,,,,,,,,,,,,,,,,,,,,,,,,,,,,,,,,,,,,55,3,2903,,,,,,,,,,,,,,,,,,,,,,,,,,,,,,,,,,,,,,,,,,,,,,,,,,,,,,,,,,,,,,,,,,,,,,,,,,,,,,,,,,,,,,,,,,,,,,7,3,115,,,,,,,,,,,,,,,,,,,,,,,,,,,,,,,,,,,,,,,,,,,,,,,,,,,,,,,,,,,,,,,,,,,,,,,,,,,,,,,,,,,,,,,,,,,,,,,,,,,,,,,,,,,,,,,,,,,,,,,,,,,,,,,,,,,,,,,,,,,,,,,,,,,,,,,,,,,,,,,,,,,,,,,,,,,,,,,,,,,,,,,,,,,17,4,541,,,,,,,,,,,,,,,,,,,,,,,,,,,,,,,,,,,,,,,,,,,,,,,,,,,,,,,,,,,,,,,,,,,,,,,,,,,,,,,,,,,,,,,,,,,,,,,,,,,,,,,,,,,,,,,,,,,,,,,,,,,,,,,,,,,,,,,,,,,,,,,,,,,,,,,,,,,,,,,,,,,47,5,540,13,4,303,,,,,,,4,3,136,,,,,,,,,,,,,,,,,,,,,,,,,,,,,,,,,,,,,,,,,,,,,,,,,,,,,,,,,,,,,12,7,161,,,,,,,,,,,,,,,,,,,,,,,,,,,,,,,,,,,,
54075,Pocahontas County,8,-94.65,42.73,2439.18,0.0,0.0,42,12,926,,,,,,,,,,,,,,,,,,,,,,,,,,,,,,,,,,,,,,,,,,,30,12,944,,,,26,7,805,,,,,,,,,,,,,,,,,,,,,,,,,,,,,,,,,,,,,,,,,,,,,,,,,,,,,,,,,,,,,,,,,,,,,,16,7,966,,,,,,,,,,,,,205,3,7548,,,,,,,,,,,,,,,,,,,,,,,,,,,,,,,,,,,,,,,,,,,,,,,,,,,,,,,,,,,,,,,,,,,,,,,,,,,,,,,,,,,,,,,,,,,,,,,,,,,,,,,,,,,,,,,,,,,,,,,,,,,,,,,,,,,,,,,,,,,,,,,,,,,,,,,,,,,,,,,,,,,,,,,,,,,,,,,,,,,,,,,,,,,,,,,,,,,,,,,,,,,,,,,,,,,,,,,,,,,,65,4,521,,,,,,,,,,,,,,,,,,,,,,,,,,,,78,8,1410,,,,,,,,,,,,,,,,,,,,,,,,,,,,40,5,738,,,,,,,,,,,,,,,,,,,27,3,477,,,,,,,,,,,,,,,,,,,,,,,,,,,,,,,,,,,,,,,,,,,,,,40,8,1683,,,,,,,,,,,,,,,,,,,,,,,,,,,,,,,,,,,,,,,,,,,,,,,,,,,,,,,,,,,,,,,,,,,28,5,1197,,,,,,,,,,,,,,,,,,,,,,,,,,,,,,,,,,,,,,,,14,5,276,,,,,,,,,,,,,,,,6,3,221,,,,,,,,,,,,,,,,,,,,,,,,,,,,,,,,,,,,,,,,,,,,,,,,,,,,,,,,,,,,,,,,,,,,,,,,,,,,,,,,,,,,,,,,,,,,,,,,,,,,,,,,,,,,,,,,,,,,,,,,,,,,,,,,,,,,,,,,,,,,,,,,,,,,,,,,,,,,,,,,,,,,,,1,3,34,,,,,,,,,,,,,,,,,,,,,,,,,,,,,,,,,,,,,,,,,,,,,,,,,7,3,298,,,,,,,,,,,,,,,,7,3,208,,,,,,,,,,,,,,,,,,,30,3,925,,,,,,,,,,,,,,,,,,,62,3,1604,,,,,,,,,,,,,,,,,,,,,,9,3,205,,,,,,,,,,,,,,,,,,,,,,,,,,,,,,,,,,,,,,,,,,,,,,,,,,,,,,,954,4,21612,,,,,,,,,,,,,,,,,,,,,,,,,,,,99,9,1802,33,3,467,,,,,,,7,4,237,,,,,,,,,,,,,,,,,,,,,,,,,,,,,,,,,,,,,,,,,,,,,,,,,,,,,,,,,,,,,6,6,197,,,,,,,,,,,,,,,,,,,,,,,,,,,,,,,,,,69,7,1686
54077,Preston County,34,-79.69,39.46,1687.03,0.0,0.0,11,3,468,,,,,,,,,,,,,,,,,,,,,,,,,,,,,,,,,,,,,,,,,,,48,19,1607,,,,18,11,572,,,,6,3,452,,,,,,,,,,,,,,,,,,,,,,,,,,,,,,,,,,,,,,,,26,5,1073,37,10,1388,,,,,,,,,,,,,,,,,,,344,18,21910,,,,,,,,,,,,,90,4,2911,,,,,,,,,,,,,,,,,,,,,,,,,,,,,,,,,,,,,,,,,,,,,,,,,,,,,,,,,,,,,,,,,,,,,,,,,,,,,,,,,,,,,,,,,,,,,,,,,,,,,,,,,,,,,,,,,,,,,,,,,,,,,,,,,,,,,,,,,,,,,,,,,,,,,,,,,,,,,,,,,,,,,,,,,,,,,,,,,,,,,42,6,1504,,,,,,,,,,,,,,,,,,,,,,,,,,,,,,,,,,29,4,821,89,4,1872,,,,,,,,,,,,,55,6,1497,,,,,,,,,,,,,197,24,3226,,,,,,,,,,,,,,,,,,,,,,,,,,,,,,,,,,,,,,,,,,,,,,,,,114,10,2478,,,,,,,,,,,,,,,,,,,9,3,164,,,,,,,,,,17,3,476,,,,25,5,1099,15,5,705,,,,131,24,6136,,,,,,,,,,,,,,,,,,,,,,,,,,,,,,,,,,,,,,,,,,,8,3,142,,,,46,9,3017,,,,,,,,,,,,,,,,109,8,6756,,,,,,,,,,,,,,,,,,,,,,,,,,,,,,,,,,,,,,,,33,8,1396,,,,4,4,102,1,3,44,,,,,,,36,5,1812,,,,,,,,,,,,,,,,,,,,,,,,,,,,,,,,,,17,7,998,,,,38,7,1468,,,,,,,,,,,,,,,,,,,,,,,,,,,,,,,,,,,,,,,,,,,,,,,,,,,,,,,,,,,,,,,,,,,,,,,,,,,,,,,,,,,,,,,,,,,,,,,,,,,,,,,,,,,,,,,,,,,,,,,,,,,,564,6,24464,,,,29,5,683,,,,,,,,,,,,,,,,,,,,,,,,,,,,,,,,,,,,,,,,,,,43,7,2327,,,,34,6,1455,,,,,,,,,,,,,,,,,,,,,,,,,,,,,,,40,5,2027,,,,,,,,,,53,4,1001,,,,,,,,,,38,6,934,,,,,,,,,,,,,,,,126,3,2284,,,,,,,,,,,,,,,,,,,40,6,746,,,,,,,,,,,,,,,,,,,,,,,,,,,,,,,,,,,,,24,3,378,,,,,,,,,,,,,,,,,,,,,,,,,,,,86,11,1692,133,11,2180,,,,,,,51,13,1549,,,,21,3,849,,,,,,,,,,,,,,,,,,,,,,,,,,,,,,,,,,,,,,,,,,,,,,,,,,,,,,,38,20,568,,,,,,,,,,,,,,,,,,,17,4,234,,,,,,,,,,,,,,,
54087,Roane County,14,-84.52,35.85,1252.84,0.0,0.0,,,,31,11,834,11,4,406,,,,,,,,,,,,,75,14,3232,,,,,,,,,,,,,,,,,,,,,,,,,,,,12,5,330,,,,,,,,,,,,,,,,,,,,,,,,,,,,,,,,,,,,,,,,,,,,,,,,,,,,,,,,,,,,,,,,,,,,,,39,10,1939,,,,,,,,,,,,,,,,,,,,,,,,,,,,,,,,,,,,,,,,,,,,,,,,,,,,,,,,,,,,,,,,,,,,,,,,,,,,,,,,,,,,,,,,,,,,,,,,,,,,,,,,,,,,,,,,,,,,,,,,,,,,,,,,,,,,,,,,,,,,,,,,,,,,,,,,,,,,,,,,,,,,,,,,,,,,,,,,,,,,,,,,,,,9,3,200,,,,,,,,,,,,,,,,,,,,,,,,,,,,,,,,,,,,,,,,,,,27,4,830,,,,,,,,,,,,,,,,27,3,1292,,,,,,,,,,,,,40,5,788,,,,,,,,,,,,,,,,,,,,,,,,,,,,,,,,,,,,,,,,,,,,,,,,,,,,,,,,,,,,,,,,,,,,,,,,,,,,,,,,,,,,,,,,,,,,,,,,,,,,,,,,,,,,,,,,,,,,,,,,,,,,,,,,,,,,,,,,,,,,,,,,,,,,,,,,,,,,,,,,,,,,,,79,7,3902,,,,,,,,,,,,,,,,,,,,,,,,,,,,,,,,,,,,,,,,10,6,330,,,,,,,,,,,,,,,,,,,,,,,,,,,,,,,,,,,,,,,,,,,,,,,,,,,,7,3,198,,,,,,,,,,14,3,660,,,,,,,,,,,,,,,,,,,,,,,,,,,,,,,,,,,,,,,,,,,,,,,,,,,,,,,,,,,,,,,,,,,,,,,,,,,,,,,,,,,,,,,,,,,,,,,,,,,,,,,,,,,,,,,,,,,,,,3,3,66,,,,,,,,,,,,,,,,,,,,,,,,,,,,,,,,,,,,,,,,,,,,,,,,,,,,,,,,,,,,,,,,,,,,,,,,,,,,,,,,,,,,,,,,,,,,,,,,,,,,,,,,,,,,,,,,,,,,,,,,,,,,,,,,,,,,,,,,,,,,,,,,,,,,,,,32,7,533,,,,,,,,,,,,,,,,,,,,,,,,,,,,,,,,,,,,,,,,,,,,,,,,,,,,,,,,,,,,,,,,,,,24,3,345,139,6,2449,,,,,,,13,4,344,,,,,,,,,,,,,,,,,,,,,,,,,,,,,,,,,,,,,,,,,,,,,,,,,,,,,,,,,,,,,17,9,263,,,,,,,,,,,,,,,,,,,,,,,,,,,,,,,,,,,,
54079,Putnam County,57,-89.27,41.2,907.69,1.92,0.13,,,,,,,,,,,,,,,,,,,,,,,,,,,,,,,218,3,28257,,,,10,3,478,,,,,,,58,19,2009,24,6,1138,90,17,4349,,,,106,12,7757,,,,76,3,19382,,,,,,,470,3,43764,,,,,,,33,3,1637,10,4,193,,,,102,7,7215,,,,,,,288,13,21855,196,20,11708,,,,,,,59,7,3455,,,,32,6,1405,,,,116,9,9749,102,6,5648,,,,,,,,,,,,,,,,,,,,,,,,,,,,,,,,,,,,,,,,,,,54,3,2370,25,4,1210,,,,,,,,,,,,,,,,,,,,,,,,,,,,,,,,,,,,,56,4,2913,,,,,,,,,,,,,,,,,,,,,,,,,,,,,,,72,5,5091,,,,23,3,1493,,,,53,5,2676,,,,294,14,20637,54,6,2879,,,,,,,44,3,2572,,,,,,,,,,335,3,34071,8,3,389,,,,,,,,,,,,,50,5,2664,200,5,12029,7,3,283,,,,,,,64,10,1743,23,4,705,,,,11,3,490,,,,,,,,,,,,,,,,,,,23,5,1285,,,,24,3,593,349,11,7877,,,,9,3,206,,,,,,,138,14,4877,,,,,,,,,,,,,314,31,7176,109,4,2771,,,,,,,,,,,,,,,,,,,,,,,,,59,4,960,,,,,,,,,,,,,,,,,,,107,11,1628,6,3,139,,,,,,,25,3,686,,,,,,,,,,14,3,359,2,3,66,,,,,,,45,5,1676,98,6,6186,126,9,8074,69,3,4984,16,7,770,26,3,215,,,,,,,,,,,,,34,5,2805,16,3,459,,,,212,6,10304,,,,,,,,,,,,,,,,,,,,,,161,13,13328,108,8,7438,,,,,,,,,,,,,197,20,11420,,,,16,5,651,,,,26,5,3119,,,,,,,,,,,,,22,5,3172,7,5,205,,,,,,,35,3,2329,79,25,4295,,,,11,6,184,30,10,1058,11,5,220,8,4,297,23,13,1075,,,,,,,,,,,,,,,,,,,8,3,486,,,,43,3,3776,24,4,1318,,,,71,23,4090,,,,16,6,987,,,,,,,,,,304,19,22157,10,5,614,,,,18,4,1331,,,,,,,,,,54,3,2921,,,,5,4,295,12,3,440,,,,,,,91,6,4553,6,3,603,,,,,,,,,,51,4,2280,,,,,,,100,15,6216,,,,,,,431,7,9240,,,,,,,,,,,,,,,,,,,,,,,,,,,,,,,17,4,1041,,,,129,7,4632,103,25,4248,,,,,,,,,,55,3,2370,,,,,,,,,,,,,,,,,,,,,,18,4,220,,,,,,,,,,,,,299,26,37379,,,,242,20,12526,,,,25,3,1022,,,,226,12,8440,,,,,,,,,,,,,,,,30,3,2921,207,10,13906,16,4,509,,,,,,,,,,,,,,,,200,3,6797,,,,,,,,,,139,6,3679,,,,,,,309,6,8205,,,,,,,,,,,,,,,,25,3,327,86,13,1536,,,,,,,,,,,,,,,,,,,46,8,1312,,,,,,,127,4,1466,,,,,,,84,6,1896,,,,,,,,,,,,,,,,43,4,845,,,,,,,21,4,584,464,24,9273,1149,56,17790,,,,,,,34,11,1457,,,,17,4,844,,,,,,,,,,,,,,,,,,,,,,39,7,803,,,,,,,,,,32,5,1407,,,,,,,,,,24,5,486,,,,,,,318,43,7195,,,,,,,,,,,,,,,,,,,3,3,221,15,4,808,,,,15,3,1090,,,,,,
54081,Raleigh County,75,-81.23,37.75,1578.28,1.64,0.09,11,3,663,,,,,,,12,3,1545,897,5,75658,,,,,,,,,,,,,,,,,,,,,,62,3,6223,,,,74,3,3215,71,27,2515,,,,64,18,2342,,,,77,9,5232,,,,,,,36,3,3246,,,,370,4,20720,99,3,4640,8,4,178,,,,,,,,,,,,,,,,,,,46,15,1995,66,13,2078,,,,,,,,,,,,,10,3,176,,,,420,16,21403,11,3,633,,,,,,,,,,18,3,936,,,,5,3,122,,,,,,,,,,,,,,,,,,,,,,,,,,,,,,,,,,,,,,,,,,,,,,156,6,9590,,,,,,,,,,,,,,,,,,,,,,,,,,,,,,,,,,,,,,,,,,,,,,,,,71,3,3375,,,,,,,,,,14,4,711,238,15,15324,13,3,812,59,10,3621,35,5,1673,,,,,,,32,3,1520,18,4,984,,,,,,,139,4,7613,,,,13,3,880,,,,,,,,,,,,,351,10,21028,52,8,2536,,,,35,3,1117,188,17,4370,19,4,1017,26,5,1385,,,,,,,,,,9,3,403,,,,,,,,,,70,10,2995,,,,,,,511,14,12087,18,6,282,,,,,,,19,3,445,331,35,14185,69,4,1176,,,,,,,20,5,753,623,40,12772,,,,,,,53,6,507,,,,160,8,2250,,,,34,6,446,57,6,845,30,5,989,100,7,1970,46,4,1222,,,,,,,,,,149,3,2505,691,3,22356,182,22,3452,,,,,,,50,7,814,27,3,512,,,,,,,25,5,613,21,5,979,26,7,528,,,,19,4,767,,,,80,8,2883,75,7,4812,,,,57,14,2768,,,,,,,,,,32,5,1435,,,,,,,278,8,11780,,,,27,3,1124,,,,,,,,,,,,,,,,,,,,,,145,11,10340,30,9,1938,,,,,,,,,,,,,244,29,12922,,,,12,3,776,13,4,941,,,,,,,,,,,,,,,,,,,,,,,,,,,,,,,200,30,5944,,,,45,21,1565,31,5,914,16,5,288,,,,8,6,584,36,4,1651,,,,9,6,275,,,,21,3,586,,,,12,3,555,18,4,919,,,,,,,,,,142,32,6958,,,,67,14,3747,48,7,510,31,8,889,,,,141,11,9232,,,,,,,219,6,9204,6,3,156,,,,2,3,34,,,,,,,8,5,16079,,,,,,,,,,,,,,,,,,,,,,,,,37,4,2242,,,,27,5,2363,112,12,12149,53,6,2818,,,,9,3,422,123,3,5040,,,,,,,,,,,,,,,,,,,,,,,,,,,,,,,39,6,1771,176,11,2855,94,19,3282,12,3,250,,,,,,,,,,,,,30,3,660,,,,,,,,,,,,,,,,,,,,,,,,,,,,,,,825,86,70113,,,,236,29,11231,33,5,935,25,5,825,123,8,3541,105,13,4942,,,,48,17,2167,,,,279,9,11289,,,,62,5,3291,56,7,2490,19,6,613,46,3,2757,344,8,12433,188,4,8536,8,3,416,2119,3,133805,374,6,13271,409,28,9222,25,3,799,,,,,,,,,,116,7,4392,702,6,12724,21,4,553,,,,50,4,1898,,,,,,,25,3,493,212,13,4691,,,,,,,,,,,,,,,,,,,58,13,1158,,,,,,,57,4,757,,,,10,4,235,460,18,11097,,,,,,,,,,,,,,,,53,5,1414,,,,,,,21,4,406,1174,38,22037,1035,55,19563,12,3,333,71,5,906,56,20,2250,,,,76,8,3784,,,,,,,,,,,,,113,8,5557,7,3,279,,,,38,11,1048,8,4,189,,,,,,,39,5,2196,,,,17,3,255,,,,,,,,,,,,,260,61,5559,,,,,,,,,,,,,21,3,172,,,,17,5,287,,,,,,,39,6,102,,,,,,
54083,Randolph County,28,-89.81,38.05,2693.5,1.83,0.02,43,13,1520,,,,,,,,,,,,,,,,,,,,,,,,,,,,,,,,,,,,,,,,,,,31,13,933,,,,28,8,789,,,,11,3,409,,,,,,,,,,,,,,,,,,,,,,,,,,,,,,,,,,,,,,,,38,6,2018,25,5,908,,,,,,,,,,,,,,,,,,,28,6,1387,8,3,511,,,,,,,,,,209,8,8419,,,,,,,,,,,,,,,,,,,,,,,,,,,,,,,,,,,,,,,,,,,6,3,254,,,,,,,,,,,,,,,,,,,,,,,,,,,,,,,,,,48,3,1455,,,,,,,,,,,,,,,,,,,,,,,,,,,,,,,,,,,,,,,,,,,,,,,,,,,,,,,,,,,,,,,,,,,,,,,,,,,,,,,,,,,,,,,,58,3,3621,,,,33,3,1904,,,,40,7,1251,,,,34,5,1434,20,3,841,,,,,,,,,,,,,,,,31,4,1015,37,3,1590,,,,24,3,623,141,3,3561,,,,,,,,,,,,,61,5,2683,,,,,,,,,,,,,141,15,3077,,,,,,,,,,,,,,,,,,,,,,,,,,,,25,3,402,,,,,,,,,,,,,,,,,,,93,10,1584,,,,,,,16,3,242,,,,,,,,,,,,,,,,,,,,,,,,,,,,1,3,774,9,3,543,,,,140,21,6988,,,,17,3,1840,,,,20,3,302,,,,32,3,5073,,,,,,,,,,,,,,,,,,,,,,,,,,,,,,,18,4,1221,,,,,,,,,,,,,,,,159,10,7375,,,,,,,,,,,,,,,,,,,,,,,,,8,4,1019,,,,,,,,,,,,,57,13,2199,,,,18,6,580,,,,,,,,,,8,3,502,,,,,,,,,,,,,,,,,,,,,,,,,,,,,,,,,,53,13,2181,,,,29,6,1150,13,3,168,,,,,,,,,,,,,22,3,1285,,,,,,,,,,,,,,,,,,,1,3,39,,,,,,,,,,,,,,,,,,,,,,,,,41,4,1586,,,,,,,,,,4,3,224,,,,,,,,,,,,,,,,,,,,,,,,,,,,,,,,,,,,,,,,,,,28,4,788,9,3,280,,,,,,,,,,,,,,,,,,,,,,,,,,,,,,,,,,,,,,,,,,,,,,,,,108,13,7426,,,,53,5,2921,8,3,201,16,3,629,,,,47,4,2131,,,,,,,,,,,,,,,,,,,,,,,,,,,,156,4,3905,,,,,,,,,,240,4,7761,59,8,1210,,,,11,3,1738,,,,,,,,,,749,10,13696,61,4,1181,13,3,158,,,,,,,,,,58,3,708,26,9,492,,,,,,,,,,,,,,,,,,,30,6,470,,,,,,,38,3,698,,,,,,,82,11,1825,,,,,,,,,,,,,,,,,,,,,,,,,,,,288,22,4967,264,14,4098,,,,,,,39,10,978,,,,23,5,1340,,,,,,,,,,,,,,,,,,,,,,27,6,511,,,,,,,,,,23,3,960,,,,,,,,,,,,,,,,,,,86,27,1119,,,,,,,,,,,,,53,5,1642,,,,11,3,111,,,,,,,,,,,,,,,
54085,Ritchie County,9,-81.05,39.17,1174.93,0.0,0.0,,,,16,4,603,37,7,1532,,,,,,,,,,,,,327,7,22207,,,,,,,,,,,,,,,,,,,,,,,,,,,,11,4,418,,,,,,,,,,,,,,,,,,,,,,,,,,,,,,,,,,,,,,,,,,,,,,,,,,,,,,,,,,,,,,,,,,,,,,,,,,,,,,,,,,,,,,,,,,,,,,,,,,,,,,,,,,,,,,,,,,,859,3,29160,,,,,,,,,,,,,,,,,,,,,,,,,,,,,,,,,,,,,,,,,,,,,,,,,,,,,,,,,,,,,,,,,,,,,,,,,,,,,,,,,,,,,,,,,,,,,,,,,,,,,,,,,,,,,,,,,,,,,,,,,,,,,,,,,,,,,,,,,,,,,,,,,,,,,,,,,,,,,,,,,,,,,,,,,,,,,,,,,,,,,,,,,,,,,,,,,,,,,,,,,,,,,,,,,,,,,,,,,,,,27,3,528,,,,,,,,,,,,,,,,,,,,,,,,,,,,,,,,,,,,,,,,,,,,,,,,,38,7,748,,,,,,,,,,,,,,,,,,,,,,,,,,,,,,,,,,,,,,,,,,,,,,75,6,3850,,,,,,,,,,,,,,,,,,,,,,,,,,,,,,,,,,,,,,,,,,,,,,,,,,,,,,,,,,,,,,,,,,,42,7,1185,,,,,,,,,,,,,,,,,,,,,,,,,,,,,,,,,,,,,,,,13,5,458,,,,,,,,,,,,,,,,,,,,,,,,,,,,,,,,,,,,,,,,,,,,,,,,,,,,,,,,,,,,,,,,,,,,,,,,,,,,,,,,,,,,,,,,,,,,,,,,,,,,,,,,,,,,,,,,,,,,,,,,,,,,,,,,,,,,,,,,,,,,,,,,,,,,,,,,,,,,,,,,,,,,,,,,,,,,,,,,,,,,,,,,,,,,,,,,,,,,,,,,,,,,,,,,,,,,,,,,,,,,,,,,,,,,,,,,,,,56,3,3347,,,,,,,,,,,,,,,,,,,,,,,,,,,,,,,,,,,,,,,,,,,,,,,,,,,,,,,,,,,,,,,,,,,,,,,,,,,,,,,,,,8,3,197,,,,,,,,,,,,,,,,,,,,,,,,,,,,,,,,,,,,,,,,,,,,,,,,,,,,,,,,,,,,,,,,,,,,,,,,,,,,,,,,,,,,,62,8,1246,106,4,1779,,,,,,,12,3,290,,,,,,,,,,,,,,,,,,,,,,,,,,,,,,,,,,,,,,,,,,,,,,,,,,,,,,,,,,,,,31,10,366,,,,,,,,,,,,,,,,,,,,,,,,,,,,,,,,,,,,
54089,Summers County,12,-80.85,37.63,952.47,0.0,0.0,10,3,244,,,,,,,,,,,,,,,,,,,,,,,,,,,,,,,,,,,,,,,,,,,2,3,71,,,,20,5,284,,,,,,,,,,,,,,,,,,,,,,,,,,,,,,,,,,,,,,,,,,,,,,,,,,,,,,,,,,,,,,,,,,,,,,,,,,,,,,,,,,,,,,,,,,,,,,,,,,,,,,,,,,,,,,,,,,,,,,,,,,,,,,,,,,,,,,,,,,,,,,,,,,,,,,,,,,,,,,,,,,,,,,,,,,,,,,,,,,,,,,,,,,,,,,,,,,,,,,,,,,,,,,,,,,,,,,,,,,,,,,,,,,,,,,,,,,,,,,,,,,,,,,,,,,,,,,,,,,,,,,,,,,,,,,,,,,,,,,,,,,,,,,,,,,,,,,,,,,,,,,,,,,,,,,,,,,,,,,,,,,,,,,,,,,,,,,,,,40,8,784,,,,,,,,,,,,,,,,,,,,,,,,,,,,,,,,,,,,,,,,,,,,,,,,,19,3,396,,,,,,,,,,,,,,,,,,,,,,,,,,,,,,,,,,,,,,,,,,,,,,,,,,,,,,,,,,,,,,,,,,,,,,,,,,,,,,,,,,,,,,,,,,,,,,,,,,,,,,,,,,,,,,,,,,,20,3,676,,,,,,,,,,,,,,,,,,,,,,,,,,,,,,,,,,,,,,,,30,3,1157,,,,,,,,,,,,,,,,,,,,,,,,,,,,,,,,,,,,,,,,,,,,,,,,,,,,17,3,526,,,,,,,,,,,,,,,,,,,,,,,,,,,,,,,,,,,,,,,,,,,,,,,,,,,,,,,,,,,,,,,,,,,,,,,,,,,,,,,,,,,,,,,,,,,,,,,,,,,,,,,,,,,,,,,,,,,,,,,,,,,,,,,,,,,,,,,,,,,,,,,,,,,,,,,,,,,,,,,,,,,,,,,,,,,,,,,,,,,,,,,,,,,,,,,,,,,,,,,,,,,,,,,,,,,12,4,295,,,,,,,3,3,118,,,,,,,,,,,,,,,,,,,,,,,,,,,,,,,,,,,,,,,,,,,,,,,,,,,,,,,,,,,,,,,,,,,,,,,,,,,,,,,,,,,,,,,,,,,,,,,,,,,,,,,,,,,,,,,,,,,,,,,,,,,,,,,,,,33,4,362,128,5,2010,,,,,,,,,,,,,,,,,,,,,,,,,,,,,,,,,,,,,,,,,,,,,,,,,13,3,418,,,,,,,,,,,,,,,,,,,28,12,322,,,,,,,,,,,,,,,,,,,,,,,,,,,,,,,,,,,,
54091,Taylor County,17,-99.88,32.28,454.95,0.0,0.0,,,,,,,,,,,,,,,,,,,,,,,,,,,,,,,,,,,,,,,,,,,,,,7,3,211,,,,,,,,,,7,3,365,,,,,,,,,,,,,,,,,,,,,,,,,,,,,,,,,,,,,,,,,,,11,4,386,,,,7,3,205,,,,,,,,,,,,,61,5,3007,,,,,,,,,,,,,,,,,,,,,,,,,,,,,,,,,,,,,,,,,,,,,,,,,,,,,,,,,,,,,,,,,,,,,,,,,,,,,,,,,,,,,,,,,,,,,,,,,,,,,,,,,,,,,,,,,,,,,,,,,,,,,,,,,,,,,,,,,,,,,,,,,,,,,,,,,,,,,,,,,,,,,,,,,,,,,,,,,,,,,,,,,,,,,,,,,,,,22,3,492,,,,,,,,,,,,,,,,,,,,,,,,,,,,,,,,,,,,,,,,,,,,,,,,,,,,,,,,,,,,,,,,,,,50,5,868,,,,,,,,,,,,,,,,,,,,,,,,,,,,,,,,,,,,,,,,,,,,,,,,,18,3,337,,,,,,,,,,,,,,,,,,,,,,,,,,,,,,,,,,,,,,,,,,,,,,17,5,451,,,,,,,,,,,,,,,,,,,,,,,,,,,,,,,,,,,,,,,,,,,,,,,,,,,,,,,,,,,,,,,,,,,,,,,,,,,,,,,,,,,,,,,,,,,,,,,,,,,,,,,,,,,,,6,3,336,,,,,,,,,,,,,,,,,,,,,,,,,,,,,,,,,,,,,,,,,,,,,,,,,,,,4,3,161,,,,,,,,,,,,,,,,,,,,,,,,,,,,,,,,,,,,,,,,,,,,,,,,,,,,,,,,,,,,,,,,,,,,,,,,,,,,,,,,,,,,,,,,,,,,,,,,,,,,,,,,,,,,,,,,,,,,,,,,,,,,,,,,,,27,5,549,,,,,,,,,,,,,,,,,,,,,,,,,,,,,,,,,,,,,,,,,,,,,,,,,,,,,,,28,3,1134,,,,,,,,,,16,4,864,,,,,,,,,,,,,,,,,,,63,3,4598,,,,,,,,,,,,,,,,,,,,,,,,,,,,,,,,,,,,,,,,,,,24,3,510,,,,,,,,,,,,,,,,49,4,897,,,,,,,,,,,,,,,,,,,,,,,,,,,,,,,,,,,,,,,,,,,,,,,,,,,,,,,,,,,,,,,,,,,42,5,630,125,10,1529,,,,,,,,,,,,,,,,,,,,,,,,,,,,,,,,,,,,,,,,,,,,,,,,,,,,,,,,,,,,,,,,,,,,,,36,20,300,,,,,,,,,,,,,,,,,,,,,,,,,,,,,,,,,,,,
54093,Tucker County,7,-79.56,39.13,1090.6,0.0,0.0,,,,,,,,,,,,,,,,,,,,,,,,,,,,,,,,,,,,,,,,,,,,,,30,9,1416,,,,3,4,104,,,,,,,,,,,,,,,,,,,,,,,,,,,,,,,,,,,,,,,,,,,,,,,,,,,,,,,,,,,,,,,,,,,,,,,,,,,,,,,,,,,,,,,,,,,,,,,,,,,,,,,,,,,,,,,,,,,,,,,,,,,,,,,,,,,,,,,,,,,,,,,,,,,,,,,,,,,,,,,,,,,,,,,,,,,,,,,,,,,,,,,,,,,,,,,,,,,,,,,,,,,,,,,,,,,,,,,,,,,,,,,,,,,,,,,,,,,,,,,,,,,,,,,,,,,,,,,,,,,,,,,,,,,,,,,,,,,,,,,,,,,,,,,,,,,,,,,,,,,,,,,,,,,,,,,,,,,,,,,,,,,,,,,,,,,,,,,,,40,5,656,,,,,,,,,,,,,,,,,,,,,,,,,,,,17,5,213,,,,,,,,,,,,,,,,,,,20,3,345,,,,,,,,,,,,,,,,,,,,,,,,,,,,,,,,,,,,,,,,,,,,,,,,,,,,,,,,,,,,,,,,,,,,,,,,,,,,,,,,,,,,,,,,,,,,,,,,,,,,,,,,,,,,,,,,,,,42,5,1451,,,,,,,,,,,,,,,,,,,,,,,,,,,,,,,,,,,,,,,,,,,,,,,,,,,,,,,,,,24,4,888,,,,,,,,,,,,,,,,,,,,,,,,,,,,,,,,,,,,,,,,,,,,,,,,,,,,,,,,,,,,,,,,,,,,,,,,,,,,,,,,,,,,,,,,,,,,,,,,,,,,,,,,,,,,,,,,,,,,,,,,,,,,,,,,,,,,,,,,,,,,,,,,,,,,,,,,,,,,,,,,,,,,,,,,,,,,,,,,,,,,,,,,,,,,,,,,,,,,,,,,,,,,,,,,,,,,,,,,,,,,,,,,,,,,,,,,,,,,,,,,,,,,,,,,,,,,,,,,,,,,,,,,,,,,,,,,,,,,,,,,,,,,,,,,,,,,,,,,,,,,,,,,,,,,,,,,,,,,,,,,,,,,,,,,,,,,,,,,,,,,,,,,,,,,,,,,,,,10,5,255,188,4,3756,,,,,,,,,,,,,,,,,,,,,,,,,,,,94,13,1650,55,5,680,,,,17,3,351,,,,,,,,,,,,,,,,,,,,,,,,,,,,,,,,,,,,,,,,,,,,,,,,,,,,,,,,,,,,,,,,9,4,206,,,,,,,,,,,,,,,,,,,,,,,,,,,,,,,,,,38,3,854
54095,Tyler County,8,-94.4,30.76,675.3,0.0,0.0,,,,,,,,,,,,,,,,,,,,,,,,,,,,,,,,,,,,,,,,,,,,,,,,,,,,6,3,196,,,,,,,,,,,,,,,,,,,,,,,,,,,,,,,,,,,,,,,,,,,,,,,,,,,,,,,,,,,,,,,,,,,,,,,,,,,,,,,,,,,,,,,,,,,,,,,,,,,,,,,,,,,,,,,,,,,,,,,,,,,,,,,,,,,,,,,,,,,,,,,,,,,,,,,,,,,,,,,,,,,,,,,,,,,,,,,,,,,,,,,,,,,,,,,,,,,,,,,,,,,,,,,,,,,,,,,,,,,,,,,,,,,,,,,,,,,,,,,,,,,,,,,,,,,,,,,,,,,,,,,,,,,,,,,,,,,,,,,,,,,,,,,,,,,,,,,,,,,,,,,,,,,,,,,,,,,,,,,,,,,,,,,,,,,,,,,,,24,4,368,,,,,,,,,,,,,,,,,,,,,,,,,,,,,,,,,,,,,,,,,,,,,,,,,,,,10,3,168,,,,,,,,,,,,,,,,,,,,,,,,,,,,,,,,,,,,,,,,,,,,,,,,,,,,,,,,,,,,,,,,,,,,,,,,,,,,,,,,,,,,,,,,,,,,,,,,,,,,,,,,,,,,,,,,32,3,1086,,,,,,,,,,,,,,,,,,,,,,,,,,,,,,,,,,,,,,,,,,,,,,,,,,,,,,,,,,,,,,,,,,,,,,,,,,,,,,,,,,,,,,,,,,,,,,,,,,,,,,,,,,,,,,,,,,,,,,,,,,,,,,,,,,,,,,,,,,,,,,,,,,,,,,,,,,,,,,,,,,,,,,,,,,,,,,,,,,,,,,,,,,,,,,,,,,,,,,,,,,,,,,,,,,,,,,,,,,,,,,,,,,,,,,,,,,,,,,,,,,,,,,,,,,,,,,,,,,,,,,,,,,,,,,,,,,,,,,,,,,,,,,,,,,,,,,,,,,,,,,,,,,,,,,,,,,,,,,,,,,,,,,,,,,,,,,,,,,,,28,3,840,,,,,,,,,,20,11,617,,,,,,,,,,,,,,,,,,,,,,,,,,,,,,,,,,,,,,,,,,,,,,,,,,,,,,,,,,,,,,,,,,,,,,,,,,,,,,,,,,,,,,,,,,,,,,33,3,282,61,5,953,,,,,,,,,,,,,,,,,,,,,,,,,,,,,,,,,,,,,,,,,,,,,,,,,,,,,,,,,,,,,,,,,,,,,,24,13,388,,,,,,,,,,,,,,,,,,,,,,,,,,,,,,,,,,,,
54103,Wetzel County,15,-80.65,39.61,935.89,2.94,0.03,17,3,631,3,3,84,28,3,3071,,,,,,,,,,,,,,,,,,,,,,,,,,,,,,,,,,,,,,,,,,,16,4,428,,,,,,,,,,,,,,,,,,,,,,,,,,,,,,,,,,,,,,,,,,,,,,,,,14,3,475,,,,,,,,,,,,,,,,,,,93,4,7749,,,,,,,,,,,,,,,,,,,,,,,,,,,,,,,,,,,,,,,,,,,,,,,,,,,,,,,,,,,,,,,,,,,,,,,,,,,,,,,,,,,,,,,,,,,,,,,,,,,,,,,,,,,,,,,,,,,,,,,,,,,,,,,,,,,,,,,,,,,,,,,,,,,,,,,,,,,,,,,,,,,,,,,,,,,,,,,,,,,,,,,,,,,,,,,,,,,,39,6,1004,29,3,884,,,,,,,,,,,,,,,,,,,,,,33,3,1019,47,3,1663,,,,,,,85,5,1585,,,,,,,,,,,,,,,,,,,,,,,,,,,,76,10,1575,,,,,,,,,,,,,,,,,,,,,,,,,,,,,,,,,,,,,,,,,,,,,,,,,56,7,998,,,,,,,,,,,,,,,,,,,23,4,464,,,,,,,,,,,,,,,,,,,,,,,,,,,,,,,78,5,8688,,,,,,,,,,,,,,,,,,,,,,,,,,,,,,,,,,,,,,,,,,,18,3,1647,,,,,,,,,,,,,,,,63,9,1807,,,,,,,,,,,,,,,,,,,,,,,,,,,,,,,,,,,,,,,,31,7,1338,,,,22,6,544,,,,,,,,,,,,,,,,,,,,,,,,,,,,,,,,,,,,,,,,,,,,,,,,,,,,,,,,,,,,,,,,,,,,,,,,,,,,,,,,,,,,,,,,,,,,,,,,,,,,,,,,,,,,,,,,,,,,,,,,,,,,,,,,,,,,,,,,,,,,,,,,,,,,,,,,,,,,,,,,,,,,,,,,,,,,,,,,,,,,,,,,,,,,,,,,,,,,,,,,,,,,,,,,,,,,,,,,,,,,,,,,,,,,,10,4,946,,,,37,5,1335,,,,,,,,,,,,,,,,,,,,,,58,3,1067,,,,,,,,,,,,,,,,,,,32,3,1320,,,,,,,,,,,,,,,,,,,,,,33,13,685,,,,182,4,4543,,,,,,,,,,,,,,,,,,,8,3,233,,,,,,,,,,,,,,,,,,,,,,,,,,,,,,,,,,,,,67,5,1326,,,,,,,,,,,,,,,,,,,,,,,,,,,,131,12,2168,219,13,3219,,,,,,,5,5,188,,,,14,3,300,,,,,,,,,,,,,,,,,,,,,,12,4,322,,,,,,,,,,27,5,430,,,,,,,,,,,,,,,,,,,38,14,565,,,,,,,,,,,,,,,,,,,21,8,237,,,,,,,53,4,136,,,,,,
54097,Upshur County,24,-94.93,32.73,918.73,1.63,0.12,13,3,303,,,,17,3,789,,,,,,,,,,,,,122,13,7030,,,,,,,,,,,,,,,,,,,,,,35,10,1253,,,,24,8,743,,,,76,4,4433,,,,,,,,,,,,,,,,,,,,,,,,,25,3,1826,,,,,,,,,,,,,26,6,1057,14,3,759,,,,,,,,,,,,,,,,,,,25,6,1635,2,3,17,,,,,,,,,,94,5,4417,,,,,,,,,,,,,,,,,,,,,,,,,,,,,,,,,,,,,,,,,,,,,,,,,,,,,,,,,,,,,,,,,,,,,,,,,,,,,,,,,,,,,,,,,,,,,,,,,,,,,,,,,,,,,,,,,,,,,,,,,,,,,,,,,,,,,,,,,,,,,,,,,,,,,,,,,,,,,,,,,,,,,,,,,,,,19,3,1085,,,,,,,31,4,810,29,4,867,,,,,,,,,,,,,,,,,,,,,,22,3,797,16,3,452,,,,37,3,1196,92,3,2448,,,,,,,,,,,,,45,5,2141,,,,,,,,,,,,,95,13,2048,,,,,,,,,,,,,,,,,,,,,,,,,,,,,,,,,,,,,,,,,,,,,,,,,56,5,756,,,,,,,,,,28,4,475,,,,25,4,1949,,,,12,5,391,,,,,,,,,,,,,,,,18,4,762,,,,62,9,2688,,,,,,,,,,,,,,,,,,,,,,,,,,,,,,,,,,,,,,,,,,,,,,,,,35,5,3004,,,,,,,,,,,,,,,,55,7,2678,,,,,,,,,,5,3,506,,,,,,,,,,,,,,,,,,,,,,,,,,,,17,5,683,,,,,,,,,,,,,,,,13,3,822,6,3,141,,,,,,,,,,,,,,,,,,,,,,,,,,,,,,,33,10,1454,,,,32,6,1361,,,,,,,,,,,,,,,,,,,,,,,,,,,,,,,,,,,,,,,,,,,,,,,,,,,,,,,,,,,,,,,,,,,,,,,,,,,,,,,,,,,,,,,,,,,,,,,,,,,,,,,,,,,,,,,,,,,,,,,,,,,,11,4,856,,,,,,,,,,,,,,,,,,,,,,,,,,,,,,,,,,,,,,,,,,,,,,,,,99,7,9273,,,,64,6,3095,,,,,,,,,,16,3,683,,,,,,,,,,,,,,,,,,,138,3,9257,,,,,,,,,,33,3,1451,,,,,,,,,,133,19,3595,,,,,,,,,,,,,,,,,,,,,,,,,,,,,,,,,,,,,113,13,2491,,,,,,,,,,,,,,,,,,,39,3,514,,,,,,,,,,,,,,,,23,5,465,,,,,,,,,,,,,,,,100,3,777,,,,,,,,,,187,20,3812,228,15,4030,,,,38,3,525,22,7,795,,,,,,,,,,,,,,,,,,,,,,,,,,,,,,,,,,,,,,,,20,3,898,,,,,,,,,,,,,,,,,,,63,23,955,,,,,,,,,,,,,,,,,,,19,5,144,8,3,352,,,,,,,,,,,,
54099,Wayne County,39,-88.42,38.43,1326.37,2.3,0.08,,,,,,,,,,,,,,,,,,,,,,,,,,,,,,,,,,,,,,,,,,,,,,,,,,,,9,7,400,,,,5,3,158,,,,,,,,,,,,,55,4,4271,,,,,,,,,,,,,,,,,,,,,,,,,129,6,5632,52,10,2710,,,,,,,,,,17,4,637,,,,,,,86,10,3766,,,,,,,,,,,,,,,,,,,,,,,,,,,,,,,,,,,,,,,,,,,,,,,,,,,,,,,,,,,,,,,,,,,,,,,,,,,,,,,,,,,,,,,,,,,,,,,,,,,,,,,,,,,,,,,,,,,,,,148,3,6423,,,,,,,,,,,,,,,,,,,,,,,,,,,,,,,,,,,,,,,,,,,,,,,,,,,,,,,,,,,,,,,,,,,8,4,218,,,,,,,46,5,1242,,,,,,,,,,,,,,,,,,,,,,,,,,,,120,4,3535,,,,,,,110,8,1905,15,3,284,,,,,,,24,4,411,110,10,3730,,,,,,,,,,,,,178,15,3121,,,,,,,,,,,,,,,,,,,,,,,,,,,,,,,,,,,,,,,,,,,,,,,,,65,8,1048,5,3,71,,,,,,,,,,,,,,,,15,3,412,,,,,,,,,,,,,,,,,,,,,,,,,31,4,1733,,,,,,,,,,20,4,861,,,,,,,,,,,,,,,,,,,,,,,,,,,,,,,,,,,,,10,3,1013,5,3,363,,,,,,,,,,,,,30,6,1106,,,,,,,,,,,,,,,,,,,,,,,,,,,,,,,,,,,,,,,,35,11,1484,,,,8,3,241,4,3,46,,,,,,,,,,9,3,466,,,,,,,,,,,,,,,,,,,,,,,,,,,,,,,3,3,158,,,,,,,,,,,,,,,,,,,,,,,,,,,,,,,,,,,,,,,,,,,,,,,,,,,,,,,,,,,,,,,,,,,,,,53,4,1850,,,,,,,128,5,6298,,,,,,,,,,,,,,,,,,,,,,,,,,,,,,,,,,,,,,,,,,,,,,,,,6,6,253,,,,,,,,,,,,,,,,,,,,,,,,,,,,,,,,,,,,,,,,,,,,,,,,,21,7,1591,,,,26,3,932,,,,16,3,421,,,,161,6,5578,,,,,,,,,,16,4,2441,,,,,,,211,8,15292,,,,,,,,,,,,,,,,,,,,,,,,,,,,,,,,,,,,,,,,,,,,,,,,,,,,,,,,,,,,,95,5,2186,,,,,,,,,,,,,,,,,,,66,11,1010,,,,,,,,,,,,,,,,14,3,176,,,,,,,,,,,,,,,,,,,,,,,,,22,6,289,305,12,5655,236,15,3760,,,,,,,11,6,399,,,,,,,,,,11,3,208,,,,,,,27,5,937,,,,,,,33,4,358,,,,,,,,,,12,3,660,,,,,,,,,,,,,,,,,,,74,22,984,,,,,,,,,,,,,,,,,,,14,3,167,,,,,,,,,,,,,,,
54101,Webster County,8,-84.55,32.05,1440.74,0.0,0.0,40,16,966,,,,,,,,,,,,,,,,,,,,,,,,,,,,,,,,,,,,,,,,,,,,,,,,,,,,,,,,,,,,,,,,,,,,,,,,,,,,,,,,,,,,,,,,,,,,,,,,,,,,,,,,,,,,,,,,,,,,,,,,,,,,,,,,,,,,,,,,88,3,3672,,,,,,,,,,,,,,,,,,,,,,,,,,,,,,,,,,,,,,,,,,,,,,,,,,,,,,,,,,,,,,,,,,,,,,,,,,,,,,,,,,,,,,,,,,,,,,,,,,,,,,,,,,,,,,,,,,,,,,,,,,,,,,,,,,,,,,,,,,,,,,,,,,,,,,,,,,,,,,,,,,,,,,,,,,,,,,,,,,,,,,,,,,,,,,,,,,,,,,,,,,,,,,,,,,,,,,,,,,,,,,,,,,,,,,,,,,,17,3,703,,,,,,,,,,,,,70,7,1215,,,,,,,,,,,,,,,,,,,,,,,,,,,,,,,,,,,,,,,,,,,,,,,,,,,,,,,,,,,,,,,,,,,,,,,,,,,,,,,,,,,,,,,,7,3,330,,,,,,,38,10,838,,,,,,,,,,,,,,,,,,,,,,,,,,,,,,,,,,,,,,,,,,,,,,,,,,,,,,,,,,,,,,,,,,,18,3,531,,,,,,,,,,,,,,,,,,,,,,,,,,,,,,,,,,,,,,,,,,,,,,,,,,,,,,,,,,,,,,,,,,,,,,,,,,,,,,,,,,,,,,,,,,,,,,,,,,,,,,,,,,,,,,,,,,,,,,,,,,,,,,,,,,,,,,,,,,,,,,,,,,,,,,,,,,,,,,,,,,,,,,,,,,,,,,,,,,,,,,,,,,,,,,,,,,,,,,,,,,,,,,,,,,,,,,,,,,,,,,,,,,,,,,,,,,,,,,,,,,,,,,,,,,,,,,,,,,,,,,,,,,,,,,,,,,,,,,,,,,,,,,,,,,,,,,,,,,,,,,,,,,,,,,,,,,,,63,3,3420,,,,,,,,,,,,,,,,,,,,,,,,,,,,,,,,,,,,,,,,,,,,,,,,,,,,,,,,,,,,,,,,,,,,,,,,,,,,,,,,,,,,,,,,,,,,,,,,,,,,,,,,,,,,,,,,,,,,,,,,,,,,,,,,,,25,4,305,,,,,,,,,,,,,,,,,,,,,,,,,,,,,,,,,,,,,,,,,,,,,,,,,,,,,,,,,,,,,,,,,,,,,,,,,9,6,81,,,,,,,,,,,,,,,,,,,,,,,,,,,,,,,,,,,,
54105,Wirt County,5,-81.36,39.03,608.01,0.0,0.0,,,,,,,,,,,,,,,,,,,,,,,,,,,,,,,,,,,,,,,,,,,,,,,,,,,,,,,,,,,,,,,,,,,,,,,,,,,,,,,,,,,,,,,,,,,,,,,,,,,,,,,,,,,,,,,,,,,,,,,,,,,,,,,,,,,,,,,,,,,,,,,,,,,,,,,,,,,,,,,,,,,,,,,,,,,,,,,,,,,,,,,,,,,,,,,,,,,,,,,,,,,,,,,,,,,,,,,,,,,,,,,,,,,,,,,,,,,,,,,,,,,,,,,,,,,,,,,,,,,,,,,,,,,,,,,,,,,,,,,,,,,,,,,,,,,,,,,,,,,,,,,,,,,,,,,,,,,,,,,,,,,,,,,,,,,,,,,,,,,,,,,,,,,,,,,,,,,,,,,,,,,,,,,,,,,,,,,,,,,,,,,,,,,,,,,,,,,,,,,,,,,,,,,,,,,,,,,,,,,,,,,,,,,,,,,,,,,,,,,,,,,,,,,,,,,,,,,,,,,,,,,,,,,,,,,,,,,,,,,,,1,3,42,,,,,,,,,,,,,,,,,,,,,,,,,,,,,,,,,,,,,,,,,,,,,,,,,,,,,,,,,,,,,,,,,,,,,,,,,,,,,,,,,,,,,,,,,,,,,,,,,,,,,,,,,,,,,,,,,,,,,,,,,,,,,,,,,,,,,,,,,,,,,,,,,,,,,,,,,,,,,,,,,,,,,,,,,,,,,,,,,,,,,,,,,,,,,,,,,,,,,,,,,,,,,,,,,,,,,,,,,,,,,,,,,,,,,,,,,,,,,,,,,,,,,,,,,,,,,,,,,,,,,,,,,,,,,,,,,,,,,,,,,,,,,,,,,,,,,,,,,,,,,,,,,,,,,,,,,,,,,,,,,,,,,,,,,,,,,,,,,,,,,,,,,,,,,,,,,,,,,,,,,,,,,,,,,,,,,,,,,,,,,,,,,,,,,,,,,,,,,,,,,,,,,,,,,,,,,,,,,,,,,,,,,,,,,,,,,,,,,,,,,,,,,,,,,,,,,,,,,,,,,,,,,,,,,,,,,,,,,,,,,,,,,,,,,,,,,,,,,,,,,,,,,,,,,,,,,,,,,,,,,,,,,,,,,,,,,,,,,,,,,,,,,,,,,,,,,,,,,,,,,,,,,,,,,,,,,,,,,,,,,,,,,,,,,,,,,,,,,,,,,6,4,78,,,,,,,,,,,,,,,,,,,,,,,,,,,,,,,,,,,,
54107,Wood County,85,-95.38,32.76,976.12,2.24,0.63,,,,86,3,10518,116,3,17135,,,,,,,,,,,,,45,7,1318,,,,,,,,,,,,,,,,,,,,,,61,18,1265,5,4,174,62,16,1868,,,,96,7,6786,,,,,,,237,5,9930,,,,,,,,,,,,,,,,,,,,,,86,7,5395,,,,,,,98,16,5610,98,13,4414,,,,7,3,295,12,4,354,7,3,231,,,,,,,44,10,1788,23,7,1833,,,,,,,,,,,,,,,,25,4,1012,,,,,,,,,,,,,,,,,,,,,,417,3,20195,,,,,,,,,,,,,,,,,,,,,,,,,30,3,925,,,,,,,,,,133,3,4945,,,,,,,,,,38,3,2348,,,,29,3,1537,,,,38,3,2224,,,,,,,,,,,,,,,,,,,,,,12,3,635,,,,,,,56,6,2593,44,5,2678,,,,,,,82,4,2878,,,,,,,,,,87,4,4033,,,,,,,,,,,,,,,,13,4,1152,561,9,39589,36,7,1457,27,3,1308,58,5,2286,130,15,3625,80,10,2470,72,7,3214,80,5,4153,,,,,,,11,3,501,459,3,11970,,,,58,6,1694,54,9,2149,8,4,217,,,,386,10,9721,11,4,234,,,,,,,20,5,630,185,15,7455,50,4,1034,27,4,784,31,4,510,15,6,721,365,42,8992,,,,,,,71,9,889,,,,294,11,4536,,,,,,,86,9,1338,32,7,1127,36,7,733,80,4,1841,,,,,,,21,4,499,301,4,4306,792,3,24007,312,21,5984,20,3,521,,,,56,6,734,51,8,945,,,,,,,34,5,597,40,9,1601,332,9,9123,,,,,,,18,4,1024,57,8,2619,,,,100,4,6852,97,7,5385,,,,,,,,,,17,4,586,,,,,,,141,3,6975,,,,187,4,10813,,,,,,,,,,,,,,,,,,,,,,154,10,10979,59,8,2866,,,,,,,,,,,,,381,33,20238,,,,94,8,3418,13,3,712,,,,,,,,,,22,7,4515,,,,30,7,3306,35,8,3514,,,,,,,,,,131,39,6774,,,,46,15,1468,18,8,1141,,,,,,,8,7,677,10,5,134,,,,23,7,1261,,,,19,3,339,23,3,1334,22,5,1122,23,3,1108,,,,9,3,555,,,,304,34,14935,18,6,937,114,14,4820,41,7,385,48,7,1698,,,,84,5,7334,,,,,,,,,,,,,4,3,245,13,3,821,29,3,1193,,,,25,9,2329,,,,,,,,,,,,,5,3,198,,,,,,,,,,148,7,4423,,,,,,,887,14,51061,,,,,,,713,10,11412,,,,,,,,,,,,,,,,,,,,,,,,,,,,,,,,,,37,4,1740,189,13,4795,152,16,7145,12,3,168,,,,89,7,2205,94,8,4944,,,,96,4,2154,139,3,3434,,,,,,,26,7,1307,,,,,,,,,,,,,,,,,,,714,63,98479,,,,253,25,14165,74,15,2323,46,9,1735,98,6,2380,129,22,5637,,,,22,4,1251,,,,630,10,23627,42,5,2499,,,,,,,8,3,269,,,,275,8,12715,,,,,,,,,,588,8,28550,283,23,6654,51,3,1623,,,,67,3,1637,4,3,195,98,7,3587,696,18,13903,48,7,1331,,,,77,6,1823,,,,,,,323,5,4986,154,21,2451,,,,,,,,,,,,,,,,,,,182,26,3557,71,4,1008,,,,127,9,1770,,,,7,3,85,252,19,4833,,,,,,,,,,,,,,,,33,3,778,25,4,475,,,,74,16,1164,1384,59,25242,1608,85,26321,,,,100,16,1639,53,21,1963,7,3,224,65,6,2200,,,,,,,5,3,40,49,5,1591,47,9,2172,,,,,,,121,21,3130,9,6,229,,,,19,3,386,92,7,2958,16,4,572,,,,,,,31,5,710,,,,,,,558,91,10274,,,,,,,,,,,,,,,,,,,115,21,1462,13,6,685,,,,42,13,1192,,,,,,
54109,Wyoming County,22,-76.02,41.52,1299.65,0.0,0.0,29,11,1008,,,,,,,,,,59,3,3657,,,,,,,,,,,,,,,,,,,,,,,,,,,,,,,8,4,141,,,,7,5,291,,,,,,,,,,,,,,,,,,,,,,,,,,,,,,,,,,,,,,,,,,,,,,,,,,,,,,,,,,,,,,,,,,,,,,48,6,3229,,,,,,,,,,,,,,,,,,,,,,,,,,,,,,,,,,,,,,,,,,,,,,,,,,,,,,,,,,,,,,,,,,,,,,,,,,,,,,,,,,,,,,,,,,,,,,,,,,,,,,,,,,,,,,,,,,,,,,,,,,,,,,,,,,,,,40,3,1958,,,,,,,,,,,,,,,,,,,,,,,,,,,,,,,,,,,,,,,,,,,,,,,,,,,,,,,,,,,,,26,6,767,,,,,,,,,,,,,,,,,,,,,,,,,,,,11,3,300,,,,,,,99,3,2523,,,,,,,,,,,,,70,9,2851,,,,,,,,,,,,,170,12,2899,,,,,,,,,,,,,,,,,,,,,,,,,,,,,,,,,,,,,,,,,,,,,,,,,41,6,853,,,,,,,,,,,,,,,,,,,,,,,,,,,,,,,,,,,,,,,,,,,,,,46,9,2261,,,,26,4,2399,,,,,,,,,,,,,,,,,,,,,,,,,,,,,,,,,,,,,,,,,,,7,3,641,,,,,,,,,,,,,,,,40,5,1332,,,,,,,,,,,,,,,,,,,,,,,,,,,,,,,,,,,,,,,,11,4,285,,,,8,3,240,,,,,,,,,,,,,,,,,,,,,,,,,,,,,,,,,,,,,,,,,,,,,,10,6,455,,,,,,,,,,,,,,,,,,,,,,,,,,,,,,,,,,,,,,,,,,,17,3,772,,,,,,,,,,,,,,,,,,,,,,,,,,,,,,,,,,,,,,,,,,,,,,,,,,,,,,,,,,,,,,,,,,,,,,,,,,,,,,,,,,,,,19,4,656,,,,,,,,,,,,,,,,,,,,,,,,,,,,,,,,,,,,,,,,,,,,,,,,,81,6,5084,,,,18,3,1034,,,,,,,,,,,,,,,,,,,,,,,,,,,,,,,,,,,,,,,,,,,,,,,,,,,,,,,,,,,,,,,,,,,,,,,,,304,3,5807,196,3,7009,,,,,,,,,,,,,,,,,,,,,,,,,,,,,,,,,,,,,,,,,,,,,,,,,,,,,,,,,,,,,,,,,,,,,,,,,,,,,,,,,,,,,127,12,2508,59,5,1307,,,,,,,13,6,319,,,,,,,,,,,,,,,,,,,,,,,,,,,,,,,,,,,,,,,,,,,,,,,,,,,,,,,,,,,,,22,16,242,,,,,,,,,,,,,,,,,,,,,,,,,,,,12,3,53,,,,,,
